name,toolchain,cache,alg,N,U,func,file,full,Ir/el,Dr/el,Dw/el,I1mr/el,D1mr/el,D1mw/el,ILmr/el,DLmr/el,DLmw/el,Bc/el,Bcm/el,Bi/el,Bim/el,DLm/el,D1m/el
main__gcc__E__alg_flat_n_1048576_u_1048576,gcc,E,flat,1048576,1048576,measured_call,counters.cpp,counters.cpp:measured_call [/home/user/conference-hardfest-algorithms/bench/deep/counters/build/counters_gcc],128.6681,21.168,11.0552,0.0001,1.236,1.0594,0.0001,0.4934,0.9204,15.1204,1.8401,0.0,0.0,1.4138,2.2954
main__gcc__E__alg_flat_n_1048576_u_1048576,gcc,E,flat,1048576,1048576,raw_hash_set,../../build/abseil-cpp/absl/container/internal/raw_hash_set.h,"../../build/abseil-cpp/absl/container/internal/raw_hash_set.h:alg_flat(std::vector<unsigned long, std::allocator<unsigned long> >&, Ctx const&)",68.8475,12.1672,8.0552,0.0001,0.0313,0.0156,0.0001,0.0254,0.0156,6.1204,0.0431,0.0,0.0,0.041,0.0469
main__gcc__E__alg_flat_n_1048576_u_1048576,gcc,E,flat,1048576,1048576,raw_hash_set,/usr/include/c++/13/bits/vector.tcc,"/usr/include/c++/13/bits/vector.tcc:void std::vector<unsigned long, std::allocator<unsigned long> >::_M_assign_aux<absl::lts_20260817::container_internal::raw_h",36.7867,5.0,1.0,0.0,0.1562,0.0625,0.0,0.1429,0.0625,8.0,1.797,0.0,0.0,0.2054,0.2187
main__gcc__E__alg_flat_n_1048576_u_1048576,gcc,E,flat,1048576,1048576,raw_hash_set,/usr/include/c++/13/bits/stl_algobase.h,/usr/include/c++/13/bits/stl_algobase.h:unsigned long* std::copy<absl::lts_20260817::container_internal::raw_hash_set<absl::lts_20260817::container_internal::Fl,19.3933,3.0,1.0,0.0,0.1406,0.0625,0.0,0.1385,0.0625,4.0,0.8985,0.0,0.0,0.201,0.2031
main__gcc__E__alg_flat_n_1048576_u_1048576,gcc,E,flat,1048576,1048576,operator new,???,???:operator new(unsigned long) [/usr/lib/x86_64-linux-gnu/libstdc++.so.6.0.33],0.0004,0.0001,0.0001,0.0,0.0,0.0,0.0,0.0,0.0,0.0001,0.0,0.0,0.0,0.0,0.0
main__gcc__E__alg_flat_n_1048576_u_1048576,gcc,E,flat,1048576,1048576,malloc,./malloc/./malloc/malloc.c,./malloc/./malloc/malloc.c:malloc [/usr/lib/x86_64-linux-gnu/libc.so.6],0.0004,0.0001,0.0,0.0,0.0,0.0,0.0,0.0,0.0,0.0001,0.0,0.0,0.0,0.0,0.0
main__gcc__E__alg_flat_n_1048576_u_1048576,gcc,E,flat,1048576,1048576,malloc,./malloc/./malloc/malloc.c,./malloc/./malloc/malloc.c:_int_malloc [/usr/lib/x86_64-linux-gnu/libc.so.6],0.0003,0.0001,0.0,0.0,0.0,0.0,0.0,0.0,0.0,0.0001,0.0,0.0,0.0,0.0,0.0
main__gcc__E__alg_flat_n_1048576_u_1048576,gcc,E,flat,1048576,1048576,malloc,./malloc/./malloc/malloc.c,./malloc/./malloc/malloc.c:sysmalloc_mmap.isra.0 [/usr/lib/x86_64-linux-gnu/libc.so.6],0.0001,0.0,0.0,0.0,0.0,0.0,0.0,0.0,0.0,0.0,0.0,0.0,0.0,0.0,0.0
main__gcc__E__alg_flat_n_1048576_u_1048576,gcc,E,flat,1048576,1048576,raw_hash_set,=> /usr/include/c++/13/bits/vector.tcc,"=> /usr/include/c++/13/bits/vector.tcc:void std::vector<unsigned long, std::allocator<unsigned long> >::_M_assign_aux<absl::lts_20260817::container_internal::ra",36.7867,5.0,1.0,0.0,0.1562,0.0625,0.0,0.1429,0.0625,8.0,1.797,0.0,0.0,0.2054,0.2187
main__gcc__E__alg_flat_n_1048576_u_1048576,gcc,E,flat,1048576,1048576,raw_hash_set,=> /usr/include/c++/13/bits/stl_algobase.h,=> /usr/include/c++/13/bits/stl_algobase.h:unsigned long* std::copy<absl::lts_20260817::container_internal::raw_hash_set<absl::lts_20260817::container_internal:,19.3933,3.0,1.0,0.0,0.1406,0.0625,0.0,0.1385,0.0625,4.0,0.8985,0.0,0.0,0.201,0.2031
main__gcc__E__alg_flat_n_1048576_u_524288,gcc,E,flat,1048576,524288,measured_call,counters.cpp,counters.cpp:measured_call [/home/user/conference-hardfest-algorithms/bench/deep/counters/build/counters_gcc],100.5234,15.576,7.0277,0.0001,1.7107,0.5419,0.0001,0.8642,0.473,12.5449,1.544,0.0,0.0,1.3372,2.2526
main__gcc__E__alg_flat_n_1048576_u_524288,gcc,E,flat,1048576,524288,raw_hash_set,../../build/abseil-cpp/absl/container/internal/raw_hash_set.h,"../../build/abseil-cpp/absl/container/internal/raw_hash_set.h:alg_flat(std::vector<unsigned long, std::allocator<unsigned long> >&, Ctx const&)",47.3522,8.0759,5.0277,0.0001,0.5086,0.0156,0.0001,0.409,0.0156,5.5449,0.357,0.0,0.0,0.4247,0.5242
main__gcc__E__alg_flat_n_1048576_u_524288,gcc,E,flat,1048576,524288,raw_hash_set,/usr/include/c++/13/bits/vector.tcc,"/usr/include/c++/13/bits/vector.tcc:void std::vector<unsigned long, std::allocator<unsigned long> >::_M_assign_aux<absl::lts_20260817::container_internal::raw_h",32.6628,4.5,0.5,0.0,0.154,0.0313,0.0,0.1399,0.0313,6.0,1.1871,0.0,0.0,0.1712,0.1853
main__gcc__E__alg_flat_n_1048576_u_524288,gcc,E,flat,1048576,524288,raw_hash_set,/usr/include/c++/13/bits/stl_algobase.h,/usr/include/c++/13/bits/stl_algobase.h:unsigned long* std::copy<absl::lts_20260817::container_internal::raw_hash_set<absl::lts_20260817::container_internal::Fl,16.8314,2.5,0.5,0.0,0.1384,0.0313,0.0,0.1356,0.0313,3.0,0.5935,0.0,0.0,0.1668,0.1697
main__gcc__E__alg_flat_n_1048576_u_524288,gcc,E,flat,1048576,524288,operator new,???,???:operator new(unsigned long) [/usr/lib/x86_64-linux-gnu/libstdc++.so.6.0.33],0.0003,0.0001,0.0,0.0,0.0,0.0,0.0,0.0,0.0,0.0,0.0,0.0,0.0,0.0,0.0
main__gcc__E__alg_flat_n_1048576_u_524288,gcc,E,flat,1048576,524288,malloc,./malloc/./malloc/malloc.c,./malloc/./malloc/malloc.c:malloc [/usr/lib/x86_64-linux-gnu/libc.so.6],0.0003,0.0001,0.0,0.0,0.0,0.0,0.0,0.0,0.0,0.0,0.0,0.0,0.0,0.0,0.0
main__gcc__E__alg_flat_n_1048576_u_524288,gcc,E,flat,1048576,524288,malloc,./malloc/./malloc/malloc.c,./malloc/./malloc/malloc.c:_int_malloc [/usr/lib/x86_64-linux-gnu/libc.so.6],0.0003,0.0001,0.0,0.0,0.0,0.0,0.0,0.0,0.0,0.0,0.0,0.0,0.0,0.0,0.0
main__gcc__E__alg_flat_n_1048576_u_524288,gcc,E,flat,1048576,524288,malloc,./malloc/./malloc/malloc.c,./malloc/./malloc/malloc.c:sysmalloc_mmap.isra.0 [/usr/lib/x86_64-linux-gnu/libc.so.6],0.0001,0.0,0.0,0.0,0.0,0.0,0.0,0.0,0.0,0.0,0.0,0.0,0.0,0.0,0.0
main__gcc__E__alg_flat_n_1048576_u_524288,gcc,E,flat,1048576,524288,raw_hash_set,=> /usr/include/c++/13/bits/vector.tcc,"=> /usr/include/c++/13/bits/vector.tcc:void std::vector<unsigned long, std::allocator<unsigned long> >::_M_assign_aux<absl::lts_20260817::container_internal::ra",32.6628,4.5,0.5,0.0,0.154,0.0313,0.0,0.1399,0.0313,6.0,1.1871,0.0,0.0,0.1712,0.1853
main__gcc__E__alg_flat_n_1048576_u_524288,gcc,E,flat,1048576,524288,raw_hash_set,=> /usr/include/c++/13/bits/stl_algobase.h,=> /usr/include/c++/13/bits/stl_algobase.h:unsigned long* std::copy<absl::lts_20260817::container_internal::raw_hash_set<absl::lts_20260817::container_internal:,16.8314,2.5,0.5,0.0,0.1384,0.0313,0.0,0.1356,0.0313,3.0,0.5935,0.0,0.0,0.1668,0.1697
main__gcc__E__alg_flat_phased_n_1048576_u_1048576,gcc,E,flat_phased,1048576,1048576,measured_call,counters.cpp,counters.cpp:measured_call [/home/user/conference-hardfest-algorithms/bench/deep/counters/build/counters_gcc],126.6687,21.1681,11.0553,0.0001,1.236,1.0594,0.0001,0.4934,0.9204,15.1205,1.8401,0.0,0.0,1.4138,2.2954
main__gcc__E__alg_flat_phased_n_1048576_u_1048576,gcc,E,flat_phased,1048576,1048576,phase_insert,counters.cpp,"counters.cpp:void phase_insert<absl::lts_20260817::flat_hash_set<unsigned long, absl::lts_20260817::hash_internal::Hash<unsigned long>, std::equal_to<unsigned l",89.8813,16.168,10.0552,0.0,1.0797,0.9969,0.0,0.3504,0.8579,7.1204,0.0431,0.0,0.0,1.2084,2.0766
main__gcc__E__alg_flat_phased_n_1048576_u_1048576,gcc,E,flat_phased,1048576,1048576,phase_insert,../../build/abseil-cpp/absl/container/internal/raw_hash_set.h,"../../build/abseil-cpp/absl/container/internal/raw_hash_set.h:void phase_insert<absl::lts_20260817::flat_hash_set<unsigned long, absl::lts_20260817::hash_intern",67.8473,12.1672,8.0552,0.0,0.0313,0.0156,0.0,0.0253,0.0156,6.1204,0.0431,0.0,0.0,0.041,0.0469
main__gcc__E__alg_flat_phased_n_1048576_u_1048576,gcc,E,flat_phased,1048576,1048576,phase_dump,counters.cpp,"counters.cpp:void phase_dump<absl::lts_20260817::flat_hash_set<unsigned long, absl::lts_20260817::hash_internal::Hash<unsigned long>, std::equal_to<unsigned lon",36.7867,5.0,1.0,0.0,0.1562,0.0625,0.0,0.1429,0.0625,8.0,1.797,0.0,0.0,0.2054,0.2187
main__gcc__E__alg_flat_phased_n_1048576_u_1048576,gcc,E,flat_phased,1048576,1048576,phase_dump,/usr/include/c++/13/bits/stl_vector.h,"/usr/include/c++/13/bits/stl_vector.h:void phase_dump<absl::lts_20260817::flat_hash_set<unsigned long, absl::lts_20260817::hash_internal::Hash<unsigned long>, s",36.7867,5.0,1.0,0.0,0.1562,0.0625,0.0,0.1429,0.0625,8.0,1.797,0.0,0.0,0.2054,0.2187
main__gcc__E__alg_flat_phased_n_1048576_u_1048576,gcc,E,flat_phased,1048576,1048576,raw_hash_set,/usr/include/c++/13/bits/vector.tcc,"/usr/include/c++/13/bits/vector.tcc:void std::vector<unsigned long, std::allocator<unsigned long> >::_M_assign_aux<absl::lts_20260817::container_internal::raw_h",36.7867,5.0,1.0,0.0,0.1562,0.0625,0.0,0.1429,0.0625,8.0,1.797,0.0,0.0,0.2054,0.2187
main__gcc__E__alg_flat_phased_n_1048576_u_1048576,gcc,E,flat_phased,1048576,1048576,raw_hash_set,/usr/include/c++/13/bits/stl_algobase.h,/usr/include/c++/13/bits/stl_algobase.h:unsigned long* std::copy<absl::lts_20260817::container_internal::raw_hash_set<absl::lts_20260817::container_internal::Fl,19.3933,3.0,1.0,0.0,0.1406,0.0625,0.0,0.1385,0.0625,4.0,0.8985,0.0,0.0,0.201,0.2031
main__gcc__E__alg_flat_phased_n_1048576_u_1048576,gcc,E,flat_phased,1048576,1048576,phase_insert,../../build/abseil-cpp/absl/hash/internal/hash.h,"../../build/abseil-cpp/absl/hash/internal/hash.h:void phase_insert<absl::lts_20260817::flat_hash_set<unsigned long, absl::lts_20260817::hash_internal::Hash<unsi",2.0,0.0,0.0,0.0,0.0,0.0,0.0,0.0,0.0,0.0,0.0,0.0,0.0,0.0,0.0
main__gcc__E__alg_flat_phased_n_1048576_u_1048576,gcc,E,flat_phased,1048576,1048576,phase_insert,../../build/abseil-cpp/absl/numeric/int128.h,"../../build/abseil-cpp/absl/numeric/int128.h:void phase_insert<absl::lts_20260817::flat_hash_set<unsigned long, absl::lts_20260817::hash_internal::Hash<unsigned",1.0,0.0,0.0,0.0,0.0,0.0,0.0,0.0,0.0,0.0,0.0,0.0,0.0,0.0,0.0
main__gcc__E__alg_flat_phased_n_1048576_u_1048576,gcc,E,flat_phased,1048576,1048576,phase_insert,../../build/abseil-cpp/absl/container/internal/hashtable_control_bytes.h,"../../build/abseil-cpp/absl/container/internal/hashtable_control_bytes.h:void phase_insert<absl::lts_20260817::flat_hash_set<unsigned long, absl::lts_20260817::",0.0312,0.0,0.0,0.0,0.0,0.0,0.0,0.0,0.0,0.0,0.0,0.0,0.0,0.0,0.0
main__gcc__E__alg_flat_phased_n_1048576_u_1048576,gcc,E,flat_phased,1048576,1048576,operator new,???,???:operator new(unsigned long) [/usr/lib/x86_64-linux-gnu/libstdc++.so.6.0.33],0.0009,0.0001,0.0001,0.0,0.0,0.0,0.0,0.0,0.0,0.0002,0.0,0.0,0.0,0.0,0.0
main__gcc__E__alg_flat_phased_n_1048576_u_1048576,gcc,E,flat_phased,1048576,1048576,malloc,./malloc/./malloc/malloc.c,./malloc/./malloc/malloc.c:malloc [/usr/lib/x86_64-linux-gnu/libc.so.6],0.0008,0.0001,0.0001,0.0,0.0,0.0,0.0,0.0,0.0,0.0002,0.0,0.0,0.0,0.0,0.0
main__gcc__E__alg_flat_phased_n_1048576_u_1048576,gcc,E,flat_phased,1048576,1048576,malloc,./malloc/./malloc/malloc.c,./malloc/./malloc/malloc.c:_int_malloc [/usr/lib/x86_64-linux-gnu/libc.so.6],0.0007,0.0001,0.0001,0.0,0.0,0.0,0.0,0.0,0.0,0.0002,0.0,0.0,0.0,0.0,0.0
main__gcc__E__alg_flat_phased_n_1048576_u_1048576,gcc,E,flat_phased,1048576,1048576,unique,/usr/include/c++/13/bits/unique_ptr.h,"/usr/include/c++/13/bits/unique_ptr.h:alg_flat_phased(std::vector<unsigned long, std::allocator<unsigned long> >&, Ctx const&)",0.0005,0.0001,0.0,0.0,0.0,0.0,0.0,0.0,0.0,0.0001,0.0,0.0,0.0,0.0,0.0
main__gcc__E__alg_flat_phased_n_1048576_u_1048576,gcc,E,flat_phased,1048576,1048576,malloc,./malloc/./malloc/malloc.c,./malloc/./malloc/malloc.c:sysmalloc_mmap.isra.0 [/usr/lib/x86_64-linux-gnu/libc.so.6],0.0001,0.0,0.0,0.0,0.0,0.0,0.0,0.0,0.0,0.0,0.0,0.0,0.0,0.0,0.0
main__gcc__E__alg_flat_phased_n_1048576_u_1048576,gcc,E,flat_phased,1048576,1048576,phase_insert,/usr/include/c++/13/bits/stl_iterator.h,"/usr/include/c++/13/bits/stl_iterator.h:void phase_insert<absl::lts_20260817::flat_hash_set<unsigned long, absl::lts_20260817::hash_internal::Hash<unsigned long",0.0,0.0,0.0,0.0,0.0,0.0,0.0,0.0,0.0,0.0,0.0,0.0,0.0,0.0,0.0
main__gcc__E__alg_flat_phased_n_1048576_u_1048576,gcc,E,flat_phased,1048576,1048576,phase_insert,../../build/abseil-cpp/absl/functional/function_ref.h,"../../build/abseil-cpp/absl/functional/function_ref.h:void phase_insert<absl::lts_20260817::flat_hash_set<unsigned long, absl::lts_20260817::hash_internal::Hash",0.0,0.0,0.0,0.0,0.0,0.0,0.0,0.0,0.0,0.0,0.0,0.0,0.0,0.0,0.0
main__gcc__E__alg_flat_phased_n_1048576_u_1048576,gcc,E,flat_phased,1048576,1048576,raw_hash_set,=> /usr/include/c++/13/bits/stl_algobase.h,=> /usr/include/c++/13/bits/stl_algobase.h:unsigned long* std::copy<absl::lts_20260817::container_internal::raw_hash_set<absl::lts_20260817::container_internal:,19.3933,3.0,1.0,0.0,0.1406,0.0625,0.0,0.1385,0.0625,4.0,0.8985,0.0,0.0,0.201,0.2031
main__gcc__E__alg_flat_phased_n_1048576_u_1048576,gcc,E,flat_phased,1048576,1048576,raw_hash_set,=> /usr/include/c++/13/bits/vector.tcc,"=> /usr/include/c++/13/bits/vector.tcc:void std::vector<unsigned long, std::allocator<unsigned long> >::_M_assign_aux<absl::lts_20260817::container_internal::ra",36.7867,5.0,1.0,0.0,0.1562,0.0625,0.0,0.1429,0.0625,8.0,1.797,0.0,0.0,0.2054,0.2187
main__gcc__E__alg_flat_phased_n_1048576_u_1048576,gcc,E,flat_phased,1048576,1048576,phase_insert,=> counters.cpp,"=> counters.cpp:void phase_insert<absl::lts_20260817::flat_hash_set<unsigned long, absl::lts_20260817::hash_internal::Hash<unsigned long>, std::equal_to<unsigne",89.8813,16.168,10.0552,0.0,1.0797,0.9969,0.0,0.3504,0.8579,7.1204,0.0431,0.0,0.0,1.2084,2.0766
main__gcc__E__alg_flat_phased_n_1048576_u_1048576,gcc,E,flat_phased,1048576,1048576,phase_dump,=> counters.cpp,"=> counters.cpp:void phase_dump<absl::lts_20260817::flat_hash_set<unsigned long, absl::lts_20260817::hash_internal::Hash<unsigned long>, std::equal_to<unsigned ",36.7867,5.0,1.0,0.0,0.1562,0.0625,0.0,0.1429,0.0625,8.0,1.797,0.0,0.0,0.2054,0.2187
main__gcc__E__alg_flat_phased_n_1048576_u_524288,gcc,E,flat_phased,1048576,524288,measured_call,counters.cpp,counters.cpp:measured_call [/home/user/conference-hardfest-algorithms/bench/deep/counters/build/counters_gcc],99.5237,15.576,7.0277,0.0001,1.7107,0.5419,0.0001,0.8642,0.473,12.5449,1.5441,0.0,0.0,1.3372,2.2526
main__gcc__E__alg_flat_phased_n_1048576_u_524288,gcc,E,flat_phased,1048576,524288,phase_insert,counters.cpp,"counters.cpp:void phase_insert<absl::lts_20260817::flat_hash_set<unsigned long, absl::lts_20260817::hash_internal::Hash<unsigned long>, std::equal_to<unsigned l",66.8604,11.0759,6.5277,0.0,1.5567,0.5107,0.0,0.7242,0.4417,6.5449,0.357,0.0,0.0,1.166,2.0673
main__gcc__E__alg_flat_phased_n_1048576_u_524288,gcc,E,flat_phased,1048576,524288,phase_insert,../../build/abseil-cpp/absl/container/internal/raw_hash_set.h,"../../build/abseil-cpp/absl/container/internal/raw_hash_set.h:void phase_insert<absl::lts_20260817::flat_hash_set<unsigned long, absl::lts_20260817::hash_intern",46.852,8.0759,5.0276,0.0,0.5085,0.0156,0.0,0.409,0.0156,5.5449,0.357,0.0,0.0,0.4247,0.5242
main__gcc__E__alg_flat_phased_n_1048576_u_524288,gcc,E,flat_phased,1048576,524288,phase_dump,counters.cpp,"counters.cpp:void phase_dump<absl::lts_20260817::flat_hash_set<unsigned long, absl::lts_20260817::hash_internal::Hash<unsigned long>, std::equal_to<unsigned lon",32.6628,4.5,0.5,0.0,0.154,0.0313,0.0,0.1399,0.0313,6.0,1.1871,0.0,0.0,0.1712,0.1853
main__gcc__E__alg_flat_phased_n_1048576_u_524288,gcc,E,flat_phased,1048576,524288,phase_dump,/usr/include/c++/13/bits/stl_vector.h,"/usr/include/c++/13/bits/stl_vector.h:void phase_dump<absl::lts_20260817::flat_hash_set<unsigned long, absl::lts_20260817::hash_internal::Hash<unsigned long>, s",32.6628,4.5,0.5,0.0,0.154,0.0313,0.0,0.1399,0.0313,6.0,1.1871,0.0,0.0,0.1712,0.1853
main__gcc__E__alg_flat_phased_n_1048576_u_524288,gcc,E,flat_phased,1048576,524288,raw_hash_set,/usr/include/c++/13/bits/vector.tcc,"/usr/include/c++/13/bits/vector.tcc:void std::vector<unsigned long, std::allocator<unsigned long> >::_M_assign_aux<absl::lts_20260817::container_internal::raw_h",32.6628,4.5,0.5,0.0,0.154,0.0313,0.0,0.1399,0.0313,6.0,1.1871,0.0,0.0,0.1712,0.1853
main__gcc__E__alg_flat_phased_n_1048576_u_524288,gcc,E,flat_phased,1048576,524288,raw_hash_set,/usr/include/c++/13/bits/stl_algobase.h,/usr/include/c++/13/bits/stl_algobase.h:unsigned long* std::copy<absl::lts_20260817::container_internal::raw_hash_set<absl::lts_20260817::container_internal::Fl,16.8314,2.5,0.5,0.0,0.1384,0.0313,0.0,0.1356,0.0313,3.0,0.5935,0.0,0.0,0.1668,0.1697
main__gcc__E__alg_flat_phased_n_1048576_u_524288,gcc,E,flat_phased,1048576,524288,phase_insert,../../build/abseil-cpp/absl/hash/internal/hash.h,"../../build/abseil-cpp/absl/hash/internal/hash.h:void phase_insert<absl::lts_20260817::flat_hash_set<unsigned long, absl::lts_20260817::hash_internal::Hash<unsi",2.0,0.0,0.0,0.0,0.0,0.0,0.0,0.0,0.0,0.0,0.0,0.0,0.0,0.0,0.0
main__gcc__E__alg_flat_phased_n_1048576_u_524288,gcc,E,flat_phased,1048576,524288,phase_insert,../../build/abseil-cpp/absl/numeric/int128.h,"../../build/abseil-cpp/absl/numeric/int128.h:void phase_insert<absl::lts_20260817::flat_hash_set<unsigned long, absl::lts_20260817::hash_internal::Hash<unsigned",1.0,0.0,0.0,0.0,0.0,0.0,0.0,0.0,0.0,0.0,0.0,0.0,0.0,0.0,0.0
main__gcc__E__alg_flat_phased_n_1048576_u_524288,gcc,E,flat_phased,1048576,524288,phase_insert,../../build/abseil-cpp/absl/container/internal/hashtable_control_bytes.h,"../../build/abseil-cpp/absl/container/internal/hashtable_control_bytes.h:void phase_insert<absl::lts_20260817::flat_hash_set<unsigned long, absl::lts_20260817::",0.0084,0.0,0.0,0.0,0.0,0.0,0.0,0.0,0.0,0.0,0.0,0.0,0.0,0.0,0.0
main__gcc__E__alg_flat_phased_n_1048576_u_524288,gcc,E,flat_phased,1048576,524288,operator new,???,???:operator new(unsigned long) [/usr/lib/x86_64-linux-gnu/libstdc++.so.6.0.33],0.0005,0.0001,0.0001,0.0,0.0,0.0,0.0,0.0,0.0,0.0001,0.0,0.0,0.0,0.0,0.0
main__gcc__E__alg_flat_phased_n_1048576_u_524288,gcc,E,flat_phased,1048576,524288,malloc,./malloc/./malloc/malloc.c,./malloc/./malloc/malloc.c:malloc [/usr/lib/x86_64-linux-gnu/libc.so.6],0.0005,0.0001,0.0001,0.0,0.0,0.0,0.0,0.0,0.0,0.0001,0.0,0.0,0.0,0.0,0.0
main__gcc__E__alg_flat_phased_n_1048576_u_524288,gcc,E,flat_phased,1048576,524288,malloc,./malloc/./malloc/malloc.c,./malloc/./malloc/malloc.c:_int_malloc [/usr/lib/x86_64-linux-gnu/libc.so.6],0.0004,0.0001,0.0,0.0,0.0,0.0,0.0,0.0,0.0,0.0001,0.0,0.0,0.0,0.0,0.0
main__gcc__E__alg_flat_phased_n_1048576_u_524288,gcc,E,flat_phased,1048576,524288,unique,/usr/include/c++/13/bits/unique_ptr.h,"/usr/include/c++/13/bits/unique_ptr.h:alg_flat_phased(std::vector<unsigned long, std::allocator<unsigned long> >&, Ctx const&)",0.0002,0.0,0.0,0.0,0.0,0.0,0.0,0.0,0.0,0.0,0.0,0.0,0.0,0.0,0.0
main__gcc__E__alg_flat_phased_n_1048576_u_524288,gcc,E,flat_phased,1048576,524288,malloc,./malloc/./malloc/malloc.c,./malloc/./malloc/malloc.c:sysmalloc_mmap.isra.0 [/usr/lib/x86_64-linux-gnu/libc.so.6],0.0001,0.0,0.0,0.0,0.0,0.0,0.0,0.0,0.0,0.0,0.0,0.0,0.0,0.0,0.0
main__gcc__E__alg_flat_phased_n_1048576_u_524288,gcc,E,flat_phased,1048576,524288,phase_insert,/usr/include/c++/13/bits/stl_iterator.h,"/usr/include/c++/13/bits/stl_iterator.h:void phase_insert<absl::lts_20260817::flat_hash_set<unsigned long, absl::lts_20260817::hash_internal::Hash<unsigned long",0.0,0.0,0.0,0.0,0.0,0.0,0.0,0.0,0.0,0.0,0.0,0.0,0.0,0.0,0.0
main__gcc__E__alg_flat_phased_n_1048576_u_524288,gcc,E,flat_phased,1048576,524288,phase_insert,../../build/abseil-cpp/absl/functional/function_ref.h,"../../build/abseil-cpp/absl/functional/function_ref.h:void phase_insert<absl::lts_20260817::flat_hash_set<unsigned long, absl::lts_20260817::hash_internal::Hash",0.0,0.0,0.0,0.0,0.0,0.0,0.0,0.0,0.0,0.0,0.0,0.0,0.0,0.0,0.0
main__gcc__E__alg_flat_phased_n_1048576_u_524288,gcc,E,flat_phased,1048576,524288,raw_hash_set,=> /usr/include/c++/13/bits/vector.tcc,"=> /usr/include/c++/13/bits/vector.tcc:void std::vector<unsigned long, std::allocator<unsigned long> >::_M_assign_aux<absl::lts_20260817::container_internal::ra",32.6628,4.5,0.5,0.0,0.154,0.0313,0.0,0.1399,0.0313,6.0,1.1871,0.0,0.0,0.1712,0.1853
main__gcc__E__alg_flat_phased_n_1048576_u_524288,gcc,E,flat_phased,1048576,524288,raw_hash_set,=> /usr/include/c++/13/bits/stl_algobase.h,=> /usr/include/c++/13/bits/stl_algobase.h:unsigned long* std::copy<absl::lts_20260817::container_internal::raw_hash_set<absl::lts_20260817::container_internal:,16.8314,2.5,0.5,0.0,0.1384,0.0313,0.0,0.1356,0.0313,3.0,0.5935,0.0,0.0,0.1668,0.1697
main__gcc__E__alg_flat_phased_n_1048576_u_524288,gcc,E,flat_phased,1048576,524288,phase_insert,=> counters.cpp,"=> counters.cpp:void phase_insert<absl::lts_20260817::flat_hash_set<unsigned long, absl::lts_20260817::hash_internal::Hash<unsigned long>, std::equal_to<unsigne",66.8604,11.0759,6.5277,0.0,1.5567,0.5107,0.0,0.7242,0.4417,6.5449,0.357,0.0,0.0,1.166,2.0673
main__gcc__E__alg_flat_phased_n_1048576_u_524288,gcc,E,flat_phased,1048576,524288,phase_dump,=> counters.cpp,"=> counters.cpp:void phase_dump<absl::lts_20260817::flat_hash_set<unsigned long, absl::lts_20260817::hash_internal::Hash<unsigned long>, std::equal_to<unsigned ",32.6628,4.5,0.5,0.0,0.154,0.0313,0.0,0.1399,0.0313,6.0,1.1871,0.0,0.0,0.1712,0.1853
main__gcc__E__alg_radix_n_1048576_u_1048576,gcc,E,radix,1048576,1048576,measured_call,counters.cpp,counters.cpp:measured_call [/home/user/conference-hardfest-algorithms/bench/deep/counters/build/counters_gcc],125.0144,19.0024,24.0032,0.0001,0.6261,1.1695,0.0001,0.6101,0.4868,11.0032,0.0002,0.0,0.0,1.0969,1.7956
main__gcc__E__alg_radix_n_1048576_u_1048576,gcc,E,radix,1048576,1048576,unique,/usr/include/c++/13/bits/stl_iterator.h,"/usr/include/c++/13/bits/stl_iterator.h:__gnu_cxx::__normal_iterator<unsigned long*, std::vector<unsigned long, std::allocator<unsigned long> > > std::__unique<",2.0,0.0,0.0,0.0,0.0,0.0,0.0,0.0,0.0,0.0,0.0,0.0,0.0,0.0,0.0
main__gcc__E__alg_radix_n_1048576_u_1048576,gcc,E,radix,1048576,1048576,operator new,???,???:operator new[](unsigned long) [/usr/lib/x86_64-linux-gnu/libstdc++.so.6.0.33],0.0013,0.0004,0.0002,0.0001,0.0,0.0,0.0001,0.0,0.0,0.0002,0.0001,0.0,0.0,0.0001,0.0001
main__gcc__E__alg_radix_n_1048576_u_1048576,gcc,E,radix,1048576,1048576,operator new,???,???:operator new(unsigned long) [/usr/lib/x86_64-linux-gnu/libstdc++.so.6.0.33],0.0007,0.0001,0.0001,0.0001,0.0,0.0,0.0001,0.0,0.0,0.0001,0.0,0.0,0.0,0.0,0.0
main__gcc__E__alg_radix_n_1048576_u_1048576,gcc,E,radix,1048576,1048576,malloc,./malloc/./malloc/malloc.c,./malloc/./malloc/malloc.c:malloc [/usr/lib/x86_64-linux-gnu/libc.so.6],0.0007,0.0001,0.0001,0.0001,0.0,0.0,0.0001,0.0,0.0,0.0001,0.0,0.0,0.0,0.0,0.0
main__gcc__E__alg_radix_n_1048576_u_1048576,gcc,E,radix,1048576,1048576,malloc,./malloc/./malloc/malloc.c,./malloc/./malloc/malloc.c:_int_malloc [/usr/lib/x86_64-linux-gnu/libc.so.6],0.0006,0.0001,0.0001,0.0,0.0,0.0,0.0,0.0,0.0,0.0001,0.0,0.0,0.0,0.0,0.0
main__gcc__E__alg_radix_n_1048576_u_1048576,gcc,E,radix,1048576,1048576,malloc,./malloc/./malloc/malloc.c,./malloc/./malloc/malloc.c:_int_free [/usr/lib/x86_64-linux-gnu/libc.so.6],0.0003,0.0001,0.0,0.0,0.0,0.0,0.0,0.0,0.0,0.0,0.0,0.0,0.0,0.0,0.0
main__gcc__E__alg_radix_n_1048576_u_1048576,gcc,E,radix,1048576,1048576,unique,/usr/include/c++/13/bits/unique_ptr.h,"/usr/include/c++/13/bits/unique_ptr.h:alg_radix(std::vector<unsigned long, std::allocator<unsigned long> >&, Ctx const&)",0.0002,0.0001,0.0,0.0,0.0,0.0,0.0,0.0,0.0,0.0,0.0,0.0,0.0,0.0,0.0
main__gcc__E__alg_radix_n_1048576_u_1048576,gcc,E,radix,1048576,1048576,operator delete,???,???:operator delete[](void*) [/usr/lib/x86_64-linux-gnu/libstdc++.so.6.0.33],0.0002,0.0,0.0,0.0,0.0,0.0,0.0,0.0,0.0,0.0,0.0,0.0,0.0,0.0,0.0
main__gcc__E__alg_radix_n_1048576_u_1048576,gcc,E,radix,1048576,1048576,operator delete,???,???:operator delete(void*) [/usr/lib/x86_64-linux-gnu/libstdc++.so.6.0.33],0.0002,0.0,0.0,0.0,0.0,0.0,0.0,0.0,0.0,0.0,0.0,0.0,0.0,0.0,0.0
main__gcc__E__alg_radix_n_1048576_u_1048576,gcc,E,radix,1048576,1048576,malloc,./malloc/./malloc/malloc.c,./malloc/./malloc/malloc.c:free [/usr/lib/x86_64-linux-gnu/libc.so.6],0.0002,0.0,0.0,0.0,0.0,0.0,0.0,0.0,0.0,0.0,0.0,0.0,0.0,0.0,0.0
main__gcc__E__alg_radix_n_1048576_u_1048576,gcc,E,radix,1048576,1048576,malloc,./malloc/./malloc/morecore.c,./malloc/./malloc/morecore.c:__glibc_morecore [/usr/lib/x86_64-linux-gnu/libc.so.6],0.0001,0.0,0.0,0.0,0.0,0.0,0.0,0.0,0.0,0.0,0.0,0.0,0.0,0.0,0.0
main__gcc__E__alg_radix_n_1048576_u_524288,gcc,E,radix,1048576,524288,measured_call,counters.cpp,counters.cpp:measured_call [/home/user/conference-hardfest-algorithms/bench/deep/counters/build/counters_gcc],126.5139,18.0023,24.5031,0.0001,0.6257,0.8896,0.0001,0.6071,0.5001,11.0031,0.4298,0.0,0.0,1.1072,1.5152
main__gcc__E__alg_radix_n_1048576_u_524288,gcc,E,radix,1048576,524288,unique,/usr/include/c++/13/bits/stl_algo.h,"/usr/include/c++/13/bits/stl_algo.h:__gnu_cxx::__normal_iterator<unsigned long*, std::vector<unsigned long, std::allocator<unsigned long> > > std::__unique<__gn",8.5,1.0,0.5,0.0,0.0625,0.0309,0.0,0.0585,0.0098,2.0,0.4297,0.0,0.0,0.0683,0.0934
main__gcc__E__alg_radix_n_1048576_u_524288,gcc,E,radix,1048576,524288,unique,/usr/include/c++/13/bits/stl_iterator.h,"/usr/include/c++/13/bits/stl_iterator.h:__gnu_cxx::__normal_iterator<unsigned long*, std::vector<unsigned long, std::allocator<unsigned long> > > std::__unique<",1.0,0.0,0.0,0.0,0.0,0.0,0.0,0.0,0.0,0.0,0.0,0.0,0.0,0.0,0.0
main__gcc__E__alg_radix_n_1048576_u_524288,gcc,E,radix,1048576,524288,operator new,???,???:operator new[](unsigned long) [/usr/lib/x86_64-linux-gnu/libstdc++.so.6.0.33],0.0009,0.0003,0.0002,0.0001,0.0,0.0,0.0001,0.0,0.0,0.0001,0.0,0.0,0.0,0.0001,0.0001
main__gcc__E__alg_radix_n_1048576_u_524288,gcc,E,radix,1048576,524288,operator new,???,???:operator new(unsigned long) [/usr/lib/x86_64-linux-gnu/libstdc++.so.6.0.33],0.0003,0.0001,0.0,0.0,0.0,0.0,0.0,0.0,0.0,0.0,0.0,0.0,0.0,0.0,0.0
main__gcc__E__alg_radix_n_1048576_u_524288,gcc,E,radix,1048576,524288,malloc,./malloc/./malloc/malloc.c,./malloc/./malloc/malloc.c:malloc [/usr/lib/x86_64-linux-gnu/libc.so.6],0.0003,0.0001,0.0,0.0,0.0,0.0,0.0,0.0,0.0,0.0,0.0,0.0,0.0,0.0,0.0
main__gcc__E__alg_radix_n_1048576_u_524288,gcc,E,radix,1048576,524288,malloc,./malloc/./malloc/malloc.c,./malloc/./malloc/malloc.c:_int_malloc [/usr/lib/x86_64-linux-gnu/libc.so.6],0.0003,0.0001,0.0,0.0,0.0,0.0,0.0,0.0,0.0,0.0,0.0,0.0,0.0,0.0,0.0
main__gcc__E__alg_radix_n_1048576_u_524288,gcc,E,radix,1048576,524288,malloc,./malloc/./malloc/malloc.c,./malloc/./malloc/malloc.c:sysmalloc_mmap.isra.0 [/usr/lib/x86_64-linux-gnu/libc.so.6],0.0001,0.0,0.0,0.0,0.0,0.0,0.0,0.0,0.0,0.0,0.0,0.0,0.0,0.0,0.0
main__gcc__E__alg_radix_n_1048576_u_524288,gcc,E,radix,1048576,524288,unique,,"__unique(_ForwardIterator __first, _ForwardIterator __last,",1.0,0.0,0.0,0.0,0.0,0.0,0.0,0.0,0.0,0.0,0.0,0.0,0.0,0.0,0.0
main__gcc__E__alg_radix_n_1048576_u_524288,gcc,E,radix,1048576,524288,unique,=> /usr/include/c++/13/bits/stl_algo.h,"=> /usr/include/c++/13/bits/stl_algo.h:__gnu_cxx::__normal_iterator<unsigned long*, std::vector<unsigned long, std::allocator<unsigned long> > > std::__unique<_",8.5,1.0,0.5,0.0,0.0625,0.0309,0.0,0.0585,0.0098,2.0,0.4297,0.0,0.0,0.0683,0.0934
main__gcc__E__alg_sort_n_1048576_u_1048576,gcc,E,sort,1048576,1048576,__introsort_loop,/usr/include/c++/13/bits/stl_iterator.h,"/usr/include/c++/13/bits/stl_iterator.h:void std::__introsort_loop<__gnu_cxx::__normal_iterator<unsigned long*, std::vector<unsigned long, std::allocator<unsign",621.5116,128.1539,44.6575,0.0,1.443,0.0096,0.0,0.0773,0.0001,126.8396,40.8173,0.0,0.0,0.0774,1.4526
main__gcc__E__alg_sort_n_1048576_u_1048576,gcc,E,sort,1048576,1048576,__introsort_loop,/usr/include/c++/13/bits/stl_algo.h,"/usr/include/c++/13/bits/stl_algo.h:void std::__introsort_loop<__gnu_cxx::__normal_iterator<unsigned long*, std::vector<unsigned long, std::allocator<unsigned l",572.0944,105.7234,37.3439,0.0,0.9675,0.0096,0.0,0.0125,0.0001,126.8396,40.8173,0.0,0.0,0.0126,0.9771
main__gcc__E__alg_sort_n_1048576_u_1048576,gcc,E,sort,1048576,1048576,measured_call,counters.cpp,counters.cpp:measured_call [/home/user/conference-hardfest-algorithms/bench/deep/counters/build/counters_gcc],151.4273,31.3362,12.1577,0.0,0.6961,0.0011,0.0,0.224,0.0,31.2047,8.8107,0.0,0.0,0.224,0.6972
main__gcc__E__alg_sort_n_1048576_u_1048576,gcc,E,sort,1048576,1048576,__sort,/usr/include/c++/13/bits/stl_algo.h,"/usr/include/c++/13/bits/stl_algo.h:void std::__sort<__gnu_cxx::__normal_iterator<unsigned long*, std::vector<unsigned long, std::allocator<unsigned long> > >, ",144.4273,29.3362,12.1577,0.0,0.6336,0.0011,0.0,0.1615,0.0,29.2047,8.8107,0.0,0.0,0.1615,0.6347
main__gcc__E__alg_sort_n_1048576_u_1048576,gcc,E,sort,1048576,1048576,__introsort_loop,/usr/include/c++/13/bits/stl_iterator.h,"/usr/include/c++/13/bits/stl_iterator.h:void std::__introsort_loop<__gnu_cxx::__normal_iterator<unsigned long*, std::vector<unsigned long, std::allocator<unsign",118.2882,24.6463,8.4679,0.0,0.5716,0.0011,0.0,0.1302,0.0,24.5148,7.7293,0.0,0.0,0.1303,0.5727
main__gcc__E__alg_sort_n_1048576_u_1048576,gcc,E,sort,1048576,1048576,__introsort_loop,/usr/include/c++/13/bits/stl_algo.h,"/usr/include/c++/13/bits/stl_algo.h:void std::__introsort_loop<__gnu_cxx::__normal_iterator<unsigned long*, std::vector<unsigned long, std::allocator<unsigned l",114.2073,22.7698,7.8124,0.0,0.4755,0.0011,0.0,0.0648,0.0,24.5148,7.7293,0.0,0.0,0.0649,0.4766
main__gcc__E__alg_sort_n_1048576_u_1048576,gcc,E,sort,1048576,1048576,__sort,/usr/include/c++/13/bits/predefined_ops.h,"/usr/include/c++/13/bits/predefined_ops.h:void std::__sort<__gnu_cxx::__normal_iterator<unsigned long*, std::vector<unsigned long, std::allocator<unsigned long>",3.6899,3.6899,0.0,0.0,0.0,0.0,0.0,0.0,0.0,0.0,0.0,0.0,0.0,0.0,0.0
main__gcc__E__alg_sort_n_1048576_u_1048576,gcc,E,sort,1048576,1048576,__introsort_loop,/usr/include/c++/13/bits/stl_heap.h,"/usr/include/c++/13/bits/stl_heap.h:void std::__introsort_loop<__gnu_cxx::__normal_iterator<unsigned long*, std::vector<unsigned long, std::allocator<unsigned l",0.0555,0.0555,0.0,0.0,0.0,0.0,0.0,0.0,0.0,0.0,0.0,0.0,0.0,0.0,0.0
main__gcc__E__alg_sort_n_1048576_u_1048576,gcc,E,sort,1048576,1048576,__introsort_loop,=> /usr/include/c++/13/bits/stl_iterator.h,"=> /usr/include/c++/13/bits/stl_iterator.h:void std::__introsort_loop<__gnu_cxx::__normal_iterator<unsigned long*, std::vector<unsigned long, std::allocator<uns",109.5776,22.7698,7.8124,0.0,0.4755,0.0011,0.0,0.0648,0.0,22.6383,7.149,0.0,0.0,0.0649,0.4766
main__gcc__E__alg_sort_n_1048576_u_1048576,gcc,E,sort,1048576,1048576,__introsort_loop,=> /usr/include/c++/13/bits/stl_iterator.h,"=> /usr/include/c++/13/bits/stl_iterator.h:void std::__introsort_loop<__gnu_cxx::__normal_iterator<unsigned long*, std::vector<unsigned long, std::allocator<uns",118.2882,24.6463,8.4679,0.0,0.5716,0.0011,0.0,0.1302,0.0,24.5148,7.7293,0.0,0.0,0.1303,0.5727
main__gcc__E__alg_sort_n_1048576_u_1048576,gcc,E,sort,1048576,1048576,__sort,=> /usr/include/c++/13/bits/stl_algo.h,"=> /usr/include/c++/13/bits/stl_algo.h:void std::__sort<__gnu_cxx::__normal_iterator<unsigned long*, std::vector<unsigned long, std::allocator<unsigned long> > ",144.4273,29.3362,12.1577,0.0,0.6336,0.0011,0.0,0.1615,0.0,29.2047,8.8107,0.0,0.0,0.1615,0.6347
main__gcc__E__alg_sort_n_1048576_u_1048576,gcc,E,sort,1048576,1048576,memmove,,"__builtin_memmove(__result - _Num, __first, sizeof(_Tp) * _Num);",0.0,0.0,0.0,0.0,0.0,0.0,0.0,0.0,0.0,0.0,0.0,0.0,0.0,0.0,0.0
main__gcc__E__alg_sort_n_1048576_u_524288,gcc,E,sort,1048576,524288,__introsort_loop,/usr/include/c++/13/bits/stl_iterator.h,"/usr/include/c++/13/bits/stl_iterator.h:void std::__introsort_loop<__gnu_cxx::__normal_iterator<unsigned long*, std::vector<unsigned long, std::allocator<unsign",593.4215,122.2941,43.0743,0.0,1.3223,0.0096,0.0,0.0182,0.0003,121.0653,38.798,0.0,0.0,0.0186,1.3318
main__gcc__E__alg_sort_n_1048576_u_524288,gcc,E,sort,1048576,524288,measured_call,counters.cpp,counters.cpp:measured_call [/home/user/conference-hardfest-algorithms/bench/deep/counters/build/counters_gcc],153.0245,30.369,12.3396,0.0,0.7216,0.032,0.0,0.1993,0.0098,31.2432,9.2009,0.0,0.0,0.2091,0.7536
main__gcc__E__alg_sort_n_1048576_u_524288,gcc,E,sort,1048576,524288,__sort,/usr/include/c++/13/bits/stl_algo.h,"/usr/include/c++/13/bits/stl_algo.h:void std::__sort<__gnu_cxx::__normal_iterator<unsigned long*, std::vector<unsigned long, std::allocator<unsigned long> > >, ",144.5245,29.369,11.8396,0.0,0.6591,0.0011,0.0,0.1368,0.0,29.2432,8.7712,0.0,0.0,0.1368,0.6602
main__gcc__E__alg_sort_n_1048576_u_524288,gcc,E,sort,1048576,524288,__introsort_loop,/usr/include/c++/13/bits/stl_iterator.h,"/usr/include/c++/13/bits/stl_iterator.h:void std::__introsort_loop<__gnu_cxx::__normal_iterator<unsigned long*, std::vector<unsigned long, std::allocator<unsign",120.4034,25.0154,8.4861,0.0,0.5971,0.0011,0.0,0.1055,0.0,24.8897,7.654,0.0,0.0,0.1056,0.5982
main__gcc__E__alg_sort_n_1048576_u_524288,gcc,E,sort,1048576,524288,__introsort_loop,/usr/include/c++/13/bits/stl_algo.h,"/usr/include/c++/13/bits/stl_algo.h:void std::__introsort_loop<__gnu_cxx::__normal_iterator<unsigned long*, std::vector<unsigned long, std::allocator<unsigned l",114.7741,22.4005,7.6874,0.0,0.4594,0.0011,0.0,0.0182,0.0,24.8897,7.654,0.0,0.0,0.0183,0.4605
main__gcc__E__alg_sort_n_1048576_u_524288,gcc,E,sort,1048576,524288,__sort,/usr/include/c++/13/bits/predefined_ops.h,"/usr/include/c++/13/bits/predefined_ops.h:void std::__sort<__gnu_cxx::__normal_iterator<unsigned long*, std::vector<unsigned long, std::allocator<unsigned long>",3.3535,3.3535,0.0,0.0,0.0,0.0,0.0,0.0,0.0,0.0,0.0,0.0,0.0,0.0,0.0
main__gcc__E__alg_sort_n_1048576_u_524288,gcc,E,sort,1048576,524288,__introsort_loop,/usr/include/c++/13/bits/stl_heap.h,"/usr/include/c++/13/bits/stl_heap.h:void std::__introsort_loop<__gnu_cxx::__normal_iterator<unsigned long*, std::vector<unsigned long, std::allocator<unsigned l",0.0547,0.0547,0.0,0.0,0.0,0.0,0.0,0.0,0.0,0.0,0.0,0.0,0.0,0.0,0.0
main__gcc__E__alg_sort_n_1048576_u_524288,gcc,E,sort,1048576,524288,__introsort_loop,=> /usr/include/c++/13/bits/stl_iterator.h,"=> /usr/include/c++/13/bits/stl_iterator.h:void std::__introsort_loop<__gnu_cxx::__normal_iterator<unsigned long*, std::vector<unsigned long, std::allocator<uns",107.929,22.4005,7.6874,0.0,0.4594,0.0011,0.0,0.0182,0.0,22.2747,6.9243,0.0,0.0,0.0183,0.4605
main__gcc__E__alg_sort_n_1048576_u_524288,gcc,E,sort,1048576,524288,__introsort_loop,=> /usr/include/c++/13/bits/stl_iterator.h,"=> /usr/include/c++/13/bits/stl_iterator.h:void std::__introsort_loop<__gnu_cxx::__normal_iterator<unsigned long*, std::vector<unsigned long, std::allocator<uns",120.4034,25.0154,8.4861,0.0,0.5971,0.0011,0.0,0.1055,0.0,24.8897,7.654,0.0,0.0,0.1056,0.5982
main__gcc__E__alg_sort_n_1048576_u_524288,gcc,E,sort,1048576,524288,__sort,=> /usr/include/c++/13/bits/stl_algo.h,"=> /usr/include/c++/13/bits/stl_algo.h:void std::__sort<__gnu_cxx::__normal_iterator<unsigned long*, std::vector<unsigned long, std::allocator<unsigned long> > ",144.5245,29.369,11.8396,0.0,0.6591,0.0011,0.0,0.1368,0.0,29.2432,8.7712,0.0,0.0,0.1368,0.6602
main__gcc__E__alg_uset_n_1048576_u_1048576,gcc,E,uset,1048576,1048576,measured_call,counters.cpp,counters.cpp:measured_call [/home/user/conference-hardfest-algorithms/bench/deep/counters/build/counters_gcc],458.9788,108.3669,70.4186,0.0001,3.7746,0.4385,0.0001,3.231,0.4385,80.2544,1.3106,6.0,0.0,3.6694,4.2132
main__gcc__E__alg_uset_n_1048576_u_1048576,gcc,E,uset,1048576,1048576,rehash,/usr/include/c++/13/bits/hashtable.h,"/usr/include/c++/13/bits/hashtable.h:std::pair<std::__detail::_Node_iterator<unsigned long, true, false>, bool> std::_Hashtable<unsigned long, unsigned long, st",302.86,71.3667,37.3003,0.0,1.8047,0.2501,0.0,1.4691,0.2501,40.1361,1.0427,3.0,0.0,1.7191,2.0548
main__gcc__E__alg_uset_n_1048576_u_1048576,gcc,E,uset,1048576,1048576,rehash,/usr/include/c++/13/bits/new_allocator.h,"/usr/include/c++/13/bits/new_allocator.h:std::pair<std::__detail::_Node_iterator<unsigned long, true, false>, bool> std::_Hashtable<unsigned long, unsigned long",212.9746,43.0097,22.0314,0.0,0.0004,0.2501,0.0,0.0002,0.2501,32.0145,0.1601,2.0,0.0,0.2502,0.2506
main__gcc__E__alg_uset_n_1048576_u_1048576,gcc,E,uset,1048576,1048576,operator new,???,???:operator new(unsigned long) [/usr/lib/x86_64-linux-gnu/libstdc++.so.6.0.33],207.975,42.0098,21.0315,0.0001,0.0005,0.2501,0.0001,0.0002,0.2501,32.0146,0.1601,1.0,0.0,0.2502,0.2506
main__gcc__E__alg_uset_n_1048576_u_1048576,gcc,E,uset,1048576,1048576,malloc,./malloc/./malloc/malloc.c,./malloc/./malloc/malloc.c:malloc [/usr/lib/x86_64-linux-gnu/libc.so.6],189.975,38.0098,18.0315,0.0001,0.0005,0.2501,0.0001,0.0002,0.2501,31.0146,0.1601,0.0,0.0,0.2502,0.2506
main__gcc__E__alg_uset_n_1048576_u_1048576,gcc,E,uset,1048576,1048576,malloc,./malloc/./malloc/malloc.c,./malloc/./malloc/malloc.c:_int_malloc [/usr/lib/x86_64-linux-gnu/libc.so.6],142.9749,26.0098,13.0314,0.0001,0.0004,0.2501,0.0001,0.0002,0.2501,21.0146,0.0002,0.0,0.0,0.2502,0.2506
main__gcc__E__alg_uset_n_1048576_u_1048576,gcc,E,uset,1048576,1048576,operator delete,???,"???:operator delete(void*, unsigned long) [/usr/lib/x86_64-linux-gnu/libstdc++.so.6.0.33]",113.9999,31.0,13.0,0.0,0.0985,0.0,0.0,0.0818,0.0,19.9999,0.0,2.0,0.0,0.0818,0.0985
main__gcc__E__alg_uset_n_1048576_u_1048576,gcc,E,uset,1048576,1048576,operator delete,???,???:operator delete(void*) [/usr/lib/x86_64-linux-gnu/libstdc++.so.6.0.33],109.9999,30.0,13.0,0.0,0.0985,0.0,0.0,0.0818,0.0,19.9999,0.0,1.0,0.0,0.0818,0.0985
main__gcc__E__alg_uset_n_1048576_u_1048576,gcc,E,uset,1048576,1048576,malloc,./malloc/./malloc/malloc.c,./malloc/./malloc/malloc.c:free [/usr/lib/x86_64-linux-gnu/libc.so.6],105.9999,29.0,13.0,0.0,0.0985,0.0,0.0,0.0818,0.0,19.9999,0.0,0.0,0.0,0.0818,0.0985
main__gcc__E__alg_uset_n_1048576_u_1048576,gcc,E,uset,1048576,1048576,malloc,./malloc/./malloc/malloc.c,./malloc/./malloc/malloc.c:_int_free [/usr/lib/x86_64-linux-gnu/libc.so.6],74.9998,19.0,7.0,0.0,0.0961,0.0,0.0,0.0794,0.0,15.9999,0.0,0.0,0.0,0.0794,0.0961
main__gcc__E__alg_uset_n_1048576_u_1048576,gcc,E,uset,1048576,1048576,_M_rehash,/usr/include/c++/13/bits/hashtable.h,"/usr/include/c++/13/bits/hashtable.h:std::_Hashtable<unsigned long, unsigned long, std::allocator<unsigned long>, std::__detail::_Identity, std::equal_to<unsign",8.0596,0.0001,8.0592,0.0,0.0,0.063,0.0,0.0,0.063,8.0592,0.0,0.0,0.0,0.063,0.063
main__gcc__E__alg_uset_n_1048576_u_1048576,gcc,E,uset,1048576,1048576,_M_rehash,/usr/include/c++/13/bits/hashtable_policy.h,"/usr/include/c++/13/bits/hashtable_policy.h:std::_Hashtable<unsigned long, unsigned long, std::allocator<unsigned long>, std::__detail::_Identity, std::equal_to",8.0591,0.0,8.0591,0.0,0.0,0.063,0.0,0.0,0.063,8.0591,0.0,0.0,0.0,0.063,0.063
main__gcc__E__alg_uset_n_1048576_u_1048576,gcc,E,uset,1048576,1048576,rehash,/usr/include/c++/13/bits/stl_construct.h,"/usr/include/c++/13/bits/stl_construct.h:std::pair<std::__detail::_Node_iterator<unsigned long, true, false>, bool> std::_Hashtable<unsigned long, unsigned long",2.0,1.0,1.0,0.0,0.0,0.0,0.0,0.0,0.0,0.0,0.0,0.0,0.0,0.0,0.0
main__gcc__E__alg_uset_n_1048576_u_1048576,gcc,E,uset,1048576,1048576,malloc,./malloc/./malloc/morecore.c,./malloc/./malloc/morecore.c:__glibc_morecore [/usr/lib/x86_64-linux-gnu/libc.so.6],0.0041,0.0011,0.0007,0.0,0.0002,0.0001,0.0,0.0001,0.0,0.0007,0.0,0.0,0.0,0.0001,0.0003
main__gcc__E__alg_uset_n_1048576_u_1048576,gcc,E,uset,1048576,1048576,_M_rehash,/usr/include/c++/13/bits/new_allocator.h,"/usr/include/c++/13/bits/new_allocator.h:std::_Hashtable<unsigned long, unsigned long, std::allocator<unsigned long>, std::__detail::_Identity, std::equal_to<un",0.0004,0.0001,0.0001,0.0,0.0,0.0,0.0,0.0,0.0,0.0001,0.0,0.0,0.0,0.0,0.0
main__gcc__E__alg_uset_n_1048576_u_1048576,gcc,E,uset,1048576,1048576,malloc,./malloc/./malloc/malloc.c,./malloc/./malloc/malloc.c:sysmalloc_mmap.isra.0 [/usr/lib/x86_64-linux-gnu/libc.so.6],0.0001,0.0,0.0,0.0,0.0,0.0,0.0,0.0,0.0,0.0,0.0,0.0,0.0,0.0,0.0
main__gcc__E__alg_uset_n_1048576_u_1048576,gcc,E,uset,1048576,1048576,rehash,=> /usr/include/c++/13/bits/hashtable.h,"=> /usr/include/c++/13/bits/hashtable.h:std::pair<std::__detail::_Node_iterator<unsigned long, true, false>, bool> std::_Hashtable<unsigned long, unsigned long,",302.86,71.3667,37.3003,0.0,1.8047,0.2501,0.0,1.4691,0.2501,40.1361,1.0427,3.0,0.0,1.7191,2.0548
main__gcc__E__alg_uset_n_1048576_u_1048576,gcc,E,uset,1048576,1048576,_M_rehash,,"= _M_rehash_policy._M_need_rehash(_M_bucket_count, _M_element_count,",6.0,2.0,1.0,0.0,0.0,0.0,0.0,0.0,0.0,0.0,0.0,0.0,0.0,0.0,0.0
main__gcc__E__alg_uset_n_1048576_u_1048576,gcc,E,uset,1048576,1048576,_M_rehash,=> /usr/include/c++/13/bits/hashtable.h,"=> /usr/include/c++/13/bits/hashtable.h:std::_Hashtable<unsigned long, unsigned long, std::allocator<unsigned long>, std::__detail::_Identity, std::equal_to<uns",8.0596,0.0001,8.0592,0.0,0.0,0.063,0.0,0.0,0.063,8.0592,0.0,0.0,0.0,0.063,0.063
main__gcc__E__alg_uset_n_1048576_u_524288,gcc,E,uset,1048576,524288,measured_call,counters.cpp,counters.cpp:measured_call [/home/user/conference-hardfest-algorithms/bench/deep/counters/build/counters_gcc],263.7061,63.0427,47.408,0.0001,2.772,0.2823,0.0001,2.1912,0.2822,51.1647,0.9029,3.0,0.0,2.4734,3.0543
main__gcc__E__alg_uset_n_1048576_u_524288,gcc,E,uset,1048576,524288,rehash,/usr/include/c++/13/bits/hashtable.h,"/usr/include/c++/13/bits/hashtable.h:std::pair<std::__detail::_Node_iterator<unsigned long, true, false>, bool> std::_Hashtable<unsigned long, unsigned long, st",173.5873,44.0426,21.7896,0.0,1.9935,0.1251,0.0,1.5458,0.125,22.5464,0.8076,1.5,0.0,1.6708,2.1186
main__gcc__E__alg_uset_n_1048576_u_524288,gcc,E,uset,1048576,524288,rehash,/usr/include/c++/13/bits/new_allocator.h,"/usr/include/c++/13/bits/new_allocator.h:std::pair<std::__detail::_Node_iterator<unsigned long, true, false>, bool> std::_Hashtable<unsigned long, unsigned long",106.511,21.503,11.0017,0.0,0.0004,0.1251,0.0,0.0001,0.125,16.002,0.0303,1.0,0.0,0.1251,0.1254
main__gcc__E__alg_uset_n_1048576_u_524288,gcc,E,uset,1048576,524288,operator new,???,???:operator new(unsigned long) [/usr/lib/x86_64-linux-gnu/libstdc++.so.6.0.33],104.0113,21.003,10.5017,0.0,0.0004,0.1251,0.0,0.0001,0.125,16.0021,0.0303,0.5,0.0,0.1251,0.1254
main__gcc__E__alg_uset_n_1048576_u_524288,gcc,E,uset,1048576,524288,malloc,./malloc/./malloc/malloc.c,./malloc/./malloc/malloc.c:malloc [/usr/lib/x86_64-linux-gnu/libc.so.6],95.0113,19.003,9.0017,0.0,0.0004,0.1251,0.0,0.0001,0.125,15.5021,0.0303,0.0,0.0,0.1251,0.1254
main__gcc__E__alg_uset_n_1048576_u_524288,gcc,E,uset,1048576,524288,malloc,./malloc/./malloc/malloc.c,./malloc/./malloc/malloc.c:_int_malloc [/usr/lib/x86_64-linux-gnu/libc.so.6],71.5113,13.003,6.5017,0.0,0.0004,0.1251,0.0,0.0001,0.125,10.5021,0.0001,0.0,0.0,0.1251,0.1254
main__gcc__E__alg_uset_n_1048576_u_524288,gcc,E,uset,1048576,524288,operator delete,???,"???:operator delete(void*, unsigned long) [/usr/lib/x86_64-linux-gnu/libstdc++.so.6.0.33]",56.9999,15.5,6.5,0.0,0.0817,0.0,0.0,0.0715,0.0,10.0,0.0,1.0,0.0,0.0715,0.0817
main__gcc__E__alg_uset_n_1048576_u_524288,gcc,E,uset,1048576,524288,operator delete,???,???:operator delete(void*) [/usr/lib/x86_64-linux-gnu/libstdc++.so.6.0.33],54.9999,15.0,6.5,0.0,0.0817,0.0,0.0,0.0715,0.0,10.0,0.0,0.5,0.0,0.0715,0.0817
main__gcc__E__alg_uset_n_1048576_u_524288,gcc,E,uset,1048576,524288,malloc,./malloc/./malloc/malloc.c,./malloc/./malloc/malloc.c:free [/usr/lib/x86_64-linux-gnu/libc.so.6],52.9999,14.5,6.5,0.0,0.0817,0.0,0.0,0.0715,0.0,10.0,0.0,0.0,0.0,0.0715,0.0817
main__gcc__E__alg_uset_n_1048576_u_524288,gcc,E,uset,1048576,524288,malloc,./malloc/./malloc/malloc.c,./malloc/./malloc/malloc.c:_int_free [/usr/lib/x86_64-linux-gnu/libc.so.6],37.4999,9.5,3.5,0.0,0.0199,0.0,0.0,0.0128,0.0,7.9999,0.0,0.0,0.0,0.0128,0.0199
main__gcc__E__alg_uset_n_1048576_u_524288,gcc,E,uset,1048576,524288,_M_rehash,/usr/include/c++/13/bits/hashtable.h,"/usr/include/c++/13/bits/hashtable.h:std::_Hashtable<unsigned long, unsigned long, std::allocator<unsigned long>, std::__detail::_Identity, std::equal_to<unsign",8.0595,0.0001,8.0592,0.0,0.0,0.063,0.0,0.0,0.063,8.0592,0.0,0.0,0.0,0.063,0.063
main__gcc__E__alg_uset_n_1048576_u_524288,gcc,E,uset,1048576,524288,_M_rehash,/usr/include/c++/13/bits/hashtable_policy.h,"/usr/include/c++/13/bits/hashtable_policy.h:std::_Hashtable<unsigned long, unsigned long, std::allocator<unsigned long>, std::__detail::_Identity, std::equal_to",8.0591,0.0,8.0591,0.0,0.0,0.063,0.0,0.0,0.063,8.0591,0.0,0.0,0.0,0.063,0.063
main__gcc__E__alg_uset_n_1048576_u_524288,gcc,E,uset,1048576,524288,rehash,/usr/include/c++/13/bits/stl_construct.h,"/usr/include/c++/13/bits/stl_construct.h:std::pair<std::__detail::_Node_iterator<unsigned long, true, false>, bool> std::_Hashtable<unsigned long, unsigned long",1.0,0.5,0.5,0.0,0.0,0.0,0.0,0.0,0.0,0.0,0.0,0.0,0.0,0.0,0.0
main__gcc__E__alg_uset_n_1048576_u_524288,gcc,E,uset,1048576,524288,malloc,./malloc/./malloc/morecore.c,./malloc/./malloc/morecore.c:__glibc_morecore [/usr/lib/x86_64-linux-gnu/libc.so.6],0.0033,0.0009,0.0005,0.0,0.0002,0.0001,0.0,0.0,0.0,0.0006,0.0,0.0,0.0,0.0,0.0003
main__gcc__E__alg_uset_n_1048576_u_524288,gcc,E,uset,1048576,524288,_M_rehash,/usr/include/c++/13/bits/new_allocator.h,"/usr/include/c++/13/bits/new_allocator.h:std::_Hashtable<unsigned long, unsigned long, std::allocator<unsigned long>, std::__detail::_Identity, std::equal_to<un",0.0003,0.0001,0.0,0.0,0.0,0.0,0.0,0.0,0.0,0.0001,0.0,0.0,0.0,0.0,0.0
main__gcc__E__alg_uset_n_1048576_u_524288,gcc,E,uset,1048576,524288,malloc,./malloc/./malloc/malloc.c,./malloc/./malloc/malloc.c:sysmalloc_mmap.isra.0 [/usr/lib/x86_64-linux-gnu/libc.so.6],0.0001,0.0,0.0,0.0,0.0,0.0,0.0,0.0,0.0,0.0,0.0,0.0,0.0,0.0,0.0
main__gcc__E__alg_uset_n_1048576_u_524288,gcc,E,uset,1048576,524288,rehash,=> /usr/include/c++/13/bits/hashtable.h,"=> /usr/include/c++/13/bits/hashtable.h:std::pair<std::__detail::_Node_iterator<unsigned long, true, false>, bool> std::_Hashtable<unsigned long, unsigned long,",173.5873,44.0426,21.7896,0.0,1.9935,0.1251,0.0,1.5458,0.125,22.5464,0.8076,1.5,0.0,1.6708,2.1186
main__gcc__E__alg_uset_n_1048576_u_524288,gcc,E,uset,1048576,524288,_M_rehash,,"= _M_rehash_policy._M_need_rehash(_M_bucket_count, _M_element_count,",3.0,1.0,0.5,0.0,0.0,0.0,0.0,0.0,0.0,0.0,0.0,0.0,0.0,0.0,0.0
main__gcc__E__alg_uset_n_1048576_u_524288,gcc,E,uset,1048576,524288,_M_rehash,=> /usr/include/c++/13/bits/hashtable.h,"=> /usr/include/c++/13/bits/hashtable.h:std::_Hashtable<unsigned long, unsigned long, std::allocator<unsigned long>, std::__detail::_Identity, std::equal_to<uns",8.0595,0.0001,8.0592,0.0,0.0,0.063,0.0,0.0,0.063,8.0592,0.0,0.0,0.0,0.063,0.063
main__gcc__E__alg_uset_phased_n_1048576_u_1048576,gcc,E,uset_phased,1048576,1048576,measured_call,counters.cpp,counters.cpp:measured_call [/home/user/conference-hardfest-algorithms/bench/deep/counters/build/counters_gcc],458.9794,108.367,70.4186,0.0001,3.7738,0.4385,0.0001,3.2295,0.4385,80.2545,0.883,6.0,0.0,3.668,4.2124
main__gcc__E__alg_uset_phased_n_1048576_u_1048576,gcc,E,uset_phased,1048576,1048576,phase_insert,counters.cpp,"counters.cpp:void phase_insert<std::unordered_set<unsigned long, std::hash<unsigned long>, std::equal_to<unsigned long>, std::allocator<unsigned long> > >(std::",318.9198,72.3669,47.3594,0.0001,1.8665,0.3131,0.0001,1.5311,0.313,49.1953,0.8829,3.0,0.0,1.8442,2.1796
main__gcc__E__alg_uset_phased_n_1048576_u_1048576,gcc,E,uset_phased,1048576,1048576,phase_insert,/usr/include/c++/13/bits/hashtable.h,"/usr/include/c++/13/bits/hashtable.h:void phase_insert<std::unordered_set<unsigned long, std::hash<unsigned long>, std::equal_to<unsigned long>, std::allocator<",313.9197,71.3669,46.3594,0.0001,1.804,0.3131,0.0001,1.4686,0.313,48.1953,0.8829,3.0,0.0,1.7817,2.1171
main__gcc__E__alg_uset_phased_n_1048576_u_1048576,gcc,E,uset_phased,1048576,1048576,rehash,/usr/include/c++/13/bits/hashtable.h,"/usr/include/c++/13/bits/hashtable.h:std::pair<std::__detail::_Node_iterator<unsigned long, true, false>, bool> std::_Hashtable<unsigned long, unsigned long, st",302.86,71.3667,37.3003,0.0,1.804,0.2501,0.0,1.4686,0.2501,40.1361,0.8828,3.0,0.0,1.7187,2.0541
main__gcc__E__alg_uset_phased_n_1048576_u_1048576,gcc,E,uset_phased,1048576,1048576,rehash,/usr/include/c++/13/bits/new_allocator.h,"/usr/include/c++/13/bits/new_allocator.h:std::pair<std::__detail::_Node_iterator<unsigned long, true, false>, bool> std::_Hashtable<unsigned long, unsigned long",212.9746,43.0097,22.0314,0.0,0.0004,0.2501,0.0,0.0002,0.2501,32.0145,0.0002,2.0,0.0,0.2502,0.2506
main__gcc__E__alg_uset_phased_n_1048576_u_1048576,gcc,E,uset_phased,1048576,1048576,operator new,???,???:operator new(unsigned long) [/usr/lib/x86_64-linux-gnu/libstdc++.so.6.0.33],207.9755,42.0099,21.0315,0.0001,0.0005,0.2501,0.0001,0.0002,0.2501,32.0147,0.0003,1.0,0.0,0.2502,0.2506
main__gcc__E__alg_uset_phased_n_1048576_u_1048576,gcc,E,uset_phased,1048576,1048576,malloc,./malloc/./malloc/malloc.c,./malloc/./malloc/malloc.c:malloc [/usr/lib/x86_64-linux-gnu/libc.so.6],189.9754,38.0099,18.0315,0.0001,0.0005,0.2501,0.0001,0.0002,0.2501,31.0147,0.0003,0.0,0.0,0.2502,0.2506
main__gcc__E__alg_uset_phased_n_1048576_u_1048576,gcc,E,uset_phased,1048576,1048576,malloc,./malloc/./malloc/malloc.c,./malloc/./malloc/malloc.c:_int_malloc [/usr/lib/x86_64-linux-gnu/libc.so.6],142.9753,26.0099,13.0315,0.0001,0.0004,0.2501,0.0001,0.0002,0.2501,21.0147,0.0002,0.0,0.0,0.2502,0.2506
main__gcc__E__alg_uset_phased_n_1048576_u_1048576,gcc,E,uset_phased,1048576,1048576,phase_dtor,counters.cpp,"counters.cpp:void phase_dtor<std::unordered_set<unsigned long, std::hash<unsigned long>, std::equal_to<unsigned long>, std::allocator<unsigned long> > >(std::un",130.0591,33.0,22.0591,0.0,0.6999,0.063,0.0,0.6165,0.063,29.0591,0.0,3.0,0.0,0.6795,0.7628
main__gcc__E__alg_uset_phased_n_1048576_u_1048576,gcc,E,uset_phased,1048576,1048576,phase_dtor,/usr/include/c++/13/bits/new_allocator.h,"/usr/include/c++/13/bits/new_allocator.h:void phase_dtor<std::unordered_set<unsigned long, std::hash<unsigned long>, std::equal_to<unsigned long>, std::allocato",117.9999,32.0,14.0,0.0,0.0986,0.0,0.0,0.0824,0.0,19.9999,0.0,3.0,0.0,0.0824,0.0986
main__gcc__E__alg_uset_phased_n_1048576_u_1048576,gcc,E,uset_phased,1048576,1048576,operator delete,???,"???:operator delete(void*, unsigned long) [/usr/lib/x86_64-linux-gnu/libstdc++.so.6.0.33]",114.0,31.0,13.0,0.0,0.0986,0.0,0.0,0.0824,0.0,20.0,0.0,2.0,0.0,0.0824,0.0986
main__gcc__E__alg_uset_phased_n_1048576_u_1048576,gcc,E,uset_phased,1048576,1048576,operator delete,???,???:operator delete(void*) [/usr/lib/x86_64-linux-gnu/libstdc++.so.6.0.33],110.0,30.0,13.0,0.0,0.0986,0.0,0.0,0.0824,0.0,20.0,0.0,1.0,0.0,0.0824,0.0986
main__gcc__E__alg_uset_phased_n_1048576_u_1048576,gcc,E,uset_phased,1048576,1048576,malloc,./malloc/./malloc/malloc.c,./malloc/./malloc/malloc.c:free [/usr/lib/x86_64-linux-gnu/libc.so.6],106.0,29.0,13.0,0.0,0.0986,0.0,0.0,0.0824,0.0,20.0,0.0,0.0,0.0,0.0824,0.0986
main__gcc__E__alg_uset_phased_n_1048576_u_1048576,gcc,E,uset_phased,1048576,1048576,malloc,./malloc/./malloc/malloc.c,./malloc/./malloc/malloc.c:_int_free [/usr/lib/x86_64-linux-gnu/libc.so.6],74.9999,19.0,7.0,0.0,0.0961,0.0,0.0,0.0799,0.0,15.9999,0.0,0.0,0.0,0.0799,0.0961
main__gcc__E__alg_uset_phased_n_1048576_u_1048576,gcc,E,uset_phased,1048576,1048576,phase_dump,counters.cpp,"counters.cpp:void phase_dump<std::unordered_set<unsigned long, std::hash<unsigned long>, std::equal_to<unsigned long>, std::allocator<unsigned long> > >(std::un",10.0,3.0,1.0,0.0,1.2075,0.0625,0.0,1.0818,0.0625,2.0,0.0,0.0,0.0,1.1443,1.27
main__gcc__E__alg_uset_phased_n_1048576_u_1048576,gcc,E,uset_phased,1048576,1048576,phase_dump,/usr/include/c++/13/bits/stl_vector.h,"/usr/include/c++/13/bits/stl_vector.h:void phase_dump<std::unordered_set<unsigned long, std::hash<unsigned long>, std::equal_to<unsigned long>, std::allocator<u",10.0,3.0,1.0,0.0,1.2075,0.0625,0.0,1.0818,0.0625,2.0,0.0,0.0,0.0,1.1443,1.27
main__gcc__E__alg_uset_phased_n_1048576_u_1048576,gcc,E,uset_phased,1048576,1048576,_M_rehash,/usr/include/c++/13/bits/hashtable.h,"/usr/include/c++/13/bits/hashtable.h:std::_Hashtable<unsigned long, unsigned long, std::allocator<unsigned long>, std::__detail::_Identity, std::equal_to<unsign",8.0596,0.0001,8.0592,0.0,0.0,0.063,0.0,0.0,0.063,8.0592,0.0,0.0,0.0,0.063,0.063
main__gcc__E__alg_uset_phased_n_1048576_u_1048576,gcc,E,uset_phased,1048576,1048576,_M_rehash,/usr/include/c++/13/bits/hashtable_policy.h,"/usr/include/c++/13/bits/hashtable_policy.h:std::_Hashtable<unsigned long, unsigned long, std::allocator<unsigned long>, std::__detail::_Identity, std::equal_to",8.0591,0.0,8.0591,0.0,0.0,0.063,0.0,0.0,0.063,8.0591,0.0,0.0,0.0,0.063,0.063
main__gcc__E__alg_uset_phased_n_1048576_u_1048576,gcc,E,uset_phased,1048576,1048576,rehash,/usr/include/c++/13/bits/stl_construct.h,"/usr/include/c++/13/bits/stl_construct.h:std::pair<std::__detail::_Node_iterator<unsigned long, true, false>, bool> std::_Hashtable<unsigned long, unsigned long",2.0,1.0,1.0,0.0,0.0,0.0,0.0,0.0,0.0,0.0,0.0,0.0,0.0,0.0,0.0
main__gcc__E__alg_uset_phased_n_1048576_u_1048576,gcc,E,uset_phased,1048576,1048576,malloc,./malloc/./malloc/morecore.c,./malloc/./malloc/morecore.c:__glibc_morecore [/usr/lib/x86_64-linux-gnu/libc.so.6],0.0041,0.0011,0.0007,0.0,0.0002,0.0001,0.0,0.0001,0.0,0.0007,0.0,0.0,0.0,0.0001,0.0003
main__gcc__E__alg_uset_phased_n_1048576_u_1048576,gcc,E,uset_phased,1048576,1048576,unique,/usr/include/c++/13/bits/unique_ptr.h,"/usr/include/c++/13/bits/unique_ptr.h:alg_uset_phased(std::vector<unsigned long, std::allocator<unsigned long> >&, Ctx const&)",0.0005,0.0001,0.0,0.0,0.0,0.0,0.0,0.0,0.0,0.0001,0.0,0.0,0.0,0.0,0.0
main__gcc__E__alg_uset_phased_n_1048576_u_1048576,gcc,E,uset_phased,1048576,1048576,_M_rehash,/usr/include/c++/13/bits/new_allocator.h,"/usr/include/c++/13/bits/new_allocator.h:std::_Hashtable<unsigned long, unsigned long, std::allocator<unsigned long>, std::__detail::_Identity, std::equal_to<un",0.0004,0.0001,0.0001,0.0,0.0,0.0,0.0,0.0,0.0,0.0001,0.0,0.0,0.0,0.0,0.0
main__gcc__E__alg_uset_phased_n_1048576_u_1048576,gcc,E,uset_phased,1048576,1048576,malloc,./malloc/./malloc/malloc.c,./malloc/./malloc/malloc.c:sysmalloc_mmap.isra.0 [/usr/lib/x86_64-linux-gnu/libc.so.6],0.0001,0.0,0.0,0.0,0.0,0.0,0.0,0.0,0.0,0.0,0.0,0.0,0.0,0.0,0.0
main__gcc__E__alg_uset_phased_n_1048576_u_1048576,gcc,E,uset_phased,1048576,1048576,phase_insert,/usr/include/c++/13/bits/stl_iterator.h,"/usr/include/c++/13/bits/stl_iterator.h:void phase_insert<std::unordered_set<unsigned long, std::hash<unsigned long>, std::equal_to<unsigned long>, std::allocat",0.0,0.0,0.0,0.0,0.0,0.0,0.0,0.0,0.0,0.0,0.0,0.0,0.0,0.0,0.0
main__gcc__E__alg_uset_phased_n_1048576_u_1048576,gcc,E,uset_phased,1048576,1048576,phase_insert,/usr/include/c++/13/bits/stl_vector.h,"/usr/include/c++/13/bits/stl_vector.h:void phase_insert<std::unordered_set<unsigned long, std::hash<unsigned long>, std::equal_to<unsigned long>, std::allocator",0.0,0.0,0.0,0.0,0.0,0.0,0.0,0.0,0.0,0.0,0.0,0.0,0.0,0.0,0.0
main__gcc__E__alg_uset_phased_n_1048576_u_1048576,gcc,E,uset_phased,1048576,1048576,phase_insert,/usr/include/c++/13/bits/stl_algobase.h,"/usr/include/c++/13/bits/stl_algobase.h:void phase_insert<std::unordered_set<unsigned long, std::hash<unsigned long>, std::equal_to<unsigned long>, std::allocat",0.0,0.0,0.0,0.0,0.0,0.0,0.0,0.0,0.0,0.0,0.0,0.0,0.0,0.0,0.0
main__gcc__E__alg_uset_phased_n_1048576_u_1048576,gcc,E,uset_phased,1048576,1048576,phase_insert,=> counters.cpp,"=> counters.cpp:void phase_insert<std::unordered_set<unsigned long, std::hash<unsigned long>, std::equal_to<unsigned long>, std::allocator<unsigned long> > >(st",318.9198,72.3669,47.3594,0.0001,1.8665,0.3131,0.0001,1.5311,0.313,49.1953,0.8829,3.0,0.0,1.8442,2.1796
main__gcc__E__alg_uset_phased_n_1048576_u_1048576,gcc,E,uset_phased,1048576,1048576,phase_dump,=> counters.cpp,"=> counters.cpp:void phase_dump<std::unordered_set<unsigned long, std::hash<unsigned long>, std::equal_to<unsigned long>, std::allocator<unsigned long> > >(std:",10.0,3.0,1.0,0.0,1.2075,0.0625,0.0,1.0818,0.0625,2.0,0.0,0.0,0.0,1.1443,1.27
main__gcc__E__alg_uset_phased_n_1048576_u_1048576,gcc,E,uset_phased,1048576,1048576,phase_dtor,=> counters.cpp,"=> counters.cpp:void phase_dtor<std::unordered_set<unsigned long, std::hash<unsigned long>, std::equal_to<unsigned long>, std::allocator<unsigned long> > >(std:",130.0591,33.0,22.0591,0.0,0.6999,0.063,0.0,0.6165,0.063,29.0591,0.0,3.0,0.0,0.6795,0.7628
main__gcc__E__alg_uset_phased_n_1048576_u_1048576,gcc,E,uset_phased,1048576,1048576,rehash,=> /usr/include/c++/13/bits/hashtable.h,"=> /usr/include/c++/13/bits/hashtable.h:std::pair<std::__detail::_Node_iterator<unsigned long, true, false>, bool> std::_Hashtable<unsigned long, unsigned long,",302.86,71.3667,37.3003,0.0,1.804,0.2501,0.0,1.4686,0.2501,40.1361,0.8828,3.0,0.0,1.7187,2.0541
main__gcc__E__alg_uset_phased_n_1048576_u_1048576,gcc,E,uset_phased,1048576,1048576,_M_rehash,,const __rehash_state& __saved_state = _M_rehash_policy._M_state();,2.0,1.0,1.0,0.0,0.0,0.0,0.0,0.0,0.0,0.0,0.0,0.0,0.0,0.0,0.0
main__gcc__E__alg_uset_phased_n_1048576_u_1048576,gcc,E,uset_phased,1048576,1048576,_M_rehash,,"= _M_rehash_policy._M_need_rehash(_M_bucket_count, _M_element_count,",6.0,2.0,1.0,0.0,0.0,0.0,0.0,0.0,0.0,0.0,0.0,0.0,0.0,0.0,0.0
main__gcc__E__alg_uset_phased_n_1048576_u_1048576,gcc,E,uset_phased,1048576,1048576,_M_rehash,=> /usr/include/c++/13/bits/hashtable.h,"=> /usr/include/c++/13/bits/hashtable.h:std::_Hashtable<unsigned long, unsigned long, std::allocator<unsigned long>, std::__detail::_Identity, std::equal_to<uns",8.0596,0.0001,8.0592,0.0,0.0,0.063,0.0,0.0,0.063,8.0592,0.0,0.0,0.0,0.063,0.063
main__gcc__E__alg_uset_phased_n_1048576_u_1048576,gcc,E,uset_phased,1048576,1048576,resize,,{ return _M_next_resize; },0.0,0.0,0.0,0.0,0.0,0.0,0.0,0.0,0.0,0.0,0.0,0.0,0.0,0.0,0.0
main__gcc__E__alg_uset_phased_n_1048576_u_524288,gcc,E,uset_phased,1048576,524288,measured_call,counters.cpp,counters.cpp:measured_call [/home/user/conference-hardfest-algorithms/bench/deep/counters/build/counters_gcc],263.7064,63.0428,47.408,0.0001,2.7718,0.2823,0.0001,2.1915,0.2822,51.1647,0.7776,3.0,0.0,2.4737,3.0541
main__gcc__E__alg_uset_phased_n_1048576_u_524288,gcc,E,uset_phased,1048576,524288,phase_insert,counters.cpp,"counters.cpp:void phase_insert<std::unordered_set<unsigned long, std::hash<unsigned long>, std::equal_to<unsigned long>, std::allocator<unsigned long> > >(std::",189.647,45.0427,31.8488,0.0,2.0558,0.188,0.0,1.6086,0.188,31.6056,0.7775,1.5,0.0,1.7965,2.2439
main__gcc__E__alg_uset_phased_n_1048576_u_524288,gcc,E,uset_phased,1048576,524288,phase_insert,/usr/include/c++/13/bits/hashtable.h,"/usr/include/c++/13/bits/hashtable.h:void phase_insert<std::unordered_set<unsigned long, std::hash<unsigned long>, std::equal_to<unsigned long>, std::allocator<",184.6469,44.0427,30.8488,0.0,1.9933,0.188,0.0,1.5461,0.188,30.6056,0.7775,1.5,0.0,1.734,2.1814
main__gcc__E__alg_uset_phased_n_1048576_u_524288,gcc,E,uset_phased,1048576,524288,rehash,/usr/include/c++/13/bits/hashtable.h,"/usr/include/c++/13/bits/hashtable.h:std::pair<std::__detail::_Node_iterator<unsigned long, true, false>, bool> std::_Hashtable<unsigned long, unsigned long, st",173.5873,44.0426,21.7896,0.0,1.9933,0.1251,0.0,1.546,0.125,22.5464,0.7775,1.5,0.0,1.6711,2.1184
main__gcc__E__alg_uset_phased_n_1048576_u_524288,gcc,E,uset_phased,1048576,524288,rehash,/usr/include/c++/13/bits/new_allocator.h,"/usr/include/c++/13/bits/new_allocator.h:std::pair<std::__detail::_Node_iterator<unsigned long, true, false>, bool> std::_Hashtable<unsigned long, unsigned long",106.511,21.503,11.0017,0.0,0.0004,0.1251,0.0,0.0001,0.125,16.002,0.0001,1.0,0.0,0.1251,0.1254
main__gcc__E__alg_uset_phased_n_1048576_u_524288,gcc,E,uset_phased,1048576,524288,operator new,???,???:operator new(unsigned long) [/usr/lib/x86_64-linux-gnu/libstdc++.so.6.0.33],104.0115,21.0031,10.5017,0.0,0.0004,0.1251,0.0,0.0001,0.125,16.0021,0.0002,0.5,0.0,0.1251,0.1255
main__gcc__E__alg_uset_phased_n_1048576_u_524288,gcc,E,uset_phased,1048576,524288,malloc,./malloc/./malloc/malloc.c,./malloc/./malloc/malloc.c:malloc [/usr/lib/x86_64-linux-gnu/libc.so.6],95.0115,19.0031,9.0017,0.0,0.0004,0.1251,0.0,0.0001,0.125,15.5021,0.0002,0.0,0.0,0.1251,0.1254
main__gcc__E__alg_uset_phased_n_1048576_u_524288,gcc,E,uset_phased,1048576,524288,malloc,./malloc/./malloc/malloc.c,./malloc/./malloc/malloc.c:_int_malloc [/usr/lib/x86_64-linux-gnu/libc.so.6],71.5114,13.003,6.5017,0.0,0.0004,0.1251,0.0,0.0001,0.125,10.5021,0.0001,0.0,0.0,0.1251,0.1254
main__gcc__E__alg_uset_phased_n_1048576_u_524288,gcc,E,uset_phased,1048576,524288,phase_dtor,counters.cpp,"counters.cpp:void phase_dtor<std::unordered_set<unsigned long, std::hash<unsigned long>, std::equal_to<unsigned long>, std::allocator<unsigned long> > >(std::un",69.0592,16.5,15.0591,0.0,0.2567,0.063,0.0,0.2037,0.063,18.5591,0.0,1.5,0.0,0.2667,0.3196
main__gcc__E__alg_uset_phased_n_1048576_u_524288,gcc,E,uset_phased,1048576,524288,phase_dtor,/usr/include/c++/13/bits/new_allocator.h,"/usr/include/c++/13/bits/new_allocator.h:void phase_dtor<std::unordered_set<unsigned long, std::hash<unsigned long>, std::equal_to<unsigned long>, std::allocato",58.9999,16.0,7.0,0.0,0.0817,0.0,0.0,0.0716,0.0,10.0,0.0,1.5,0.0,0.0716,0.0817
main__gcc__E__alg_uset_phased_n_1048576_u_524288,gcc,E,uset_phased,1048576,524288,operator delete,???,"???:operator delete(void*, unsigned long) [/usr/lib/x86_64-linux-gnu/libstdc++.so.6.0.33]",57.0,15.5,6.5,0.0,0.0817,0.0,0.0,0.0716,0.0,10.0,0.0,1.0,0.0,0.0716,0.0817
main__gcc__E__alg_uset_phased_n_1048576_u_524288,gcc,E,uset_phased,1048576,524288,operator delete,???,???:operator delete(void*) [/usr/lib/x86_64-linux-gnu/libstdc++.so.6.0.33],55.0,15.0,6.5,0.0,0.0817,0.0,0.0,0.0716,0.0,10.0,0.0,0.5,0.0,0.0716,0.0817
main__gcc__E__alg_uset_phased_n_1048576_u_524288,gcc,E,uset_phased,1048576,524288,malloc,./malloc/./malloc/malloc.c,./malloc/./malloc/malloc.c:free [/usr/lib/x86_64-linux-gnu/libc.so.6],53.0,14.5,6.5,0.0,0.0817,0.0,0.0,0.0716,0.0,10.0,0.0,0.0,0.0,0.0716,0.0817
main__gcc__E__alg_uset_phased_n_1048576_u_524288,gcc,E,uset_phased,1048576,524288,malloc,./malloc/./malloc/malloc.c,./malloc/./malloc/malloc.c:_int_free [/usr/lib/x86_64-linux-gnu/libc.so.6],37.4999,9.5,3.5,0.0,0.0199,0.0,0.0,0.013,0.0,8.0,0.0,0.0,0.0,0.013,0.0199
main__gcc__E__alg_uset_phased_n_1048576_u_524288,gcc,E,uset_phased,1048576,524288,_M_rehash,/usr/include/c++/13/bits/hashtable.h,"/usr/include/c++/13/bits/hashtable.h:std::_Hashtable<unsigned long, unsigned long, std::allocator<unsigned long>, std::__detail::_Identity, std::equal_to<unsign",8.0595,0.0001,8.0592,0.0,0.0,0.063,0.0,0.0,0.063,8.0592,0.0,0.0,0.0,0.063,0.063
main__gcc__E__alg_uset_phased_n_1048576_u_524288,gcc,E,uset_phased,1048576,524288,_M_rehash,/usr/include/c++/13/bits/hashtable_policy.h,"/usr/include/c++/13/bits/hashtable_policy.h:std::_Hashtable<unsigned long, unsigned long, std::allocator<unsigned long>, std::__detail::_Identity, std::equal_to",8.0591,0.0,8.0591,0.0,0.0,0.063,0.0,0.0,0.063,8.0591,0.0,0.0,0.0,0.063,0.063
main__gcc__E__alg_uset_phased_n_1048576_u_524288,gcc,E,uset_phased,1048576,524288,phase_dump,counters.cpp,"counters.cpp:void phase_dump<std::unordered_set<unsigned long, std::hash<unsigned long>, std::equal_to<unsigned long>, std::allocator<unsigned long> > >(std::un",5.0,1.5,0.5,0.0,0.4593,0.0313,0.0,0.3792,0.0313,1.0,0.0,0.0,0.0,0.4104,0.4906
main__gcc__E__alg_uset_phased_n_1048576_u_524288,gcc,E,uset_phased,1048576,524288,phase_dump,/usr/include/c++/13/bits/stl_vector.h,"/usr/include/c++/13/bits/stl_vector.h:void phase_dump<std::unordered_set<unsigned long, std::hash<unsigned long>, std::equal_to<unsigned long>, std::allocator<u",5.0,1.5,0.5,0.0,0.4593,0.0313,0.0,0.3792,0.0313,1.0,0.0,0.0,0.0,0.4104,0.4906
main__gcc__E__alg_uset_phased_n_1048576_u_524288,gcc,E,uset_phased,1048576,524288,rehash,/usr/include/c++/13/bits/stl_construct.h,"/usr/include/c++/13/bits/stl_construct.h:std::pair<std::__detail::_Node_iterator<unsigned long, true, false>, bool> std::_Hashtable<unsigned long, unsigned long",1.0,0.5,0.5,0.0,0.0,0.0,0.0,0.0,0.0,0.0,0.0,0.0,0.0,0.0,0.0
main__gcc__E__alg_uset_phased_n_1048576_u_524288,gcc,E,uset_phased,1048576,524288,malloc,./malloc/./malloc/morecore.c,./malloc/./malloc/morecore.c:__glibc_morecore [/usr/lib/x86_64-linux-gnu/libc.so.6],0.0033,0.0009,0.0005,0.0,0.0002,0.0001,0.0,0.0,0.0,0.0006,0.0,0.0,0.0,0.0,0.0003
main__gcc__E__alg_uset_phased_n_1048576_u_524288,gcc,E,uset_phased,1048576,524288,_M_rehash,/usr/include/c++/13/bits/new_allocator.h,"/usr/include/c++/13/bits/new_allocator.h:std::_Hashtable<unsigned long, unsigned long, std::allocator<unsigned long>, std::__detail::_Identity, std::equal_to<un",0.0003,0.0001,0.0,0.0,0.0,0.0,0.0,0.0,0.0,0.0001,0.0,0.0,0.0,0.0,0.0
main__gcc__E__alg_uset_phased_n_1048576_u_524288,gcc,E,uset_phased,1048576,524288,unique,/usr/include/c++/13/bits/unique_ptr.h,"/usr/include/c++/13/bits/unique_ptr.h:alg_uset_phased(std::vector<unsigned long, std::allocator<unsigned long> >&, Ctx const&)",0.0002,0.0,0.0,0.0,0.0,0.0,0.0,0.0,0.0,0.0,0.0,0.0,0.0,0.0,0.0
main__gcc__E__alg_uset_phased_n_1048576_u_524288,gcc,E,uset_phased,1048576,524288,malloc,./malloc/./malloc/malloc.c,./malloc/./malloc/malloc.c:sysmalloc_mmap.isra.0 [/usr/lib/x86_64-linux-gnu/libc.so.6],0.0001,0.0,0.0,0.0,0.0,0.0,0.0,0.0,0.0,0.0,0.0,0.0,0.0,0.0,0.0
main__gcc__E__alg_uset_phased_n_1048576_u_524288,gcc,E,uset_phased,1048576,524288,phase_insert,/usr/include/c++/13/bits/stl_iterator.h,"/usr/include/c++/13/bits/stl_iterator.h:void phase_insert<std::unordered_set<unsigned long, std::hash<unsigned long>, std::equal_to<unsigned long>, std::allocat",0.0,0.0,0.0,0.0,0.0,0.0,0.0,0.0,0.0,0.0,0.0,0.0,0.0,0.0,0.0
main__gcc__E__alg_uset_phased_n_1048576_u_524288,gcc,E,uset_phased,1048576,524288,phase_insert,/usr/include/c++/13/bits/stl_vector.h,"/usr/include/c++/13/bits/stl_vector.h:void phase_insert<std::unordered_set<unsigned long, std::hash<unsigned long>, std::equal_to<unsigned long>, std::allocator",0.0,0.0,0.0,0.0,0.0,0.0,0.0,0.0,0.0,0.0,0.0,0.0,0.0,0.0,0.0
main__gcc__E__alg_uset_phased_n_1048576_u_524288,gcc,E,uset_phased,1048576,524288,phase_insert,/usr/include/c++/13/bits/stl_algobase.h,"/usr/include/c++/13/bits/stl_algobase.h:void phase_insert<std::unordered_set<unsigned long, std::hash<unsigned long>, std::equal_to<unsigned long>, std::allocat",0.0,0.0,0.0,0.0,0.0,0.0,0.0,0.0,0.0,0.0,0.0,0.0,0.0,0.0,0.0
main__gcc__E__alg_uset_phased_n_1048576_u_524288,gcc,E,uset_phased,1048576,524288,rehash,=> /usr/include/c++/13/bits/hashtable.h,"=> /usr/include/c++/13/bits/hashtable.h:std::pair<std::__detail::_Node_iterator<unsigned long, true, false>, bool> std::_Hashtable<unsigned long, unsigned long,",173.5873,44.0426,21.7896,0.0,1.9933,0.1251,0.0,1.546,0.125,22.5464,0.7775,1.5,0.0,1.6711,2.1184
main__gcc__E__alg_uset_phased_n_1048576_u_524288,gcc,E,uset_phased,1048576,524288,_M_rehash,,const __rehash_state& __saved_state = _M_rehash_policy._M_state();,1.0,0.5,0.5,0.0,0.0,0.0,0.0,0.0,0.0,0.0,0.0,0.0,0.0,0.0,0.0
main__gcc__E__alg_uset_phased_n_1048576_u_524288,gcc,E,uset_phased,1048576,524288,_M_rehash,,"= _M_rehash_policy._M_need_rehash(_M_bucket_count, _M_element_count,",3.0,1.0,0.5,0.0,0.0,0.0,0.0,0.0,0.0,0.0,0.0,0.0,0.0,0.0,0.0
main__gcc__E__alg_uset_phased_n_1048576_u_524288,gcc,E,uset_phased,1048576,524288,_M_rehash,=> /usr/include/c++/13/bits/hashtable.h,"=> /usr/include/c++/13/bits/hashtable.h:std::_Hashtable<unsigned long, unsigned long, std::allocator<unsigned long>, std::__detail::_Identity, std::equal_to<uns",8.0595,0.0001,8.0592,0.0,0.0,0.063,0.0,0.0,0.063,8.0592,0.0,0.0,0.0,0.063,0.063
main__gcc__E__alg_uset_phased_n_1048576_u_524288,gcc,E,uset_phased,1048576,524288,resize,,{ return _M_next_resize; },0.0,0.0,0.0,0.0,0.0,0.0,0.0,0.0,0.0,0.0,0.0,0.0,0.0,0.0,0.0
main__gcc__E__alg_uset_phased_n_1048576_u_524288,gcc,E,uset_phased,1048576,524288,phase_insert,=> counters.cpp,"=> counters.cpp:void phase_insert<std::unordered_set<unsigned long, std::hash<unsigned long>, std::equal_to<unsigned long>, std::allocator<unsigned long> > >(st",189.647,45.0427,31.8488,0.0,2.0558,0.188,0.0,1.6086,0.188,31.6056,0.7775,1.5,0.0,1.7965,2.2439
main__gcc__E__alg_uset_phased_n_1048576_u_524288,gcc,E,uset_phased,1048576,524288,phase_dump,=> counters.cpp,"=> counters.cpp:void phase_dump<std::unordered_set<unsigned long, std::hash<unsigned long>, std::equal_to<unsigned long>, std::allocator<unsigned long> > >(std:",5.0,1.5,0.5,0.0,0.4593,0.0313,0.0,0.3792,0.0313,1.0,0.0,0.0,0.0,0.4104,0.4906
main__gcc__E__alg_uset_phased_n_1048576_u_524288,gcc,E,uset_phased,1048576,524288,phase_dtor,=> counters.cpp,"=> counters.cpp:void phase_dtor<std::unordered_set<unsigned long, std::hash<unsigned long>, std::equal_to<unsigned long>, std::allocator<unsigned long> > >(std:",69.0592,16.5,15.0591,0.0,0.2567,0.063,0.0,0.2037,0.063,18.5591,0.0,1.5,0.0,0.2667,0.3196
main__gcc__P__alg_flat_n_1048576_u_1048576,gcc,P,flat,1048576,1048576,measured_call,counters.cpp,counters.cpp:measured_call [/home/user/conference-hardfest-algorithms/bench/deep/counters/build/counters_gcc],128.6681,21.168,11.0552,0.0001,1.2213,1.0575,0.0001,0.1612,0.3534,15.1204,1.8401,0.0,0.0,0.5146,2.2788
main__gcc__P__alg_flat_n_1048576_u_1048576,gcc,P,flat,1048576,1048576,raw_hash_set,../../build/abseil-cpp/absl/container/internal/raw_hash_set.h,"../../build/abseil-cpp/absl/container/internal/raw_hash_set.h:alg_flat(std::vector<unsigned long, std::allocator<unsigned long> >&, Ctx const&)",68.8475,12.1672,8.0552,0.0001,0.0307,0.0156,0.0001,0.0046,0.0156,6.1204,0.0431,0.0,0.0,0.0202,0.0463
main__gcc__P__alg_flat_n_1048576_u_1048576,gcc,P,flat,1048576,1048576,raw_hash_set,/usr/include/c++/13/bits/vector.tcc,"/usr/include/c++/13/bits/vector.tcc:void std::vector<unsigned long, std::allocator<unsigned long> >::_M_assign_aux<absl::lts_20260817::container_internal::raw_h",36.7867,5.0,1.0,0.0,0.1562,0.0625,0.0,0.094,0.0625,8.0,1.797,0.0,0.0,0.1565,0.2187
main__gcc__P__alg_flat_n_1048576_u_1048576,gcc,P,flat,1048576,1048576,raw_hash_set,/usr/include/c++/13/bits/stl_algobase.h,/usr/include/c++/13/bits/stl_algobase.h:unsigned long* std::copy<absl::lts_20260817::container_internal::raw_hash_set<absl::lts_20260817::container_internal::Fl,19.3933,3.0,1.0,0.0,0.1406,0.0625,0.0,0.094,0.0625,4.0,0.8985,0.0,0.0,0.1565,0.2031
main__gcc__P__alg_flat_n_1048576_u_1048576,gcc,P,flat,1048576,1048576,operator new,???,???:operator new(unsigned long) [/usr/lib/x86_64-linux-gnu/libstdc++.so.6.0.33],0.0004,0.0001,0.0001,0.0,0.0,0.0,0.0,0.0,0.0,0.0001,0.0,0.0,0.0,0.0,0.0
main__gcc__P__alg_flat_n_1048576_u_1048576,gcc,P,flat,1048576,1048576,malloc,./malloc/./malloc/malloc.c,./malloc/./malloc/malloc.c:malloc [/usr/lib/x86_64-linux-gnu/libc.so.6],0.0004,0.0001,0.0,0.0,0.0,0.0,0.0,0.0,0.0,0.0001,0.0,0.0,0.0,0.0,0.0
main__gcc__P__alg_flat_n_1048576_u_1048576,gcc,P,flat,1048576,1048576,malloc,./malloc/./malloc/malloc.c,./malloc/./malloc/malloc.c:_int_malloc [/usr/lib/x86_64-linux-gnu/libc.so.6],0.0003,0.0001,0.0,0.0,0.0,0.0,0.0,0.0,0.0,0.0001,0.0,0.0,0.0,0.0,0.0
main__gcc__P__alg_flat_n_1048576_u_1048576,gcc,P,flat,1048576,1048576,malloc,./malloc/./malloc/malloc.c,./malloc/./malloc/malloc.c:sysmalloc_mmap.isra.0 [/usr/lib/x86_64-linux-gnu/libc.so.6],0.0001,0.0,0.0,0.0,0.0,0.0,0.0,0.0,0.0,0.0,0.0,0.0,0.0,0.0,0.0
main__gcc__P__alg_flat_n_1048576_u_1048576,gcc,P,flat,1048576,1048576,raw_hash_set,=> /usr/include/c++/13/bits/vector.tcc,"=> /usr/include/c++/13/bits/vector.tcc:void std::vector<unsigned long, std::allocator<unsigned long> >::_M_assign_aux<absl::lts_20260817::container_internal::ra",36.7867,5.0,1.0,0.0,0.1562,0.0625,0.0,0.094,0.0625,8.0,1.797,0.0,0.0,0.1565,0.2187
main__gcc__P__alg_flat_n_1048576_u_1048576,gcc,P,flat,1048576,1048576,raw_hash_set,=> /usr/include/c++/13/bits/stl_algobase.h,=> /usr/include/c++/13/bits/stl_algobase.h:unsigned long* std::copy<absl::lts_20260817::container_internal::raw_hash_set<absl::lts_20260817::container_internal:,19.3933,3.0,1.0,0.0,0.1406,0.0625,0.0,0.094,0.0625,4.0,0.8985,0.0,0.0,0.1565,0.2031
main__gcc__P__alg_flat_n_1048576_u_524288,gcc,P,flat,1048576,524288,measured_call,counters.cpp,counters.cpp:measured_call [/home/user/conference-hardfest-algorithms/bench/deep/counters/build/counters_gcc],100.5234,15.576,7.0277,0.0001,1.6937,0.5411,0.0001,0.2028,0.2182,12.5449,1.544,0.0,0.0,0.421,2.2347
main__gcc__P__alg_flat_n_1048576_u_524288,gcc,P,flat,1048576,524288,raw_hash_set,../../build/abseil-cpp/absl/container/internal/raw_hash_set.h,"../../build/abseil-cpp/absl/container/internal/raw_hash_set.h:alg_flat(std::vector<unsigned long, std::allocator<unsigned long> >&, Ctx const&)",47.3522,8.0759,5.0277,0.0001,0.506,0.0156,0.0001,0.0616,0.0156,5.5449,0.357,0.0,0.0,0.0773,0.5216
main__gcc__P__alg_flat_n_1048576_u_524288,gcc,P,flat,1048576,524288,raw_hash_set,/usr/include/c++/13/bits/vector.tcc,"/usr/include/c++/13/bits/vector.tcc:void std::vector<unsigned long, std::allocator<unsigned long> >::_M_assign_aux<absl::lts_20260817::container_internal::raw_h",32.6628,4.5,0.5,0.0,0.154,0.0313,0.0,0.0786,0.0313,6.0,1.1871,0.0,0.0,0.1099,0.1853
main__gcc__P__alg_flat_n_1048576_u_524288,gcc,P,flat,1048576,524288,raw_hash_set,/usr/include/c++/13/bits/stl_algobase.h,/usr/include/c++/13/bits/stl_algobase.h:unsigned long* std::copy<absl::lts_20260817::container_internal::raw_hash_set<absl::lts_20260817::container_internal::Fl,16.8314,2.5,0.5,0.0,0.1384,0.0313,0.0,0.0786,0.0313,3.0,0.5935,0.0,0.0,0.1099,0.1697
main__gcc__P__alg_flat_n_1048576_u_524288,gcc,P,flat,1048576,524288,operator new,???,???:operator new(unsigned long) [/usr/lib/x86_64-linux-gnu/libstdc++.so.6.0.33],0.0003,0.0001,0.0,0.0,0.0,0.0,0.0,0.0,0.0,0.0,0.0,0.0,0.0,0.0,0.0
main__gcc__P__alg_flat_n_1048576_u_524288,gcc,P,flat,1048576,524288,malloc,./malloc/./malloc/malloc.c,./malloc/./malloc/malloc.c:malloc [/usr/lib/x86_64-linux-gnu/libc.so.6],0.0003,0.0001,0.0,0.0,0.0,0.0,0.0,0.0,0.0,0.0,0.0,0.0,0.0,0.0,0.0
main__gcc__P__alg_flat_n_1048576_u_524288,gcc,P,flat,1048576,524288,malloc,./malloc/./malloc/malloc.c,./malloc/./malloc/malloc.c:_int_malloc [/usr/lib/x86_64-linux-gnu/libc.so.6],0.0003,0.0001,0.0,0.0,0.0,0.0,0.0,0.0,0.0,0.0,0.0,0.0,0.0,0.0,0.0
main__gcc__P__alg_flat_n_1048576_u_524288,gcc,P,flat,1048576,524288,malloc,./malloc/./malloc/malloc.c,./malloc/./malloc/malloc.c:sysmalloc_mmap.isra.0 [/usr/lib/x86_64-linux-gnu/libc.so.6],0.0001,0.0,0.0,0.0,0.0,0.0,0.0,0.0,0.0,0.0,0.0,0.0,0.0,0.0,0.0
main__gcc__P__alg_flat_n_1048576_u_524288,gcc,P,flat,1048576,524288,raw_hash_set,=> /usr/include/c++/13/bits/stl_algobase.h,=> /usr/include/c++/13/bits/stl_algobase.h:unsigned long* std::copy<absl::lts_20260817::container_internal::raw_hash_set<absl::lts_20260817::container_internal:,16.8314,2.5,0.5,0.0,0.1384,0.0313,0.0,0.0786,0.0313,3.0,0.5935,0.0,0.0,0.1099,0.1697
main__gcc__P__alg_flat_n_1048576_u_524288,gcc,P,flat,1048576,524288,raw_hash_set,=> /usr/include/c++/13/bits/vector.tcc,"=> /usr/include/c++/13/bits/vector.tcc:void std::vector<unsigned long, std::allocator<unsigned long> >::_M_assign_aux<absl::lts_20260817::container_internal::ra",32.6628,4.5,0.5,0.0,0.154,0.0313,0.0,0.0786,0.0313,6.0,1.1871,0.0,0.0,0.1099,0.1853
main__gcc__P__alg_flat_phased_n_1048576_u_1048576,gcc,P,flat_phased,1048576,1048576,measured_call,counters.cpp,counters.cpp:measured_call [/home/user/conference-hardfest-algorithms/bench/deep/counters/build/counters_gcc],126.6687,21.1681,11.0553,0.0001,1.2213,1.0575,0.0001,0.1612,0.3534,15.1205,1.8401,0.0,0.0,0.5146,2.2788
main__gcc__P__alg_flat_phased_n_1048576_u_1048576,gcc,P,flat_phased,1048576,1048576,phase_insert,counters.cpp,"counters.cpp:void phase_insert<absl::lts_20260817::flat_hash_set<unsigned long, absl::lts_20260817::hash_internal::Hash<unsigned long>, std::equal_to<unsigned l",89.8813,16.168,10.0552,0.0,1.065,0.995,0.0,0.0671,0.2909,7.1204,0.0431,0.0,0.0,0.358,2.0601
main__gcc__P__alg_flat_phased_n_1048576_u_1048576,gcc,P,flat_phased,1048576,1048576,phase_insert,../../build/abseil-cpp/absl/container/internal/raw_hash_set.h,"../../build/abseil-cpp/absl/container/internal/raw_hash_set.h:void phase_insert<absl::lts_20260817::flat_hash_set<unsigned long, absl::lts_20260817::hash_intern",67.8473,12.1672,8.0552,0.0,0.0307,0.0156,0.0,0.0046,0.0156,6.1204,0.0431,0.0,0.0,0.0202,0.0463
main__gcc__P__alg_flat_phased_n_1048576_u_1048576,gcc,P,flat_phased,1048576,1048576,phase_dump,counters.cpp,"counters.cpp:void phase_dump<absl::lts_20260817::flat_hash_set<unsigned long, absl::lts_20260817::hash_internal::Hash<unsigned long>, std::equal_to<unsigned lon",36.7867,5.0,1.0,0.0,0.1562,0.0625,0.0,0.094,0.0625,8.0,1.797,0.0,0.0,0.1565,0.2187
main__gcc__P__alg_flat_phased_n_1048576_u_1048576,gcc,P,flat_phased,1048576,1048576,phase_dump,/usr/include/c++/13/bits/stl_vector.h,"/usr/include/c++/13/bits/stl_vector.h:void phase_dump<absl::lts_20260817::flat_hash_set<unsigned long, absl::lts_20260817::hash_internal::Hash<unsigned long>, s",36.7867,5.0,1.0,0.0,0.1562,0.0625,0.0,0.094,0.0625,8.0,1.797,0.0,0.0,0.1565,0.2187
main__gcc__P__alg_flat_phased_n_1048576_u_1048576,gcc,P,flat_phased,1048576,1048576,raw_hash_set,/usr/include/c++/13/bits/vector.tcc,"/usr/include/c++/13/bits/vector.tcc:void std::vector<unsigned long, std::allocator<unsigned long> >::_M_assign_aux<absl::lts_20260817::container_internal::raw_h",36.7867,5.0,1.0,0.0,0.1562,0.0625,0.0,0.094,0.0625,8.0,1.797,0.0,0.0,0.1565,0.2187
main__gcc__P__alg_flat_phased_n_1048576_u_1048576,gcc,P,flat_phased,1048576,1048576,raw_hash_set,/usr/include/c++/13/bits/stl_algobase.h,/usr/include/c++/13/bits/stl_algobase.h:unsigned long* std::copy<absl::lts_20260817::container_internal::raw_hash_set<absl::lts_20260817::container_internal::Fl,19.3933,3.0,1.0,0.0,0.1406,0.0625,0.0,0.094,0.0625,4.0,0.8985,0.0,0.0,0.1565,0.2031
main__gcc__P__alg_flat_phased_n_1048576_u_1048576,gcc,P,flat_phased,1048576,1048576,phase_insert,../../build/abseil-cpp/absl/hash/internal/hash.h,"../../build/abseil-cpp/absl/hash/internal/hash.h:void phase_insert<absl::lts_20260817::flat_hash_set<unsigned long, absl::lts_20260817::hash_internal::Hash<unsi",2.0,0.0,0.0,0.0,0.0,0.0,0.0,0.0,0.0,0.0,0.0,0.0,0.0,0.0,0.0
main__gcc__P__alg_flat_phased_n_1048576_u_1048576,gcc,P,flat_phased,1048576,1048576,phase_insert,../../build/abseil-cpp/absl/numeric/int128.h,"../../build/abseil-cpp/absl/numeric/int128.h:void phase_insert<absl::lts_20260817::flat_hash_set<unsigned long, absl::lts_20260817::hash_internal::Hash<unsigned",1.0,0.0,0.0,0.0,0.0,0.0,0.0,0.0,0.0,0.0,0.0,0.0,0.0,0.0,0.0
main__gcc__P__alg_flat_phased_n_1048576_u_1048576,gcc,P,flat_phased,1048576,1048576,phase_insert,../../build/abseil-cpp/absl/container/internal/hashtable_control_bytes.h,"../../build/abseil-cpp/absl/container/internal/hashtable_control_bytes.h:void phase_insert<absl::lts_20260817::flat_hash_set<unsigned long, absl::lts_20260817::",0.0312,0.0,0.0,0.0,0.0,0.0,0.0,0.0,0.0,0.0,0.0,0.0,0.0,0.0,0.0
main__gcc__P__alg_flat_phased_n_1048576_u_1048576,gcc,P,flat_phased,1048576,1048576,operator new,???,???:operator new(unsigned long) [/usr/lib/x86_64-linux-gnu/libstdc++.so.6.0.33],0.0009,0.0001,0.0001,0.0,0.0,0.0,0.0,0.0,0.0,0.0002,0.0,0.0,0.0,0.0,0.0
main__gcc__P__alg_flat_phased_n_1048576_u_1048576,gcc,P,flat_phased,1048576,1048576,malloc,./malloc/./malloc/malloc.c,./malloc/./malloc/malloc.c:malloc [/usr/lib/x86_64-linux-gnu/libc.so.6],0.0008,0.0001,0.0001,0.0,0.0,0.0,0.0,0.0,0.0,0.0002,0.0,0.0,0.0,0.0,0.0
main__gcc__P__alg_flat_phased_n_1048576_u_1048576,gcc,P,flat_phased,1048576,1048576,malloc,./malloc/./malloc/malloc.c,./malloc/./malloc/malloc.c:_int_malloc [/usr/lib/x86_64-linux-gnu/libc.so.6],0.0007,0.0001,0.0001,0.0,0.0,0.0,0.0,0.0,0.0,0.0002,0.0,0.0,0.0,0.0,0.0
main__gcc__P__alg_flat_phased_n_1048576_u_1048576,gcc,P,flat_phased,1048576,1048576,unique,/usr/include/c++/13/bits/unique_ptr.h,"/usr/include/c++/13/bits/unique_ptr.h:alg_flat_phased(std::vector<unsigned long, std::allocator<unsigned long> >&, Ctx const&)",0.0005,0.0001,0.0,0.0,0.0,0.0,0.0,0.0,0.0,0.0001,0.0,0.0,0.0,0.0,0.0
main__gcc__P__alg_flat_phased_n_1048576_u_1048576,gcc,P,flat_phased,1048576,1048576,malloc,./malloc/./malloc/malloc.c,./malloc/./malloc/malloc.c:sysmalloc_mmap.isra.0 [/usr/lib/x86_64-linux-gnu/libc.so.6],0.0001,0.0,0.0,0.0,0.0,0.0,0.0,0.0,0.0,0.0,0.0,0.0,0.0,0.0,0.0
main__gcc__P__alg_flat_phased_n_1048576_u_1048576,gcc,P,flat_phased,1048576,1048576,phase_insert,/usr/include/c++/13/bits/stl_iterator.h,"/usr/include/c++/13/bits/stl_iterator.h:void phase_insert<absl::lts_20260817::flat_hash_set<unsigned long, absl::lts_20260817::hash_internal::Hash<unsigned long",0.0,0.0,0.0,0.0,0.0,0.0,0.0,0.0,0.0,0.0,0.0,0.0,0.0,0.0,0.0
main__gcc__P__alg_flat_phased_n_1048576_u_1048576,gcc,P,flat_phased,1048576,1048576,phase_insert,../../build/abseil-cpp/absl/functional/function_ref.h,"../../build/abseil-cpp/absl/functional/function_ref.h:void phase_insert<absl::lts_20260817::flat_hash_set<unsigned long, absl::lts_20260817::hash_internal::Hash",0.0,0.0,0.0,0.0,0.0,0.0,0.0,0.0,0.0,0.0,0.0,0.0,0.0,0.0,0.0
main__gcc__P__alg_flat_phased_n_1048576_u_1048576,gcc,P,flat_phased,1048576,1048576,raw_hash_set,=> /usr/include/c++/13/bits/vector.tcc,"=> /usr/include/c++/13/bits/vector.tcc:void std::vector<unsigned long, std::allocator<unsigned long> >::_M_assign_aux<absl::lts_20260817::container_internal::ra",36.7867,5.0,1.0,0.0,0.1562,0.0625,0.0,0.094,0.0625,8.0,1.797,0.0,0.0,0.1565,0.2187
main__gcc__P__alg_flat_phased_n_1048576_u_1048576,gcc,P,flat_phased,1048576,1048576,raw_hash_set,=> /usr/include/c++/13/bits/stl_algobase.h,=> /usr/include/c++/13/bits/stl_algobase.h:unsigned long* std::copy<absl::lts_20260817::container_internal::raw_hash_set<absl::lts_20260817::container_internal:,19.3933,3.0,1.0,0.0,0.1406,0.0625,0.0,0.094,0.0625,4.0,0.8985,0.0,0.0,0.1565,0.2031
main__gcc__P__alg_flat_phased_n_1048576_u_1048576,gcc,P,flat_phased,1048576,1048576,phase_insert,=> counters.cpp,"=> counters.cpp:void phase_insert<absl::lts_20260817::flat_hash_set<unsigned long, absl::lts_20260817::hash_internal::Hash<unsigned long>, std::equal_to<unsigne",89.8813,16.168,10.0552,0.0,1.065,0.995,0.0,0.0671,0.2909,7.1204,0.0431,0.0,0.0,0.358,2.0601
main__gcc__P__alg_flat_phased_n_1048576_u_1048576,gcc,P,flat_phased,1048576,1048576,phase_dump,=> counters.cpp,"=> counters.cpp:void phase_dump<absl::lts_20260817::flat_hash_set<unsigned long, absl::lts_20260817::hash_internal::Hash<unsigned long>, std::equal_to<unsigned ",36.7867,5.0,1.0,0.0,0.1562,0.0625,0.0,0.094,0.0625,8.0,1.797,0.0,0.0,0.1565,0.2187
main__gcc__P__alg_flat_phased_n_1048576_u_524288,gcc,P,flat_phased,1048576,524288,measured_call,counters.cpp,counters.cpp:measured_call [/home/user/conference-hardfest-algorithms/bench/deep/counters/build/counters_gcc],99.5237,15.576,7.0277,0.0001,1.6937,0.5411,0.0001,0.2028,0.2182,12.5449,1.5441,0.0,0.0,0.421,2.2347
main__gcc__P__alg_flat_phased_n_1048576_u_524288,gcc,P,flat_phased,1048576,524288,phase_insert,counters.cpp,"counters.cpp:void phase_insert<absl::lts_20260817::flat_hash_set<unsigned long, absl::lts_20260817::hash_internal::Hash<unsigned long>, std::equal_to<unsigned l",66.8604,11.0759,6.5277,0.0,1.5396,0.5098,0.0,0.1241,0.187,6.5449,0.357,0.0,0.0,0.3111,2.0494
main__gcc__P__alg_flat_phased_n_1048576_u_524288,gcc,P,flat_phased,1048576,524288,phase_insert,../../build/abseil-cpp/absl/container/internal/raw_hash_set.h,"../../build/abseil-cpp/absl/container/internal/raw_hash_set.h:void phase_insert<absl::lts_20260817::flat_hash_set<unsigned long, absl::lts_20260817::hash_intern",46.852,8.0759,5.0276,0.0,0.506,0.0156,0.0,0.0616,0.0156,5.5449,0.357,0.0,0.0,0.0772,0.5216
main__gcc__P__alg_flat_phased_n_1048576_u_524288,gcc,P,flat_phased,1048576,524288,phase_dump,counters.cpp,"counters.cpp:void phase_dump<absl::lts_20260817::flat_hash_set<unsigned long, absl::lts_20260817::hash_internal::Hash<unsigned long>, std::equal_to<unsigned lon",32.6628,4.5,0.5,0.0,0.154,0.0313,0.0,0.0786,0.0313,6.0,1.1871,0.0,0.0,0.1099,0.1853
main__gcc__P__alg_flat_phased_n_1048576_u_524288,gcc,P,flat_phased,1048576,524288,phase_dump,/usr/include/c++/13/bits/stl_vector.h,"/usr/include/c++/13/bits/stl_vector.h:void phase_dump<absl::lts_20260817::flat_hash_set<unsigned long, absl::lts_20260817::hash_internal::Hash<unsigned long>, s",32.6628,4.5,0.5,0.0,0.154,0.0313,0.0,0.0786,0.0313,6.0,1.1871,0.0,0.0,0.1099,0.1853
main__gcc__P__alg_flat_phased_n_1048576_u_524288,gcc,P,flat_phased,1048576,524288,raw_hash_set,/usr/include/c++/13/bits/vector.tcc,"/usr/include/c++/13/bits/vector.tcc:void std::vector<unsigned long, std::allocator<unsigned long> >::_M_assign_aux<absl::lts_20260817::container_internal::raw_h",32.6628,4.5,0.5,0.0,0.154,0.0313,0.0,0.0786,0.0313,6.0,1.1871,0.0,0.0,0.1099,0.1853
main__gcc__P__alg_flat_phased_n_1048576_u_524288,gcc,P,flat_phased,1048576,524288,raw_hash_set,/usr/include/c++/13/bits/stl_algobase.h,/usr/include/c++/13/bits/stl_algobase.h:unsigned long* std::copy<absl::lts_20260817::container_internal::raw_hash_set<absl::lts_20260817::container_internal::Fl,16.8314,2.5,0.5,0.0,0.1384,0.0313,0.0,0.0786,0.0313,3.0,0.5935,0.0,0.0,0.1099,0.1697
main__gcc__P__alg_flat_phased_n_1048576_u_524288,gcc,P,flat_phased,1048576,524288,phase_insert,../../build/abseil-cpp/absl/hash/internal/hash.h,"../../build/abseil-cpp/absl/hash/internal/hash.h:void phase_insert<absl::lts_20260817::flat_hash_set<unsigned long, absl::lts_20260817::hash_internal::Hash<unsi",2.0,0.0,0.0,0.0,0.0,0.0,0.0,0.0,0.0,0.0,0.0,0.0,0.0,0.0,0.0
main__gcc__P__alg_flat_phased_n_1048576_u_524288,gcc,P,flat_phased,1048576,524288,phase_insert,../../build/abseil-cpp/absl/numeric/int128.h,"../../build/abseil-cpp/absl/numeric/int128.h:void phase_insert<absl::lts_20260817::flat_hash_set<unsigned long, absl::lts_20260817::hash_internal::Hash<unsigned",1.0,0.0,0.0,0.0,0.0,0.0,0.0,0.0,0.0,0.0,0.0,0.0,0.0,0.0,0.0
main__gcc__P__alg_flat_phased_n_1048576_u_524288,gcc,P,flat_phased,1048576,524288,phase_insert,../../build/abseil-cpp/absl/container/internal/hashtable_control_bytes.h,"../../build/abseil-cpp/absl/container/internal/hashtable_control_bytes.h:void phase_insert<absl::lts_20260817::flat_hash_set<unsigned long, absl::lts_20260817::",0.0084,0.0,0.0,0.0,0.0,0.0,0.0,0.0,0.0,0.0,0.0,0.0,0.0,0.0,0.0
main__gcc__P__alg_flat_phased_n_1048576_u_524288,gcc,P,flat_phased,1048576,524288,operator new,???,???:operator new(unsigned long) [/usr/lib/x86_64-linux-gnu/libstdc++.so.6.0.33],0.0005,0.0001,0.0001,0.0,0.0,0.0,0.0,0.0,0.0,0.0001,0.0,0.0,0.0,0.0,0.0
main__gcc__P__alg_flat_phased_n_1048576_u_524288,gcc,P,flat_phased,1048576,524288,malloc,./malloc/./malloc/malloc.c,./malloc/./malloc/malloc.c:malloc [/usr/lib/x86_64-linux-gnu/libc.so.6],0.0005,0.0001,0.0001,0.0,0.0,0.0,0.0,0.0,0.0,0.0001,0.0,0.0,0.0,0.0,0.0
main__gcc__P__alg_flat_phased_n_1048576_u_524288,gcc,P,flat_phased,1048576,524288,malloc,./malloc/./malloc/malloc.c,./malloc/./malloc/malloc.c:_int_malloc [/usr/lib/x86_64-linux-gnu/libc.so.6],0.0004,0.0001,0.0,0.0,0.0,0.0,0.0,0.0,0.0,0.0001,0.0,0.0,0.0,0.0,0.0
main__gcc__P__alg_flat_phased_n_1048576_u_524288,gcc,P,flat_phased,1048576,524288,unique,/usr/include/c++/13/bits/unique_ptr.h,"/usr/include/c++/13/bits/unique_ptr.h:alg_flat_phased(std::vector<unsigned long, std::allocator<unsigned long> >&, Ctx const&)",0.0002,0.0,0.0,0.0,0.0,0.0,0.0,0.0,0.0,0.0,0.0,0.0,0.0,0.0,0.0
main__gcc__P__alg_flat_phased_n_1048576_u_524288,gcc,P,flat_phased,1048576,524288,malloc,./malloc/./malloc/malloc.c,./malloc/./malloc/malloc.c:sysmalloc_mmap.isra.0 [/usr/lib/x86_64-linux-gnu/libc.so.6],0.0001,0.0,0.0,0.0,0.0,0.0,0.0,0.0,0.0,0.0,0.0,0.0,0.0,0.0,0.0
main__gcc__P__alg_flat_phased_n_1048576_u_524288,gcc,P,flat_phased,1048576,524288,phase_insert,/usr/include/c++/13/bits/stl_iterator.h,"/usr/include/c++/13/bits/stl_iterator.h:void phase_insert<absl::lts_20260817::flat_hash_set<unsigned long, absl::lts_20260817::hash_internal::Hash<unsigned long",0.0,0.0,0.0,0.0,0.0,0.0,0.0,0.0,0.0,0.0,0.0,0.0,0.0,0.0,0.0
main__gcc__P__alg_flat_phased_n_1048576_u_524288,gcc,P,flat_phased,1048576,524288,phase_insert,../../build/abseil-cpp/absl/functional/function_ref.h,"../../build/abseil-cpp/absl/functional/function_ref.h:void phase_insert<absl::lts_20260817::flat_hash_set<unsigned long, absl::lts_20260817::hash_internal::Hash",0.0,0.0,0.0,0.0,0.0,0.0,0.0,0.0,0.0,0.0,0.0,0.0,0.0,0.0,0.0
main__gcc__P__alg_flat_phased_n_1048576_u_524288,gcc,P,flat_phased,1048576,524288,raw_hash_set,=> /usr/include/c++/13/bits/stl_algobase.h,=> /usr/include/c++/13/bits/stl_algobase.h:unsigned long* std::copy<absl::lts_20260817::container_internal::raw_hash_set<absl::lts_20260817::container_internal:,16.8314,2.5,0.5,0.0,0.1384,0.0313,0.0,0.0786,0.0313,3.0,0.5935,0.0,0.0,0.1099,0.1697
main__gcc__P__alg_flat_phased_n_1048576_u_524288,gcc,P,flat_phased,1048576,524288,phase_insert,=> counters.cpp,"=> counters.cpp:void phase_insert<absl::lts_20260817::flat_hash_set<unsigned long, absl::lts_20260817::hash_internal::Hash<unsigned long>, std::equal_to<unsigne",66.8604,11.0759,6.5277,0.0,1.5396,0.5098,0.0,0.1241,0.187,6.5449,0.357,0.0,0.0,0.3111,2.0494
main__gcc__P__alg_flat_phased_n_1048576_u_524288,gcc,P,flat_phased,1048576,524288,phase_dump,=> counters.cpp,"=> counters.cpp:void phase_dump<absl::lts_20260817::flat_hash_set<unsigned long, absl::lts_20260817::hash_internal::Hash<unsigned long>, std::equal_to<unsigned ",32.6628,4.5,0.5,0.0,0.154,0.0313,0.0,0.0786,0.0313,6.0,1.1871,0.0,0.0,0.1099,0.1853
main__gcc__P__alg_flat_phased_n_1048576_u_524288,gcc,P,flat_phased,1048576,524288,raw_hash_set,=> /usr/include/c++/13/bits/vector.tcc,"=> /usr/include/c++/13/bits/vector.tcc:void std::vector<unsigned long, std::allocator<unsigned long> >::_M_assign_aux<absl::lts_20260817::container_internal::ra",32.6628,4.5,0.5,0.0,0.154,0.0313,0.0,0.0786,0.0313,6.0,1.1871,0.0,0.0,0.1099,0.1853
main__gcc__P__alg_radix_n_1048576_u_1048576,gcc,P,radix,1048576,1048576,measured_call,counters.cpp,counters.cpp:measured_call [/home/user/conference-hardfest-algorithms/bench/deep/counters/build/counters_gcc],125.0144,19.0024,24.0032,0.0001,0.6255,0.9721,0.0001,0.0005,0.0628,11.0032,0.0002,0.0,0.0,0.0633,1.5976
main__gcc__P__alg_radix_n_1048576_u_1048576,gcc,P,radix,1048576,1048576,unique,/usr/include/c++/13/bits/stl_iterator.h,"/usr/include/c++/13/bits/stl_iterator.h:__gnu_cxx::__normal_iterator<unsigned long*, std::vector<unsigned long, std::allocator<unsigned long> > > std::__unique<",2.0,0.0,0.0,0.0,0.0,0.0,0.0,0.0,0.0,0.0,0.0,0.0,0.0,0.0,0.0
main__gcc__P__alg_radix_n_1048576_u_1048576,gcc,P,radix,1048576,1048576,operator new,???,???:operator new[](unsigned long) [/usr/lib/x86_64-linux-gnu/libstdc++.so.6.0.33],0.0013,0.0004,0.0002,0.0001,0.0,0.0,0.0001,0.0,0.0,0.0002,0.0001,0.0,0.0,0.0001,0.0001
main__gcc__P__alg_radix_n_1048576_u_1048576,gcc,P,radix,1048576,1048576,operator new,???,???:operator new(unsigned long) [/usr/lib/x86_64-linux-gnu/libstdc++.so.6.0.33],0.0007,0.0001,0.0001,0.0001,0.0,0.0,0.0001,0.0,0.0,0.0001,0.0,0.0,0.0,0.0,0.0
main__gcc__P__alg_radix_n_1048576_u_1048576,gcc,P,radix,1048576,1048576,malloc,./malloc/./malloc/malloc.c,./malloc/./malloc/malloc.c:malloc [/usr/lib/x86_64-linux-gnu/libc.so.6],0.0007,0.0001,0.0001,0.0001,0.0,0.0,0.0001,0.0,0.0,0.0001,0.0,0.0,0.0,0.0,0.0
main__gcc__P__alg_radix_n_1048576_u_1048576,gcc,P,radix,1048576,1048576,malloc,./malloc/./malloc/malloc.c,./malloc/./malloc/malloc.c:_int_malloc [/usr/lib/x86_64-linux-gnu/libc.so.6],0.0006,0.0001,0.0001,0.0,0.0,0.0,0.0,0.0,0.0,0.0001,0.0,0.0,0.0,0.0,0.0
main__gcc__P__alg_radix_n_1048576_u_1048576,gcc,P,radix,1048576,1048576,malloc,./malloc/./malloc/malloc.c,./malloc/./malloc/malloc.c:_int_free [/usr/lib/x86_64-linux-gnu/libc.so.6],0.0003,0.0001,0.0,0.0,0.0,0.0,0.0,0.0,0.0,0.0,0.0,0.0,0.0,0.0,0.0
main__gcc__P__alg_radix_n_1048576_u_1048576,gcc,P,radix,1048576,1048576,unique,/usr/include/c++/13/bits/unique_ptr.h,"/usr/include/c++/13/bits/unique_ptr.h:alg_radix(std::vector<unsigned long, std::allocator<unsigned long> >&, Ctx const&)",0.0002,0.0001,0.0,0.0,0.0,0.0,0.0,0.0,0.0,0.0,0.0,0.0,0.0,0.0,0.0
main__gcc__P__alg_radix_n_1048576_u_1048576,gcc,P,radix,1048576,1048576,operator delete,???,???:operator delete[](void*) [/usr/lib/x86_64-linux-gnu/libstdc++.so.6.0.33],0.0002,0.0,0.0,0.0,0.0,0.0,0.0,0.0,0.0,0.0,0.0,0.0,0.0,0.0,0.0
main__gcc__P__alg_radix_n_1048576_u_1048576,gcc,P,radix,1048576,1048576,operator delete,???,???:operator delete(void*) [/usr/lib/x86_64-linux-gnu/libstdc++.so.6.0.33],0.0002,0.0,0.0,0.0,0.0,0.0,0.0,0.0,0.0,0.0,0.0,0.0,0.0,0.0,0.0
main__gcc__P__alg_radix_n_1048576_u_1048576,gcc,P,radix,1048576,1048576,malloc,./malloc/./malloc/malloc.c,./malloc/./malloc/malloc.c:free [/usr/lib/x86_64-linux-gnu/libc.so.6],0.0002,0.0,0.0,0.0,0.0,0.0,0.0,0.0,0.0,0.0,0.0,0.0,0.0,0.0,0.0
main__gcc__P__alg_radix_n_1048576_u_1048576,gcc,P,radix,1048576,1048576,malloc,./malloc/./malloc/morecore.c,./malloc/./malloc/morecore.c:__glibc_morecore [/usr/lib/x86_64-linux-gnu/libc.so.6],0.0001,0.0,0.0,0.0,0.0,0.0,0.0,0.0,0.0,0.0,0.0,0.0,0.0,0.0,0.0
main__gcc__P__alg_radix_n_1048576_u_524288,gcc,P,radix,1048576,524288,measured_call,counters.cpp,counters.cpp:measured_call [/home/user/conference-hardfest-algorithms/bench/deep/counters/build/counters_gcc],126.5139,18.0023,24.5031,0.0001,0.6252,0.6144,0.0001,0.0004,0.0628,11.0031,0.4298,0.0,0.0,0.0632,1.2396
main__gcc__P__alg_radix_n_1048576_u_524288,gcc,P,radix,1048576,524288,unique,/usr/include/c++/13/bits/stl_iterator.h,"/usr/include/c++/13/bits/stl_iterator.h:__gnu_cxx::__normal_iterator<unsigned long*, std::vector<unsigned long, std::allocator<unsigned long> > > std::__unique<",1.0,0.0,0.0,0.0,0.0,0.0,0.0,0.0,0.0,0.0,0.0,0.0,0.0,0.0,0.0
main__gcc__P__alg_radix_n_1048576_u_524288,gcc,P,radix,1048576,524288,operator new,???,???:operator new[](unsigned long) [/usr/lib/x86_64-linux-gnu/libstdc++.so.6.0.33],0.0009,0.0003,0.0002,0.0001,0.0,0.0,0.0001,0.0,0.0,0.0001,0.0,0.0,0.0,0.0001,0.0001
main__gcc__P__alg_radix_n_1048576_u_524288,gcc,P,radix,1048576,524288,operator new,???,???:operator new(unsigned long) [/usr/lib/x86_64-linux-gnu/libstdc++.so.6.0.33],0.0003,0.0001,0.0,0.0,0.0,0.0,0.0,0.0,0.0,0.0,0.0,0.0,0.0,0.0,0.0
main__gcc__P__alg_radix_n_1048576_u_524288,gcc,P,radix,1048576,524288,malloc,./malloc/./malloc/malloc.c,./malloc/./malloc/malloc.c:malloc [/usr/lib/x86_64-linux-gnu/libc.so.6],0.0003,0.0001,0.0,0.0,0.0,0.0,0.0,0.0,0.0,0.0,0.0,0.0,0.0,0.0,0.0
main__gcc__P__alg_radix_n_1048576_u_524288,gcc,P,radix,1048576,524288,malloc,./malloc/./malloc/malloc.c,./malloc/./malloc/malloc.c:_int_malloc [/usr/lib/x86_64-linux-gnu/libc.so.6],0.0003,0.0001,0.0,0.0,0.0,0.0,0.0,0.0,0.0,0.0,0.0,0.0,0.0,0.0,0.0
main__gcc__P__alg_radix_n_1048576_u_524288,gcc,P,radix,1048576,524288,malloc,./malloc/./malloc/malloc.c,./malloc/./malloc/malloc.c:sysmalloc_mmap.isra.0 [/usr/lib/x86_64-linux-gnu/libc.so.6],0.0001,0.0,0.0,0.0,0.0,0.0,0.0,0.0,0.0,0.0,0.0,0.0,0.0,0.0,0.0
main__gcc__P__alg_radix_n_1048576_u_524288,gcc,P,radix,1048576,524288,unique,,"__unique(_ForwardIterator __first, _ForwardIterator __last,",1.0,0.0,0.0,0.0,0.0,0.0,0.0,0.0,0.0,0.0,0.0,0.0,0.0,0.0,0.0
main__gcc__P__alg_sort_n_1048576_u_1048576,gcc,P,sort,1048576,1048576,measured_call,counters.cpp,counters.cpp:measured_call [/home/user/conference-hardfest-algorithms/bench/deep/counters/build/counters_gcc],151.4273,31.3362,12.1577,0.0,0.6169,0.0006,0.0,0.0,0.0,31.2047,8.8107,0.0,0.0,0.0,0.6175
main__gcc__P__alg_sort_n_1048576_u_1048576,gcc,P,sort,1048576,1048576,__sort,/usr/include/c++/13/bits/stl_algo.h,"/usr/include/c++/13/bits/stl_algo.h:void std::__sort<__gnu_cxx::__normal_iterator<unsigned long*, std::vector<unsigned long, std::allocator<unsigned long> > >, ",144.4273,29.3362,12.1577,0.0,0.5544,0.0006,0.0,0.0,0.0,29.2047,8.8107,0.0,0.0,0.0,0.555
main__gcc__P__alg_sort_n_1048576_u_1048576,gcc,P,sort,1048576,1048576,__introsort_loop,/usr/include/c++/13/bits/stl_iterator.h,"/usr/include/c++/13/bits/stl_iterator.h:void std::__introsort_loop<__gnu_cxx::__normal_iterator<unsigned long*, std::vector<unsigned long, std::allocator<unsign",118.2882,24.6463,8.4679,0.0,0.4929,0.0006,0.0,0.0,0.0,24.5148,7.7293,0.0,0.0,0.0,0.4935
main__gcc__P__alg_sort_n_1048576_u_1048576,gcc,P,sort,1048576,1048576,__sort,/usr/include/c++/13/bits/predefined_ops.h,"/usr/include/c++/13/bits/predefined_ops.h:void std::__sort<__gnu_cxx::__normal_iterator<unsigned long*, std::vector<unsigned long, std::allocator<unsigned long>",3.6899,3.6899,0.0,0.0,0.0,0.0,0.0,0.0,0.0,0.0,0.0,0.0,0.0,0.0,0.0
main__gcc__P__alg_sort_n_1048576_u_1048576,gcc,P,sort,1048576,1048576,__introsort_loop,/usr/include/c++/13/bits/stl_heap.h,"/usr/include/c++/13/bits/stl_heap.h:void std::__introsort_loop<__gnu_cxx::__normal_iterator<unsigned long*, std::vector<unsigned long, std::allocator<unsigned l",0.0555,0.0555,0.0,0.0,0.0,0.0,0.0,0.0,0.0,0.0,0.0,0.0,0.0,0.0,0.0
main__gcc__P__alg_sort_n_1048576_u_1048576,gcc,P,sort,1048576,1048576,memmove,,"__builtin_memmove(__result - _Num, __first, sizeof(_Tp) * _Num);",0.0,0.0,0.0,0.0,0.0,0.0,0.0,0.0,0.0,0.0,0.0,0.0,0.0,0.0,0.0
main__gcc__P__alg_sort_n_1048576_u_1048576,gcc,P,sort,1048576,1048576,__introsort_loop,=> /usr/include/c++/13/bits/stl_iterator.h,"=> /usr/include/c++/13/bits/stl_iterator.h:void std::__introsort_loop<__gnu_cxx::__normal_iterator<unsigned long*, std::vector<unsigned long, std::allocator<uns",118.2882,24.6463,8.4679,0.0,0.4929,0.0006,0.0,0.0,0.0,24.5148,7.7293,0.0,0.0,0.0,0.4935
main__gcc__P__alg_sort_n_1048576_u_1048576,gcc,P,sort,1048576,1048576,__sort,=> /usr/include/c++/13/bits/stl_algo.h,"=> /usr/include/c++/13/bits/stl_algo.h:void std::__sort<__gnu_cxx::__normal_iterator<unsigned long*, std::vector<unsigned long, std::allocator<unsigned long> > ",144.4273,29.3362,12.1577,0.0,0.5544,0.0006,0.0,0.0,0.0,29.2047,8.8107,0.0,0.0,0.0,0.555
main__gcc__P__alg_sort_n_1048576_u_524288,gcc,P,sort,1048576,524288,measured_call,counters.cpp,counters.cpp:measured_call [/home/user/conference-hardfest-algorithms/bench/deep/counters/build/counters_gcc],153.0245,30.369,12.3396,0.0,0.6449,0.0311,0.0,0.0,0.0,31.2432,9.2009,0.0,0.0,0.0,0.676
main__gcc__P__alg_sort_n_1048576_u_524288,gcc,P,sort,1048576,524288,__sort,/usr/include/c++/13/bits/stl_algo.h,"/usr/include/c++/13/bits/stl_algo.h:void std::__sort<__gnu_cxx::__normal_iterator<unsigned long*, std::vector<unsigned long, std::allocator<unsigned long> > >, ",144.5245,29.369,11.8396,0.0,0.5824,0.0006,0.0,0.0,0.0,29.2432,8.7712,0.0,0.0,0.0,0.583
main__gcc__P__alg_sort_n_1048576_u_524288,gcc,P,sort,1048576,524288,__introsort_loop,/usr/include/c++/13/bits/stl_iterator.h,"/usr/include/c++/13/bits/stl_iterator.h:void std::__introsort_loop<__gnu_cxx::__normal_iterator<unsigned long*, std::vector<unsigned long, std::allocator<unsign",120.4034,25.0154,8.4861,0.0,0.5209,0.0006,0.0,0.0,0.0,24.8897,7.654,0.0,0.0,0.0,0.5214
main__gcc__P__alg_sort_n_1048576_u_524288,gcc,P,sort,1048576,524288,__sort,/usr/include/c++/13/bits/predefined_ops.h,"/usr/include/c++/13/bits/predefined_ops.h:void std::__sort<__gnu_cxx::__normal_iterator<unsigned long*, std::vector<unsigned long, std::allocator<unsigned long>",3.3535,3.3535,0.0,0.0,0.0,0.0,0.0,0.0,0.0,0.0,0.0,0.0,0.0,0.0,0.0
main__gcc__P__alg_sort_n_1048576_u_524288,gcc,P,sort,1048576,524288,__introsort_loop,/usr/include/c++/13/bits/stl_heap.h,"/usr/include/c++/13/bits/stl_heap.h:void std::__introsort_loop<__gnu_cxx::__normal_iterator<unsigned long*, std::vector<unsigned long, std::allocator<unsigned l",0.0547,0.0547,0.0,0.0,0.0,0.0,0.0,0.0,0.0,0.0,0.0,0.0,0.0,0.0,0.0
main__gcc__P__alg_sort_n_1048576_u_524288,gcc,P,sort,1048576,524288,__introsort_loop,=> /usr/include/c++/13/bits/stl_iterator.h,"=> /usr/include/c++/13/bits/stl_iterator.h:void std::__introsort_loop<__gnu_cxx::__normal_iterator<unsigned long*, std::vector<unsigned long, std::allocator<uns",120.4034,25.0154,8.4861,0.0,0.5209,0.0006,0.0,0.0,0.0,24.8897,7.654,0.0,0.0,0.0,0.5214
main__gcc__P__alg_sort_n_1048576_u_524288,gcc,P,sort,1048576,524288,__sort,=> /usr/include/c++/13/bits/stl_algo.h,"=> /usr/include/c++/13/bits/stl_algo.h:void std::__sort<__gnu_cxx::__normal_iterator<unsigned long*, std::vector<unsigned long, std::allocator<unsigned long> > ",144.5245,29.369,11.8396,0.0,0.5824,0.0006,0.0,0.0,0.0,29.2432,8.7712,0.0,0.0,0.0,0.583
main__gcc__P__alg_uset_n_1048576_u_1048576,gcc,P,uset,1048576,1048576,measured_call,counters.cpp,counters.cpp:measured_call [/home/user/conference-hardfest-algorithms/bench/deep/counters/build/counters_gcc],458.9788,108.3669,70.4186,0.0001,3.766,0.4385,0.0001,1.7444,0.4384,80.2544,1.3106,6.0,0.0,2.1829,4.2045
main__gcc__P__alg_uset_n_1048576_u_1048576,gcc,P,uset,1048576,1048576,rehash,/usr/include/c++/13/bits/hashtable.h,"/usr/include/c++/13/bits/hashtable.h:std::pair<std::__detail::_Node_iterator<unsigned long, true, false>, bool> std::_Hashtable<unsigned long, unsigned long, st",302.86,71.3667,37.3003,0.0,1.7993,0.2501,0.0,0.6028,0.25,40.1361,1.0427,3.0,0.0,0.8528,2.0494
main__gcc__P__alg_uset_n_1048576_u_1048576,gcc,P,uset,1048576,1048576,rehash,/usr/include/c++/13/bits/new_allocator.h,"/usr/include/c++/13/bits/new_allocator.h:std::pair<std::__detail::_Node_iterator<unsigned long, true, false>, bool> std::_Hashtable<unsigned long, unsigned long",212.9746,43.0097,22.0314,0.0,0.0004,0.2501,0.0,0.0,0.25,32.0145,0.1601,2.0,0.0,0.25,0.2506
main__gcc__P__alg_uset_n_1048576_u_1048576,gcc,P,uset,1048576,1048576,operator new,???,???:operator new(unsigned long) [/usr/lib/x86_64-linux-gnu/libstdc++.so.6.0.33],207.975,42.0098,21.0315,0.0001,0.0005,0.2501,0.0001,0.0,0.25,32.0146,0.1601,1.0,0.0,0.25,0.2506
main__gcc__P__alg_uset_n_1048576_u_1048576,gcc,P,uset,1048576,1048576,malloc,./malloc/./malloc/malloc.c,./malloc/./malloc/malloc.c:malloc [/usr/lib/x86_64-linux-gnu/libc.so.6],189.975,38.0098,18.0315,0.0001,0.0005,0.2501,0.0001,0.0,0.25,31.0146,0.1601,0.0,0.0,0.25,0.2506
main__gcc__P__alg_uset_n_1048576_u_1048576,gcc,P,uset,1048576,1048576,malloc,./malloc/./malloc/malloc.c,./malloc/./malloc/malloc.c:_int_malloc [/usr/lib/x86_64-linux-gnu/libc.so.6],142.9749,26.0098,13.0314,0.0001,0.0004,0.2501,0.0001,0.0,0.25,21.0146,0.0002,0.0,0.0,0.25,0.2506
main__gcc__P__alg_uset_n_1048576_u_1048576,gcc,P,uset,1048576,1048576,operator delete,???,"???:operator delete(void*, unsigned long) [/usr/lib/x86_64-linux-gnu/libstdc++.so.6.0.33]",113.9999,31.0,13.0,0.0,0.0983,0.0,0.0,0.0363,0.0,19.9999,0.0,2.0,0.0,0.0363,0.0983
main__gcc__P__alg_uset_n_1048576_u_1048576,gcc,P,uset,1048576,1048576,operator delete,???,???:operator delete(void*) [/usr/lib/x86_64-linux-gnu/libstdc++.so.6.0.33],109.9999,30.0,13.0,0.0,0.0983,0.0,0.0,0.0363,0.0,19.9999,0.0,1.0,0.0,0.0363,0.0983
main__gcc__P__alg_uset_n_1048576_u_1048576,gcc,P,uset,1048576,1048576,malloc,./malloc/./malloc/malloc.c,./malloc/./malloc/malloc.c:free [/usr/lib/x86_64-linux-gnu/libc.so.6],105.9999,29.0,13.0,0.0,0.0983,0.0,0.0,0.0363,0.0,19.9999,0.0,0.0,0.0,0.0363,0.0983
main__gcc__P__alg_uset_n_1048576_u_1048576,gcc,P,uset,1048576,1048576,malloc,./malloc/./malloc/malloc.c,./malloc/./malloc/malloc.c:_int_free [/usr/lib/x86_64-linux-gnu/libc.so.6],74.9998,19.0,7.0,0.0,0.0958,0.0,0.0,0.0339,0.0,15.9999,0.0,0.0,0.0,0.0339,0.0958
main__gcc__P__alg_uset_n_1048576_u_1048576,gcc,P,uset,1048576,1048576,_M_rehash,/usr/include/c++/13/bits/hashtable.h,"/usr/include/c++/13/bits/hashtable.h:std::_Hashtable<unsigned long, unsigned long, std::allocator<unsigned long>, std::__detail::_Identity, std::equal_to<unsign",8.0596,0.0001,8.0592,0.0,0.0,0.063,0.0,0.0,0.063,8.0592,0.0,0.0,0.0,0.063,0.063
main__gcc__P__alg_uset_n_1048576_u_1048576,gcc,P,uset,1048576,1048576,_M_rehash,/usr/include/c++/13/bits/hashtable_policy.h,"/usr/include/c++/13/bits/hashtable_policy.h:std::_Hashtable<unsigned long, unsigned long, std::allocator<unsigned long>, std::__detail::_Identity, std::equal_to",8.0591,0.0,8.0591,0.0,0.0,0.063,0.0,0.0,0.063,8.0591,0.0,0.0,0.0,0.063,0.063
main__gcc__P__alg_uset_n_1048576_u_1048576,gcc,P,uset,1048576,1048576,rehash,/usr/include/c++/13/bits/stl_construct.h,"/usr/include/c++/13/bits/stl_construct.h:std::pair<std::__detail::_Node_iterator<unsigned long, true, false>, bool> std::_Hashtable<unsigned long, unsigned long",2.0,1.0,1.0,0.0,0.0,0.0,0.0,0.0,0.0,0.0,0.0,0.0,0.0,0.0,0.0
main__gcc__P__alg_uset_n_1048576_u_1048576,gcc,P,uset,1048576,1048576,malloc,./malloc/./malloc/morecore.c,./malloc/./malloc/morecore.c:__glibc_morecore [/usr/lib/x86_64-linux-gnu/libc.so.6],0.0041,0.0011,0.0007,0.0,0.0002,0.0001,0.0,0.0,0.0,0.0007,0.0,0.0,0.0,0.0,0.0003
main__gcc__P__alg_uset_n_1048576_u_1048576,gcc,P,uset,1048576,1048576,_M_rehash,/usr/include/c++/13/bits/new_allocator.h,"/usr/include/c++/13/bits/new_allocator.h:std::_Hashtable<unsigned long, unsigned long, std::allocator<unsigned long>, std::__detail::_Identity, std::equal_to<un",0.0004,0.0001,0.0001,0.0,0.0,0.0,0.0,0.0,0.0,0.0001,0.0,0.0,0.0,0.0,0.0
main__gcc__P__alg_uset_n_1048576_u_1048576,gcc,P,uset,1048576,1048576,malloc,./malloc/./malloc/malloc.c,./malloc/./malloc/malloc.c:sysmalloc_mmap.isra.0 [/usr/lib/x86_64-linux-gnu/libc.so.6],0.0001,0.0,0.0,0.0,0.0,0.0,0.0,0.0,0.0,0.0,0.0,0.0,0.0,0.0,0.0
main__gcc__P__alg_uset_n_1048576_u_1048576,gcc,P,uset,1048576,1048576,rehash,=> /usr/include/c++/13/bits/hashtable.h,"=> /usr/include/c++/13/bits/hashtable.h:std::pair<std::__detail::_Node_iterator<unsigned long, true, false>, bool> std::_Hashtable<unsigned long, unsigned long,",302.86,71.3667,37.3003,0.0,1.7993,0.2501,0.0,0.6028,0.25,40.1361,1.0427,3.0,0.0,0.8528,2.0494
main__gcc__P__alg_uset_n_1048576_u_1048576,gcc,P,uset,1048576,1048576,_M_rehash,,"= _M_rehash_policy._M_need_rehash(_M_bucket_count, _M_element_count,",6.0,2.0,1.0,0.0,0.0,0.0,0.0,0.0,0.0,0.0,0.0,0.0,0.0,0.0,0.0
main__gcc__P__alg_uset_n_1048576_u_1048576,gcc,P,uset,1048576,1048576,_M_rehash,=> /usr/include/c++/13/bits/hashtable.h,"=> /usr/include/c++/13/bits/hashtable.h:std::_Hashtable<unsigned long, unsigned long, std::allocator<unsigned long>, std::__detail::_Identity, std::equal_to<uns",8.0596,0.0001,8.0592,0.0,0.0,0.063,0.0,0.0,0.063,8.0592,0.0,0.0,0.0,0.063,0.063
main__gcc__P__alg_uset_n_1048576_u_524288,gcc,P,uset,1048576,524288,measured_call,counters.cpp,counters.cpp:measured_call [/home/user/conference-hardfest-algorithms/bench/deep/counters/build/counters_gcc],263.7061,63.0427,47.408,0.0001,2.7627,0.2823,0.0001,0.659,0.2822,51.1647,0.9029,3.0,0.0,0.9412,3.0449
main__gcc__P__alg_uset_n_1048576_u_524288,gcc,P,uset,1048576,524288,rehash,/usr/include/c++/13/bits/hashtable.h,"/usr/include/c++/13/bits/hashtable.h:std::pair<std::__detail::_Node_iterator<unsigned long, true, false>, bool> std::_Hashtable<unsigned long, unsigned long, st",173.5873,44.0426,21.7896,0.0,1.9862,0.1251,0.0,0.392,0.125,22.5464,0.8076,1.5,0.0,0.517,2.1113
main__gcc__P__alg_uset_n_1048576_u_524288,gcc,P,uset,1048576,524288,rehash,/usr/include/c++/13/bits/new_allocator.h,"/usr/include/c++/13/bits/new_allocator.h:std::pair<std::__detail::_Node_iterator<unsigned long, true, false>, bool> std::_Hashtable<unsigned long, unsigned long",106.511,21.503,11.0017,0.0,0.0004,0.1251,0.0,0.0,0.125,16.002,0.0303,1.0,0.0,0.125,0.1254
main__gcc__P__alg_uset_n_1048576_u_524288,gcc,P,uset,1048576,524288,operator new,???,???:operator new(unsigned long) [/usr/lib/x86_64-linux-gnu/libstdc++.so.6.0.33],104.0113,21.003,10.5017,0.0,0.0004,0.1251,0.0,0.0,0.125,16.0021,0.0303,0.5,0.0,0.125,0.1254
main__gcc__P__alg_uset_n_1048576_u_524288,gcc,P,uset,1048576,524288,malloc,./malloc/./malloc/malloc.c,./malloc/./malloc/malloc.c:malloc [/usr/lib/x86_64-linux-gnu/libc.so.6],95.0113,19.003,9.0017,0.0,0.0004,0.1251,0.0,0.0,0.125,15.5021,0.0303,0.0,0.0,0.125,0.1254
main__gcc__P__alg_uset_n_1048576_u_524288,gcc,P,uset,1048576,524288,malloc,./malloc/./malloc/malloc.c,./malloc/./malloc/malloc.c:_int_malloc [/usr/lib/x86_64-linux-gnu/libc.so.6],71.5113,13.003,6.5017,0.0,0.0004,0.1251,0.0,0.0,0.125,10.5021,0.0001,0.0,0.0,0.125,0.1254
main__gcc__P__alg_uset_n_1048576_u_524288,gcc,P,uset,1048576,524288,operator delete,???,"???:operator delete(void*, unsigned long) [/usr/lib/x86_64-linux-gnu/libstdc++.so.6.0.33]",56.9999,15.5,6.5,0.0,0.0816,0.0,0.0,0.0312,0.0,10.0,0.0,1.0,0.0,0.0312,0.0816
main__gcc__P__alg_uset_n_1048576_u_524288,gcc,P,uset,1048576,524288,operator delete,???,???:operator delete(void*) [/usr/lib/x86_64-linux-gnu/libstdc++.so.6.0.33],54.9999,15.0,6.5,0.0,0.0816,0.0,0.0,0.0312,0.0,10.0,0.0,0.5,0.0,0.0312,0.0816
main__gcc__P__alg_uset_n_1048576_u_524288,gcc,P,uset,1048576,524288,malloc,./malloc/./malloc/malloc.c,./malloc/./malloc/malloc.c:free [/usr/lib/x86_64-linux-gnu/libc.so.6],52.9999,14.5,6.5,0.0,0.0815,0.0,0.0,0.0312,0.0,10.0,0.0,0.0,0.0,0.0312,0.0816
main__gcc__P__alg_uset_n_1048576_u_524288,gcc,P,uset,1048576,524288,malloc,./malloc/./malloc/malloc.c,./malloc/./malloc/malloc.c:_int_free [/usr/lib/x86_64-linux-gnu/libc.so.6],37.4999,9.5,3.5,0.0,0.0198,0.0,0.0,0.0,0.0,7.9999,0.0,0.0,0.0,0.0,0.0198
main__gcc__P__alg_uset_n_1048576_u_524288,gcc,P,uset,1048576,524288,_M_rehash,/usr/include/c++/13/bits/hashtable.h,"/usr/include/c++/13/bits/hashtable.h:std::_Hashtable<unsigned long, unsigned long, std::allocator<unsigned long>, std::__detail::_Identity, std::equal_to<unsign",8.0595,0.0001,8.0592,0.0,0.0,0.063,0.0,0.0,0.063,8.0592,0.0,0.0,0.0,0.063,0.063
main__gcc__P__alg_uset_n_1048576_u_524288,gcc,P,uset,1048576,524288,_M_rehash,/usr/include/c++/13/bits/hashtable_policy.h,"/usr/include/c++/13/bits/hashtable_policy.h:std::_Hashtable<unsigned long, unsigned long, std::allocator<unsigned long>, std::__detail::_Identity, std::equal_to",8.0591,0.0,8.0591,0.0,0.0,0.063,0.0,0.0,0.063,8.0591,0.0,0.0,0.0,0.063,0.063
main__gcc__P__alg_uset_n_1048576_u_524288,gcc,P,uset,1048576,524288,rehash,/usr/include/c++/13/bits/stl_construct.h,"/usr/include/c++/13/bits/stl_construct.h:std::pair<std::__detail::_Node_iterator<unsigned long, true, false>, bool> std::_Hashtable<unsigned long, unsigned long",1.0,0.5,0.5,0.0,0.0,0.0,0.0,0.0,0.0,0.0,0.0,0.0,0.0,0.0,0.0
main__gcc__P__alg_uset_n_1048576_u_524288,gcc,P,uset,1048576,524288,malloc,./malloc/./malloc/morecore.c,./malloc/./malloc/morecore.c:__glibc_morecore [/usr/lib/x86_64-linux-gnu/libc.so.6],0.0033,0.0009,0.0005,0.0,0.0002,0.0001,0.0,0.0,0.0,0.0006,0.0,0.0,0.0,0.0,0.0003
main__gcc__P__alg_uset_n_1048576_u_524288,gcc,P,uset,1048576,524288,_M_rehash,/usr/include/c++/13/bits/new_allocator.h,"/usr/include/c++/13/bits/new_allocator.h:std::_Hashtable<unsigned long, unsigned long, std::allocator<unsigned long>, std::__detail::_Identity, std::equal_to<un",0.0003,0.0001,0.0,0.0,0.0,0.0,0.0,0.0,0.0,0.0001,0.0,0.0,0.0,0.0,0.0
main__gcc__P__alg_uset_n_1048576_u_524288,gcc,P,uset,1048576,524288,malloc,./malloc/./malloc/malloc.c,./malloc/./malloc/malloc.c:sysmalloc_mmap.isra.0 [/usr/lib/x86_64-linux-gnu/libc.so.6],0.0001,0.0,0.0,0.0,0.0,0.0,0.0,0.0,0.0,0.0,0.0,0.0,0.0,0.0,0.0
main__gcc__P__alg_uset_n_1048576_u_524288,gcc,P,uset,1048576,524288,rehash,=> /usr/include/c++/13/bits/hashtable.h,"=> /usr/include/c++/13/bits/hashtable.h:std::pair<std::__detail::_Node_iterator<unsigned long, true, false>, bool> std::_Hashtable<unsigned long, unsigned long,",173.5873,44.0426,21.7896,0.0,1.9862,0.1251,0.0,0.392,0.125,22.5464,0.8076,1.5,0.0,0.517,2.1113
main__gcc__P__alg_uset_n_1048576_u_524288,gcc,P,uset,1048576,524288,_M_rehash,,"= _M_rehash_policy._M_need_rehash(_M_bucket_count, _M_element_count,",3.0,1.0,0.5,0.0,0.0,0.0,0.0,0.0,0.0,0.0,0.0,0.0,0.0,0.0,0.0
main__gcc__P__alg_uset_n_1048576_u_524288,gcc,P,uset,1048576,524288,_M_rehash,=> /usr/include/c++/13/bits/hashtable.h,"=> /usr/include/c++/13/bits/hashtable.h:std::_Hashtable<unsigned long, unsigned long, std::allocator<unsigned long>, std::__detail::_Identity, std::equal_to<uns",8.0595,0.0001,8.0592,0.0,0.0,0.063,0.0,0.0,0.063,8.0592,0.0,0.0,0.0,0.063,0.063
main__gcc__P__alg_uset_phased_n_1048576_u_1048576,gcc,P,uset_phased,1048576,1048576,measured_call,counters.cpp,counters.cpp:measured_call [/home/user/conference-hardfest-algorithms/bench/deep/counters/build/counters_gcc],458.9794,108.367,70.4186,0.0001,3.7651,0.4385,0.0001,1.743,0.4384,80.2545,0.883,6.0,0.0,2.1814,4.2037
main__gcc__P__alg_uset_phased_n_1048576_u_1048576,gcc,P,uset_phased,1048576,1048576,phase_insert,counters.cpp,"counters.cpp:void phase_insert<std::unordered_set<unsigned long, std::hash<unsigned long>, std::equal_to<unsigned long>, std::allocator<unsigned long> > >(std::",318.9198,72.3669,47.3594,0.0001,1.8611,0.3131,0.0001,0.6648,0.313,49.1953,0.8829,3.0,0.0,0.9778,2.1742
main__gcc__P__alg_uset_phased_n_1048576_u_1048576,gcc,P,uset_phased,1048576,1048576,phase_insert,/usr/include/c++/13/bits/hashtable.h,"/usr/include/c++/13/bits/hashtable.h:void phase_insert<std::unordered_set<unsigned long, std::hash<unsigned long>, std::equal_to<unsigned long>, std::allocator<",313.9197,71.3669,46.3594,0.0001,1.7986,0.3131,0.0001,0.6023,0.313,48.1953,0.8829,3.0,0.0,0.9153,2.1117
main__gcc__P__alg_uset_phased_n_1048576_u_1048576,gcc,P,uset_phased,1048576,1048576,rehash,/usr/include/c++/13/bits/hashtable.h,"/usr/include/c++/13/bits/hashtable.h:std::pair<std::__detail::_Node_iterator<unsigned long, true, false>, bool> std::_Hashtable<unsigned long, unsigned long, st",302.86,71.3667,37.3003,0.0,1.7986,0.2501,0.0,0.6023,0.25,40.1361,0.8828,3.0,0.0,0.8523,2.0487
main__gcc__P__alg_uset_phased_n_1048576_u_1048576,gcc,P,uset_phased,1048576,1048576,rehash,/usr/include/c++/13/bits/new_allocator.h,"/usr/include/c++/13/bits/new_allocator.h:std::pair<std::__detail::_Node_iterator<unsigned long, true, false>, bool> std::_Hashtable<unsigned long, unsigned long",212.9746,43.0097,22.0314,0.0,0.0004,0.2501,0.0,0.0,0.25,32.0145,0.0002,2.0,0.0,0.25,0.2506
main__gcc__P__alg_uset_phased_n_1048576_u_1048576,gcc,P,uset_phased,1048576,1048576,operator new,???,???:operator new(unsigned long) [/usr/lib/x86_64-linux-gnu/libstdc++.so.6.0.33],207.9755,42.0099,21.0315,0.0001,0.0005,0.2501,0.0001,0.0,0.25,32.0147,0.0003,1.0,0.0,0.25,0.2506
main__gcc__P__alg_uset_phased_n_1048576_u_1048576,gcc,P,uset_phased,1048576,1048576,malloc,./malloc/./malloc/malloc.c,./malloc/./malloc/malloc.c:malloc [/usr/lib/x86_64-linux-gnu/libc.so.6],189.9754,38.0099,18.0315,0.0001,0.0005,0.2501,0.0001,0.0,0.25,31.0147,0.0003,0.0,0.0,0.25,0.2506
main__gcc__P__alg_uset_phased_n_1048576_u_1048576,gcc,P,uset_phased,1048576,1048576,malloc,./malloc/./malloc/malloc.c,./malloc/./malloc/malloc.c:_int_malloc [/usr/lib/x86_64-linux-gnu/libc.so.6],142.9753,26.0099,13.0315,0.0001,0.0004,0.2501,0.0001,0.0,0.25,21.0147,0.0002,0.0,0.0,0.25,0.2506
main__gcc__P__alg_uset_phased_n_1048576_u_1048576,gcc,P,uset_phased,1048576,1048576,phase_dtor,counters.cpp,"counters.cpp:void phase_dtor<std::unordered_set<unsigned long, std::hash<unsigned long>, std::equal_to<unsigned long>, std::allocator<unsigned long> > >(std::un",130.0591,33.0,22.0591,0.0,0.6985,0.063,0.0,0.3729,0.063,29.0591,0.0,3.0,0.0,0.4359,0.7615
main__gcc__P__alg_uset_phased_n_1048576_u_1048576,gcc,P,uset_phased,1048576,1048576,phase_dtor,/usr/include/c++/13/bits/new_allocator.h,"/usr/include/c++/13/bits/new_allocator.h:void phase_dtor<std::unordered_set<unsigned long, std::hash<unsigned long>, std::equal_to<unsigned long>, std::allocato",117.9999,32.0,14.0,0.0,0.0984,0.0,0.0,0.0365,0.0,19.9999,0.0,3.0,0.0,0.0365,0.0984
main__gcc__P__alg_uset_phased_n_1048576_u_1048576,gcc,P,uset_phased,1048576,1048576,operator delete,???,"???:operator delete(void*, unsigned long) [/usr/lib/x86_64-linux-gnu/libstdc++.so.6.0.33]",114.0,31.0,13.0,0.0,0.0984,0.0,0.0,0.0365,0.0,20.0,0.0,2.0,0.0,0.0365,0.0984
main__gcc__P__alg_uset_phased_n_1048576_u_1048576,gcc,P,uset_phased,1048576,1048576,operator delete,???,???:operator delete(void*) [/usr/lib/x86_64-linux-gnu/libstdc++.so.6.0.33],110.0,30.0,13.0,0.0,0.0984,0.0,0.0,0.0365,0.0,20.0,0.0,1.0,0.0,0.0365,0.0984
main__gcc__P__alg_uset_phased_n_1048576_u_1048576,gcc,P,uset_phased,1048576,1048576,malloc,./malloc/./malloc/malloc.c,./malloc/./malloc/malloc.c:free [/usr/lib/x86_64-linux-gnu/libc.so.6],106.0,29.0,13.0,0.0,0.0983,0.0,0.0,0.0365,0.0,20.0,0.0,0.0,0.0,0.0365,0.0983
main__gcc__P__alg_uset_phased_n_1048576_u_1048576,gcc,P,uset_phased,1048576,1048576,malloc,./malloc/./malloc/malloc.c,./malloc/./malloc/malloc.c:_int_free [/usr/lib/x86_64-linux-gnu/libc.so.6],74.9999,19.0,7.0,0.0,0.0959,0.0,0.0,0.0341,0.0,15.9999,0.0,0.0,0.0,0.0341,0.0959
main__gcc__P__alg_uset_phased_n_1048576_u_1048576,gcc,P,uset_phased,1048576,1048576,phase_dump,counters.cpp,"counters.cpp:void phase_dump<std::unordered_set<unsigned long, std::hash<unsigned long>, std::equal_to<unsigned long>, std::allocator<unsigned long> > >(std::un",10.0,3.0,1.0,0.0,1.2054,0.0625,0.0,0.7052,0.0625,2.0,0.0,0.0,0.0,0.7677,1.2679
main__gcc__P__alg_uset_phased_n_1048576_u_1048576,gcc,P,uset_phased,1048576,1048576,phase_dump,/usr/include/c++/13/bits/stl_vector.h,"/usr/include/c++/13/bits/stl_vector.h:void phase_dump<std::unordered_set<unsigned long, std::hash<unsigned long>, std::equal_to<unsigned long>, std::allocator<u",10.0,3.0,1.0,0.0,1.2054,0.0625,0.0,0.7052,0.0625,2.0,0.0,0.0,0.0,0.7677,1.2679
main__gcc__P__alg_uset_phased_n_1048576_u_1048576,gcc,P,uset_phased,1048576,1048576,_M_rehash,/usr/include/c++/13/bits/hashtable.h,"/usr/include/c++/13/bits/hashtable.h:std::_Hashtable<unsigned long, unsigned long, std::allocator<unsigned long>, std::__detail::_Identity, std::equal_to<unsign",8.0596,0.0001,8.0592,0.0,0.0,0.063,0.0,0.0,0.063,8.0592,0.0,0.0,0.0,0.063,0.063
main__gcc__P__alg_uset_phased_n_1048576_u_1048576,gcc,P,uset_phased,1048576,1048576,_M_rehash,/usr/include/c++/13/bits/hashtable_policy.h,"/usr/include/c++/13/bits/hashtable_policy.h:std::_Hashtable<unsigned long, unsigned long, std::allocator<unsigned long>, std::__detail::_Identity, std::equal_to",8.0591,0.0,8.0591,0.0,0.0,0.063,0.0,0.0,0.063,8.0591,0.0,0.0,0.0,0.063,0.063
main__gcc__P__alg_uset_phased_n_1048576_u_1048576,gcc,P,uset_phased,1048576,1048576,rehash,/usr/include/c++/13/bits/stl_construct.h,"/usr/include/c++/13/bits/stl_construct.h:std::pair<std::__detail::_Node_iterator<unsigned long, true, false>, bool> std::_Hashtable<unsigned long, unsigned long",2.0,1.0,1.0,0.0,0.0,0.0,0.0,0.0,0.0,0.0,0.0,0.0,0.0,0.0,0.0
main__gcc__P__alg_uset_phased_n_1048576_u_1048576,gcc,P,uset_phased,1048576,1048576,malloc,./malloc/./malloc/morecore.c,./malloc/./malloc/morecore.c:__glibc_morecore [/usr/lib/x86_64-linux-gnu/libc.so.6],0.0041,0.0011,0.0007,0.0,0.0002,0.0001,0.0,0.0,0.0,0.0007,0.0,0.0,0.0,0.0,0.0003
main__gcc__P__alg_uset_phased_n_1048576_u_1048576,gcc,P,uset_phased,1048576,1048576,unique,/usr/include/c++/13/bits/unique_ptr.h,"/usr/include/c++/13/bits/unique_ptr.h:alg_uset_phased(std::vector<unsigned long, std::allocator<unsigned long> >&, Ctx const&)",0.0005,0.0001,0.0,0.0,0.0,0.0,0.0,0.0,0.0,0.0001,0.0,0.0,0.0,0.0,0.0
main__gcc__P__alg_uset_phased_n_1048576_u_1048576,gcc,P,uset_phased,1048576,1048576,_M_rehash,/usr/include/c++/13/bits/new_allocator.h,"/usr/include/c++/13/bits/new_allocator.h:std::_Hashtable<unsigned long, unsigned long, std::allocator<unsigned long>, std::__detail::_Identity, std::equal_to<un",0.0004,0.0001,0.0001,0.0,0.0,0.0,0.0,0.0,0.0,0.0001,0.0,0.0,0.0,0.0,0.0
main__gcc__P__alg_uset_phased_n_1048576_u_1048576,gcc,P,uset_phased,1048576,1048576,malloc,./malloc/./malloc/malloc.c,./malloc/./malloc/malloc.c:sysmalloc_mmap.isra.0 [/usr/lib/x86_64-linux-gnu/libc.so.6],0.0001,0.0,0.0,0.0,0.0,0.0,0.0,0.0,0.0,0.0,0.0,0.0,0.0,0.0,0.0
main__gcc__P__alg_uset_phased_n_1048576_u_1048576,gcc,P,uset_phased,1048576,1048576,phase_insert,/usr/include/c++/13/bits/stl_iterator.h,"/usr/include/c++/13/bits/stl_iterator.h:void phase_insert<std::unordered_set<unsigned long, std::hash<unsigned long>, std::equal_to<unsigned long>, std::allocat",0.0,0.0,0.0,0.0,0.0,0.0,0.0,0.0,0.0,0.0,0.0,0.0,0.0,0.0,0.0
main__gcc__P__alg_uset_phased_n_1048576_u_1048576,gcc,P,uset_phased,1048576,1048576,phase_insert,/usr/include/c++/13/bits/stl_vector.h,"/usr/include/c++/13/bits/stl_vector.h:void phase_insert<std::unordered_set<unsigned long, std::hash<unsigned long>, std::equal_to<unsigned long>, std::allocator",0.0,0.0,0.0,0.0,0.0,0.0,0.0,0.0,0.0,0.0,0.0,0.0,0.0,0.0,0.0
main__gcc__P__alg_uset_phased_n_1048576_u_1048576,gcc,P,uset_phased,1048576,1048576,phase_insert,/usr/include/c++/13/bits/stl_algobase.h,"/usr/include/c++/13/bits/stl_algobase.h:void phase_insert<std::unordered_set<unsigned long, std::hash<unsigned long>, std::equal_to<unsigned long>, std::allocat",0.0,0.0,0.0,0.0,0.0,0.0,0.0,0.0,0.0,0.0,0.0,0.0,0.0,0.0,0.0
main__gcc__P__alg_uset_phased_n_1048576_u_1048576,gcc,P,uset_phased,1048576,1048576,rehash,=> /usr/include/c++/13/bits/hashtable.h,"=> /usr/include/c++/13/bits/hashtable.h:std::pair<std::__detail::_Node_iterator<unsigned long, true, false>, bool> std::_Hashtable<unsigned long, unsigned long,",302.86,71.3667,37.3003,0.0,1.7986,0.2501,0.0,0.6023,0.25,40.1361,0.8828,3.0,0.0,0.8523,2.0487
main__gcc__P__alg_uset_phased_n_1048576_u_1048576,gcc,P,uset_phased,1048576,1048576,_M_rehash,,const __rehash_state& __saved_state = _M_rehash_policy._M_state();,2.0,1.0,1.0,0.0,0.0,0.0,0.0,0.0,0.0,0.0,0.0,0.0,0.0,0.0,0.0
main__gcc__P__alg_uset_phased_n_1048576_u_1048576,gcc,P,uset_phased,1048576,1048576,_M_rehash,,"= _M_rehash_policy._M_need_rehash(_M_bucket_count, _M_element_count,",6.0,2.0,1.0,0.0,0.0,0.0,0.0,0.0,0.0,0.0,0.0,0.0,0.0,0.0,0.0
main__gcc__P__alg_uset_phased_n_1048576_u_1048576,gcc,P,uset_phased,1048576,1048576,_M_rehash,=> /usr/include/c++/13/bits/hashtable.h,"=> /usr/include/c++/13/bits/hashtable.h:std::_Hashtable<unsigned long, unsigned long, std::allocator<unsigned long>, std::__detail::_Identity, std::equal_to<uns",8.0596,0.0001,8.0592,0.0,0.0,0.063,0.0,0.0,0.063,8.0592,0.0,0.0,0.0,0.063,0.063
main__gcc__P__alg_uset_phased_n_1048576_u_1048576,gcc,P,uset_phased,1048576,1048576,resize,,{ return _M_next_resize; },0.0,0.0,0.0,0.0,0.0,0.0,0.0,0.0,0.0,0.0,0.0,0.0,0.0,0.0,0.0
main__gcc__P__alg_uset_phased_n_1048576_u_1048576,gcc,P,uset_phased,1048576,1048576,phase_insert,=> counters.cpp,"=> counters.cpp:void phase_insert<std::unordered_set<unsigned long, std::hash<unsigned long>, std::equal_to<unsigned long>, std::allocator<unsigned long> > >(st",318.9198,72.3669,47.3594,0.0001,1.8611,0.3131,0.0001,0.6648,0.313,49.1953,0.8829,3.0,0.0,0.9778,2.1742
main__gcc__P__alg_uset_phased_n_1048576_u_1048576,gcc,P,uset_phased,1048576,1048576,phase_dump,=> counters.cpp,"=> counters.cpp:void phase_dump<std::unordered_set<unsigned long, std::hash<unsigned long>, std::equal_to<unsigned long>, std::allocator<unsigned long> > >(std:",10.0,3.0,1.0,0.0,1.2054,0.0625,0.0,0.7052,0.0625,2.0,0.0,0.0,0.0,0.7677,1.2679
main__gcc__P__alg_uset_phased_n_1048576_u_1048576,gcc,P,uset_phased,1048576,1048576,phase_dtor,=> counters.cpp,"=> counters.cpp:void phase_dtor<std::unordered_set<unsigned long, std::hash<unsigned long>, std::equal_to<unsigned long>, std::allocator<unsigned long> > >(std:",130.0591,33.0,22.0591,0.0,0.6985,0.063,0.0,0.3729,0.063,29.0591,0.0,3.0,0.0,0.4359,0.7615
main__gcc__P__alg_uset_phased_n_1048576_u_524288,gcc,P,uset_phased,1048576,524288,measured_call,counters.cpp,counters.cpp:measured_call [/home/user/conference-hardfest-algorithms/bench/deep/counters/build/counters_gcc],263.7064,63.0428,47.408,0.0001,2.7626,0.2823,0.0001,0.6595,0.2822,51.1647,0.7776,3.0,0.0,0.9417,3.0449
main__gcc__P__alg_uset_phased_n_1048576_u_524288,gcc,P,uset_phased,1048576,524288,phase_insert,counters.cpp,"counters.cpp:void phase_insert<std::unordered_set<unsigned long, std::hash<unsigned long>, std::equal_to<unsigned long>, std::allocator<unsigned long> > >(std::",189.647,45.0427,31.8488,0.0,2.0487,0.188,0.0,0.4551,0.188,31.6056,0.7775,1.5,0.0,0.6431,2.2368
main__gcc__P__alg_uset_phased_n_1048576_u_524288,gcc,P,uset_phased,1048576,524288,phase_insert,/usr/include/c++/13/bits/hashtable.h,"/usr/include/c++/13/bits/hashtable.h:void phase_insert<std::unordered_set<unsigned long, std::hash<unsigned long>, std::equal_to<unsigned long>, std::allocator<",184.6469,44.0427,30.8488,0.0,1.9862,0.188,0.0,0.3926,0.188,30.6056,0.7775,1.5,0.0,0.5806,2.1743
main__gcc__P__alg_uset_phased_n_1048576_u_524288,gcc,P,uset_phased,1048576,524288,rehash,/usr/include/c++/13/bits/hashtable.h,"/usr/include/c++/13/bits/hashtable.h:std::pair<std::__detail::_Node_iterator<unsigned long, true, false>, bool> std::_Hashtable<unsigned long, unsigned long, st",173.5873,44.0426,21.7896,0.0,1.9862,0.1251,0.0,0.3926,0.125,22.5464,0.7775,1.5,0.0,0.5176,2.1113
main__gcc__P__alg_uset_phased_n_1048576_u_524288,gcc,P,uset_phased,1048576,524288,rehash,/usr/include/c++/13/bits/new_allocator.h,"/usr/include/c++/13/bits/new_allocator.h:std::pair<std::__detail::_Node_iterator<unsigned long, true, false>, bool> std::_Hashtable<unsigned long, unsigned long",106.511,21.503,11.0017,0.0,0.0004,0.1251,0.0,0.0,0.125,16.002,0.0001,1.0,0.0,0.125,0.1254
main__gcc__P__alg_uset_phased_n_1048576_u_524288,gcc,P,uset_phased,1048576,524288,operator new,???,???:operator new(unsigned long) [/usr/lib/x86_64-linux-gnu/libstdc++.so.6.0.33],104.0115,21.0031,10.5017,0.0,0.0004,0.1251,0.0,0.0,0.125,16.0021,0.0002,0.5,0.0,0.1251,0.1254
main__gcc__P__alg_uset_phased_n_1048576_u_524288,gcc,P,uset_phased,1048576,524288,malloc,./malloc/./malloc/malloc.c,./malloc/./malloc/malloc.c:malloc [/usr/lib/x86_64-linux-gnu/libc.so.6],95.0115,19.0031,9.0017,0.0,0.0004,0.1251,0.0,0.0,0.125,15.5021,0.0002,0.0,0.0,0.1251,0.1254
main__gcc__P__alg_uset_phased_n_1048576_u_524288,gcc,P,uset_phased,1048576,524288,malloc,./malloc/./malloc/malloc.c,./malloc/./malloc/malloc.c:_int_malloc [/usr/lib/x86_64-linux-gnu/libc.so.6],71.5114,13.003,6.5017,0.0,0.0004,0.1251,0.0,0.0,0.125,10.5021,0.0001,0.0,0.0,0.125,0.1254
main__gcc__P__alg_uset_phased_n_1048576_u_524288,gcc,P,uset_phased,1048576,524288,phase_dtor,counters.cpp,"counters.cpp:void phase_dtor<std::unordered_set<unsigned long, std::hash<unsigned long>, std::equal_to<unsigned long>, std::allocator<unsigned long> > >(std::un",69.0592,16.5,15.0591,0.0,0.2558,0.063,0.0,0.0622,0.063,18.5591,0.0,1.5,0.0,0.1252,0.3188
main__gcc__P__alg_uset_phased_n_1048576_u_524288,gcc,P,uset_phased,1048576,524288,phase_dtor,/usr/include/c++/13/bits/new_allocator.h,"/usr/include/c++/13/bits/new_allocator.h:void phase_dtor<std::unordered_set<unsigned long, std::hash<unsigned long>, std::equal_to<unsigned long>, std::allocato",58.9999,16.0,7.0,0.0,0.0816,0.0,0.0,0.0311,0.0,10.0,0.0,1.5,0.0,0.0311,0.0816
main__gcc__P__alg_uset_phased_n_1048576_u_524288,gcc,P,uset_phased,1048576,524288,operator delete,???,"???:operator delete(void*, unsigned long) [/usr/lib/x86_64-linux-gnu/libstdc++.so.6.0.33]",57.0,15.5,6.5,0.0,0.0816,0.0,0.0,0.0311,0.0,10.0,0.0,1.0,0.0,0.0311,0.0816
main__gcc__P__alg_uset_phased_n_1048576_u_524288,gcc,P,uset_phased,1048576,524288,operator delete,???,???:operator delete(void*) [/usr/lib/x86_64-linux-gnu/libstdc++.so.6.0.33],55.0,15.0,6.5,0.0,0.0816,0.0,0.0,0.0311,0.0,10.0,0.0,0.5,0.0,0.0311,0.0816
main__gcc__P__alg_uset_phased_n_1048576_u_524288,gcc,P,uset_phased,1048576,524288,malloc,./malloc/./malloc/malloc.c,./malloc/./malloc/malloc.c:free [/usr/lib/x86_64-linux-gnu/libc.so.6],53.0,14.5,6.5,0.0,0.0816,0.0,0.0,0.0311,0.0,10.0,0.0,0.0,0.0,0.0311,0.0816
main__gcc__P__alg_uset_phased_n_1048576_u_524288,gcc,P,uset_phased,1048576,524288,malloc,./malloc/./malloc/malloc.c,./malloc/./malloc/malloc.c:_int_free [/usr/lib/x86_64-linux-gnu/libc.so.6],37.4999,9.5,3.5,0.0,0.0198,0.0,0.0,0.0,0.0,8.0,0.0,0.0,0.0,0.0,0.0198
main__gcc__P__alg_uset_phased_n_1048576_u_524288,gcc,P,uset_phased,1048576,524288,_M_rehash,/usr/include/c++/13/bits/hashtable.h,"/usr/include/c++/13/bits/hashtable.h:std::_Hashtable<unsigned long, unsigned long, std::allocator<unsigned long>, std::__detail::_Identity, std::equal_to<unsign",8.0595,0.0001,8.0592,0.0,0.0,0.063,0.0,0.0,0.063,8.0592,0.0,0.0,0.0,0.063,0.063
main__gcc__P__alg_uset_phased_n_1048576_u_524288,gcc,P,uset_phased,1048576,524288,_M_rehash,/usr/include/c++/13/bits/hashtable_policy.h,"/usr/include/c++/13/bits/hashtable_policy.h:std::_Hashtable<unsigned long, unsigned long, std::allocator<unsigned long>, std::__detail::_Identity, std::equal_to",8.0591,0.0,8.0591,0.0,0.0,0.063,0.0,0.0,0.063,8.0591,0.0,0.0,0.0,0.063,0.063
main__gcc__P__alg_uset_phased_n_1048576_u_524288,gcc,P,uset_phased,1048576,524288,phase_dump,counters.cpp,"counters.cpp:void phase_dump<std::unordered_set<unsigned long, std::hash<unsigned long>, std::equal_to<unsigned long>, std::allocator<unsigned long> > >(std::un",5.0,1.5,0.5,0.0,0.4581,0.0313,0.0,0.1422,0.0313,1.0,0.0,0.0,0.0,0.1735,0.4893
main__gcc__P__alg_uset_phased_n_1048576_u_524288,gcc,P,uset_phased,1048576,524288,phase_dump,/usr/include/c++/13/bits/stl_vector.h,"/usr/include/c++/13/bits/stl_vector.h:void phase_dump<std::unordered_set<unsigned long, std::hash<unsigned long>, std::equal_to<unsigned long>, std::allocator<u",5.0,1.5,0.5,0.0,0.4581,0.0313,0.0,0.1422,0.0313,1.0,0.0,0.0,0.0,0.1735,0.4893
main__gcc__P__alg_uset_phased_n_1048576_u_524288,gcc,P,uset_phased,1048576,524288,rehash,/usr/include/c++/13/bits/stl_construct.h,"/usr/include/c++/13/bits/stl_construct.h:std::pair<std::__detail::_Node_iterator<unsigned long, true, false>, bool> std::_Hashtable<unsigned long, unsigned long",1.0,0.5,0.5,0.0,0.0,0.0,0.0,0.0,0.0,0.0,0.0,0.0,0.0,0.0,0.0
main__gcc__P__alg_uset_phased_n_1048576_u_524288,gcc,P,uset_phased,1048576,524288,malloc,./malloc/./malloc/morecore.c,./malloc/./malloc/morecore.c:__glibc_morecore [/usr/lib/x86_64-linux-gnu/libc.so.6],0.0033,0.0009,0.0005,0.0,0.0002,0.0001,0.0,0.0,0.0,0.0006,0.0,0.0,0.0,0.0,0.0003
main__gcc__P__alg_uset_phased_n_1048576_u_524288,gcc,P,uset_phased,1048576,524288,_M_rehash,/usr/include/c++/13/bits/new_allocator.h,"/usr/include/c++/13/bits/new_allocator.h:std::_Hashtable<unsigned long, unsigned long, std::allocator<unsigned long>, std::__detail::_Identity, std::equal_to<un",0.0003,0.0001,0.0,0.0,0.0,0.0,0.0,0.0,0.0,0.0001,0.0,0.0,0.0,0.0,0.0
main__gcc__P__alg_uset_phased_n_1048576_u_524288,gcc,P,uset_phased,1048576,524288,unique,/usr/include/c++/13/bits/unique_ptr.h,"/usr/include/c++/13/bits/unique_ptr.h:alg_uset_phased(std::vector<unsigned long, std::allocator<unsigned long> >&, Ctx const&)",0.0002,0.0,0.0,0.0,0.0,0.0,0.0,0.0,0.0,0.0,0.0,0.0,0.0,0.0,0.0
main__gcc__P__alg_uset_phased_n_1048576_u_524288,gcc,P,uset_phased,1048576,524288,malloc,./malloc/./malloc/malloc.c,./malloc/./malloc/malloc.c:sysmalloc_mmap.isra.0 [/usr/lib/x86_64-linux-gnu/libc.so.6],0.0001,0.0,0.0,0.0,0.0,0.0,0.0,0.0,0.0,0.0,0.0,0.0,0.0,0.0,0.0
main__gcc__P__alg_uset_phased_n_1048576_u_524288,gcc,P,uset_phased,1048576,524288,phase_insert,/usr/include/c++/13/bits/stl_iterator.h,"/usr/include/c++/13/bits/stl_iterator.h:void phase_insert<std::unordered_set<unsigned long, std::hash<unsigned long>, std::equal_to<unsigned long>, std::allocat",0.0,0.0,0.0,0.0,0.0,0.0,0.0,0.0,0.0,0.0,0.0,0.0,0.0,0.0,0.0
main__gcc__P__alg_uset_phased_n_1048576_u_524288,gcc,P,uset_phased,1048576,524288,phase_insert,/usr/include/c++/13/bits/stl_vector.h,"/usr/include/c++/13/bits/stl_vector.h:void phase_insert<std::unordered_set<unsigned long, std::hash<unsigned long>, std::equal_to<unsigned long>, std::allocator",0.0,0.0,0.0,0.0,0.0,0.0,0.0,0.0,0.0,0.0,0.0,0.0,0.0,0.0,0.0
main__gcc__P__alg_uset_phased_n_1048576_u_524288,gcc,P,uset_phased,1048576,524288,phase_insert,/usr/include/c++/13/bits/stl_algobase.h,"/usr/include/c++/13/bits/stl_algobase.h:void phase_insert<std::unordered_set<unsigned long, std::hash<unsigned long>, std::equal_to<unsigned long>, std::allocat",0.0,0.0,0.0,0.0,0.0,0.0,0.0,0.0,0.0,0.0,0.0,0.0,0.0,0.0,0.0
main__gcc__P__alg_uset_phased_n_1048576_u_524288,gcc,P,uset_phased,1048576,524288,phase_insert,=> counters.cpp,"=> counters.cpp:void phase_insert<std::unordered_set<unsigned long, std::hash<unsigned long>, std::equal_to<unsigned long>, std::allocator<unsigned long> > >(st",189.647,45.0427,31.8488,0.0,2.0487,0.188,0.0,0.4551,0.188,31.6056,0.7775,1.5,0.0,0.6431,2.2368
main__gcc__P__alg_uset_phased_n_1048576_u_524288,gcc,P,uset_phased,1048576,524288,phase_dump,=> counters.cpp,"=> counters.cpp:void phase_dump<std::unordered_set<unsigned long, std::hash<unsigned long>, std::equal_to<unsigned long>, std::allocator<unsigned long> > >(std:",5.0,1.5,0.5,0.0,0.4581,0.0313,0.0,0.1422,0.0313,1.0,0.0,0.0,0.0,0.1735,0.4893
main__gcc__P__alg_uset_phased_n_1048576_u_524288,gcc,P,uset_phased,1048576,524288,phase_dtor,=> counters.cpp,"=> counters.cpp:void phase_dtor<std::unordered_set<unsigned long, std::hash<unsigned long>, std::equal_to<unsigned long>, std::allocator<unsigned long> > >(std:",69.0592,16.5,15.0591,0.0,0.2558,0.063,0.0,0.0622,0.063,18.5591,0.0,1.5,0.0,0.1252,0.3188
main__gcc__P__alg_uset_phased_n_1048576_u_524288,gcc,P,uset_phased,1048576,524288,resize,,{ return _M_next_resize; },0.0,0.0,0.0,0.0,0.0,0.0,0.0,0.0,0.0,0.0,0.0,0.0,0.0,0.0,0.0
main__gcc__P__alg_uset_phased_n_1048576_u_524288,gcc,P,uset_phased,1048576,524288,rehash,=> /usr/include/c++/13/bits/hashtable.h,"=> /usr/include/c++/13/bits/hashtable.h:std::pair<std::__detail::_Node_iterator<unsigned long, true, false>, bool> std::_Hashtable<unsigned long, unsigned long,",173.5873,44.0426,21.7896,0.0,1.9862,0.1251,0.0,0.3926,0.125,22.5464,0.7775,1.5,0.0,0.5176,2.1113
main__gcc__P__alg_uset_phased_n_1048576_u_524288,gcc,P,uset_phased,1048576,524288,_M_rehash,,const __rehash_state& __saved_state = _M_rehash_policy._M_state();,1.0,0.5,0.5,0.0,0.0,0.0,0.0,0.0,0.0,0.0,0.0,0.0,0.0,0.0,0.0
main__gcc__P__alg_uset_phased_n_1048576_u_524288,gcc,P,uset_phased,1048576,524288,_M_rehash,,"= _M_rehash_policy._M_need_rehash(_M_bucket_count, _M_element_count,",3.0,1.0,0.5,0.0,0.0,0.0,0.0,0.0,0.0,0.0,0.0,0.0,0.0,0.0,0.0
main__gcc__P__alg_uset_phased_n_1048576_u_524288,gcc,P,uset_phased,1048576,524288,_M_rehash,=> /usr/include/c++/13/bits/hashtable.h,"=> /usr/include/c++/13/bits/hashtable.h:std::_Hashtable<unsigned long, unsigned long, std::allocator<unsigned long>, std::__detail::_Identity, std::equal_to<uns",8.0595,0.0001,8.0592,0.0,0.0,0.063,0.0,0.0,0.063,8.0592,0.0,0.0,0.0,0.063,0.063
main__gcc__X__alg_flat_n_1048576_u_1048576,gcc,X,flat,1048576,1048576,measured_call,counters.cpp,counters.cpp:measured_call [/home/user/conference-hardfest-algorithms/bench/deep/counters/build/counters_gcc],128.6681,21.168,11.0552,0.0001,1.455,1.1459,0.0001,1.0437,1.0886,15.1204,1.8401,0.0,0.0,2.1324,2.601
main__gcc__X__alg_flat_n_1048576_u_1048576,gcc,X,flat,1048576,1048576,raw_hash_set,../../build/abseil-cpp/absl/container/internal/raw_hash_set.h,"../../build/abseil-cpp/absl/container/internal/raw_hash_set.h:alg_flat(std::vector<unsigned long, std::allocator<unsigned long> >&, Ctx const&)",68.8475,12.1672,8.0552,0.0001,0.0309,0.0313,0.0001,0.0283,0.0313,6.1204,0.0431,0.0,0.0,0.0596,0.0622
main__gcc__X__alg_flat_n_1048576_u_1048576,gcc,X,flat,1048576,1048576,raw_hash_set,/usr/include/c++/13/bits/vector.tcc,"/usr/include/c++/13/bits/vector.tcc:void std::vector<unsigned long, std::allocator<unsigned long> >::_M_assign_aux<absl::lts_20260817::container_internal::raw_h",36.7867,5.0,1.0,0.0,0.3087,0.125,0.0,0.2993,0.125,8.0,1.797,0.0,0.0,0.4243,0.4337
main__gcc__X__alg_flat_n_1048576_u_1048576,gcc,X,flat,1048576,1048576,raw_hash_set,/usr/include/c++/13/bits/stl_algobase.h,/usr/include/c++/13/bits/stl_algobase.h:unsigned long* std::copy<absl::lts_20260817::container_internal::raw_hash_set<absl::lts_20260817::container_internal::Fl,19.3933,3.0,1.0,0.0,0.2775,0.125,0.0,0.2775,0.125,4.0,0.8985,0.0,0.0,0.4025,0.4025
main__gcc__X__alg_flat_n_1048576_u_1048576,gcc,X,flat,1048576,1048576,operator new,???,???:operator new(unsigned long) [/usr/lib/x86_64-linux-gnu/libstdc++.so.6.0.33],0.0004,0.0001,0.0001,0.0,0.0,0.0,0.0,0.0,0.0,0.0001,0.0,0.0,0.0,0.0,0.0
main__gcc__X__alg_flat_n_1048576_u_1048576,gcc,X,flat,1048576,1048576,malloc,./malloc/./malloc/malloc.c,./malloc/./malloc/malloc.c:malloc [/usr/lib/x86_64-linux-gnu/libc.so.6],0.0004,0.0001,0.0,0.0,0.0,0.0,0.0,0.0,0.0,0.0001,0.0,0.0,0.0,0.0,0.0
main__gcc__X__alg_flat_n_1048576_u_1048576,gcc,X,flat,1048576,1048576,malloc,./malloc/./malloc/malloc.c,./malloc/./malloc/malloc.c:_int_malloc [/usr/lib/x86_64-linux-gnu/libc.so.6],0.0003,0.0001,0.0,0.0,0.0,0.0,0.0,0.0,0.0,0.0001,0.0,0.0,0.0,0.0,0.0
main__gcc__X__alg_flat_n_1048576_u_1048576,gcc,X,flat,1048576,1048576,malloc,./malloc/./malloc/malloc.c,./malloc/./malloc/malloc.c:sysmalloc_mmap.isra.0 [/usr/lib/x86_64-linux-gnu/libc.so.6],0.0001,0.0,0.0,0.0,0.0,0.0,0.0,0.0,0.0,0.0,0.0,0.0,0.0,0.0,0.0
main__gcc__X__alg_flat_n_1048576_u_1048576,gcc,X,flat,1048576,1048576,operator delete,???,"???:operator delete(void*, unsigned long) [/usr/lib/x86_64-linux-gnu/libstdc++.so.6.0.33]",0.0001,0.0,0.0,0.0,0.0,0.0,0.0,0.0,0.0,0.0,0.0,0.0,0.0,0.0,0.0
main__gcc__X__alg_flat_n_1048576_u_1048576,gcc,X,flat,1048576,1048576,operator delete,???,???:operator delete(void*) [/usr/lib/x86_64-linux-gnu/libstdc++.so.6.0.33],0.0001,0.0,0.0,0.0,0.0,0.0,0.0,0.0,0.0,0.0,0.0,0.0,0.0,0.0,0.0
main__gcc__X__alg_flat_n_1048576_u_1048576,gcc,X,flat,1048576,1048576,malloc,./malloc/./malloc/malloc.c,./malloc/./malloc/malloc.c:free [/usr/lib/x86_64-linux-gnu/libc.so.6],0.0001,0.0,0.0,0.0,0.0,0.0,0.0,0.0,0.0,0.0,0.0,0.0,0.0,0.0,0.0
main__gcc__X__alg_flat_n_1048576_u_1048576,gcc,X,flat,1048576,1048576,raw_hash_set,=> /usr/include/c++/13/bits/stl_algobase.h,=> /usr/include/c++/13/bits/stl_algobase.h:unsigned long* std::copy<absl::lts_20260817::container_internal::raw_hash_set<absl::lts_20260817::container_internal:,19.3933,3.0,1.0,0.0,0.2775,0.125,0.0,0.2775,0.125,4.0,0.8985,0.0,0.0,0.4025,0.4025
main__gcc__X__alg_flat_n_1048576_u_1048576,gcc,X,flat,1048576,1048576,raw_hash_set,=> /usr/include/c++/13/bits/vector.tcc,"=> /usr/include/c++/13/bits/vector.tcc:void std::vector<unsigned long, std::allocator<unsigned long> >::_M_assign_aux<absl::lts_20260817::container_internal::ra",36.7867,5.0,1.0,0.0,0.3087,0.125,0.0,0.2993,0.125,8.0,1.797,0.0,0.0,0.4243,0.4337
main__gcc__X__alg_flat_n_1048576_u_524288,gcc,X,flat,1048576,524288,measured_call,counters.cpp,counters.cpp:measured_call [/home/user/conference-hardfest-algorithms/bench/deep/counters/build/counters_gcc],100.5234,15.576,7.0277,0.0001,1.9026,0.5921,0.0001,1.4269,0.5631,12.5449,1.544,0.0,0.0,1.9899,2.4947
main__gcc__X__alg_flat_n_1048576_u_524288,gcc,X,flat,1048576,524288,raw_hash_set,../../build/abseil-cpp/absl/container/internal/raw_hash_set.h,"../../build/abseil-cpp/absl/container/internal/raw_hash_set.h:alg_flat(std::vector<unsigned long, std::allocator<unsigned long> >&, Ctx const&)",47.3522,8.0759,5.0277,0.0001,0.5079,0.0323,0.0001,0.4564,0.0313,5.5449,0.357,0.0,0.0,0.4877,0.5402
main__gcc__X__alg_flat_n_1048576_u_524288,gcc,X,flat,1048576,524288,raw_hash_set,/usr/include/c++/13/bits/vector.tcc,"/usr/include/c++/13/bits/vector.tcc:void std::vector<unsigned long, std::allocator<unsigned long> >::_M_assign_aux<absl::lts_20260817::container_internal::raw_h",32.6628,4.5,0.5,0.0,0.2798,0.0625,0.0,0.2704,0.0625,6.0,1.1871,0.0,0.0,0.3329,0.3423
main__gcc__X__alg_flat_n_1048576_u_524288,gcc,X,flat,1048576,524288,raw_hash_set,/usr/include/c++/13/bits/stl_algobase.h,/usr/include/c++/13/bits/stl_algobase.h:unsigned long* std::copy<absl::lts_20260817::container_internal::raw_hash_set<absl::lts_20260817::container_internal::Fl,16.8314,2.5,0.5,0.0,0.2485,0.0625,0.0,0.2485,0.0625,3.0,0.5935,0.0,0.0,0.311,0.311
main__gcc__X__alg_flat_n_1048576_u_524288,gcc,X,flat,1048576,524288,operator new,???,???:operator new(unsigned long) [/usr/lib/x86_64-linux-gnu/libstdc++.so.6.0.33],0.0003,0.0001,0.0,0.0,0.0,0.0,0.0,0.0,0.0,0.0,0.0,0.0,0.0,0.0,0.0
main__gcc__X__alg_flat_n_1048576_u_524288,gcc,X,flat,1048576,524288,malloc,./malloc/./malloc/malloc.c,./malloc/./malloc/malloc.c:malloc [/usr/lib/x86_64-linux-gnu/libc.so.6],0.0003,0.0001,0.0,0.0,0.0,0.0,0.0,0.0,0.0,0.0,0.0,0.0,0.0,0.0,0.0
main__gcc__X__alg_flat_n_1048576_u_524288,gcc,X,flat,1048576,524288,malloc,./malloc/./malloc/malloc.c,./malloc/./malloc/malloc.c:_int_malloc [/usr/lib/x86_64-linux-gnu/libc.so.6],0.0003,0.0001,0.0,0.0,0.0,0.0,0.0,0.0,0.0,0.0,0.0,0.0,0.0,0.0,0.0
main__gcc__X__alg_flat_n_1048576_u_524288,gcc,X,flat,1048576,524288,malloc,./malloc/./malloc/malloc.c,./malloc/./malloc/malloc.c:sysmalloc_mmap.isra.0 [/usr/lib/x86_64-linux-gnu/libc.so.6],0.0001,0.0,0.0,0.0,0.0,0.0,0.0,0.0,0.0,0.0,0.0,0.0,0.0,0.0,0.0
main__gcc__X__alg_flat_n_1048576_u_524288,gcc,X,flat,1048576,524288,operator delete,???,"???:operator delete(void*, unsigned long) [/usr/lib/x86_64-linux-gnu/libstdc++.so.6.0.33]",0.0001,0.0,0.0,0.0,0.0,0.0,0.0,0.0,0.0,0.0,0.0,0.0,0.0,0.0,0.0
main__gcc__X__alg_flat_n_1048576_u_524288,gcc,X,flat,1048576,524288,operator delete,???,???:operator delete(void*) [/usr/lib/x86_64-linux-gnu/libstdc++.so.6.0.33],0.0001,0.0,0.0,0.0,0.0,0.0,0.0,0.0,0.0,0.0,0.0,0.0,0.0,0.0,0.0
main__gcc__X__alg_flat_n_1048576_u_524288,gcc,X,flat,1048576,524288,malloc,./malloc/./malloc/malloc.c,./malloc/./malloc/malloc.c:free [/usr/lib/x86_64-linux-gnu/libc.so.6],0.0001,0.0,0.0,0.0,0.0,0.0,0.0,0.0,0.0,0.0,0.0,0.0,0.0,0.0,0.0
main__gcc__X__alg_flat_n_1048576_u_524288,gcc,X,flat,1048576,524288,raw_hash_set,/usr/include/c++/13/bits/stl_vector.h,"/usr/include/c++/13/bits/stl_vector.h:void std::vector<unsigned long, std::allocator<unsigned long> >::_M_assign_aux<absl::lts_20260817::container_internal::raw",0.0,0.0,0.0,0.0,0.0,0.0,0.0,0.0,0.0,0.0,0.0,0.0,0.0,0.0,0.0
main__gcc__X__alg_flat_n_1048576_u_524288,gcc,X,flat,1048576,524288,raw_hash_set,=> /usr/include/c++/13/bits/vector.tcc,"=> /usr/include/c++/13/bits/vector.tcc:void std::vector<unsigned long, std::allocator<unsigned long> >::_M_assign_aux<absl::lts_20260817::container_internal::ra",32.6628,4.5,0.5,0.0,0.2798,0.0625,0.0,0.2704,0.0625,6.0,1.1871,0.0,0.0,0.3329,0.3423
main__gcc__X__alg_flat_n_1048576_u_524288,gcc,X,flat,1048576,524288,raw_hash_set,=> /usr/include/c++/13/bits/stl_algobase.h,=> /usr/include/c++/13/bits/stl_algobase.h:unsigned long* std::copy<absl::lts_20260817::container_internal::raw_hash_set<absl::lts_20260817::container_internal:,16.8314,2.5,0.5,0.0,0.2485,0.0625,0.0,0.2485,0.0625,3.0,0.5935,0.0,0.0,0.311,0.311
main__gcc__X__alg_flat_phased_n_1048576_u_1048576,gcc,X,flat_phased,1048576,1048576,measured_call,counters.cpp,counters.cpp:measured_call [/home/user/conference-hardfest-algorithms/bench/deep/counters/build/counters_gcc],126.6687,21.1681,11.0553,0.0001,1.455,1.1459,0.0001,1.0437,1.0886,15.1205,1.8401,0.0,0.0,2.1324,2.6009
main__gcc__X__alg_flat_phased_n_1048576_u_1048576,gcc,X,flat_phased,1048576,1048576,phase_insert,counters.cpp,"counters.cpp:void phase_insert<absl::lts_20260817::flat_hash_set<unsigned long, absl::lts_20260817::hash_internal::Hash<unsigned long>, std::equal_to<unsigned l",89.8813,16.168,10.0552,0.0001,1.1463,1.0209,0.0001,0.7444,0.9636,7.1204,0.0431,0.0,0.0,1.708,2.1672
main__gcc__X__alg_flat_phased_n_1048576_u_1048576,gcc,X,flat_phased,1048576,1048576,phase_insert,../../build/abseil-cpp/absl/container/internal/raw_hash_set.h,"../../build/abseil-cpp/absl/container/internal/raw_hash_set.h:void phase_insert<absl::lts_20260817::flat_hash_set<unsigned long, absl::lts_20260817::hash_intern",67.8473,12.1672,8.0552,0.0001,0.0309,0.0313,0.0001,0.0283,0.0313,6.1204,0.0431,0.0,0.0,0.0595,0.0622
main__gcc__X__alg_flat_phased_n_1048576_u_1048576,gcc,X,flat_phased,1048576,1048576,phase_dump,counters.cpp,"counters.cpp:void phase_dump<absl::lts_20260817::flat_hash_set<unsigned long, absl::lts_20260817::hash_internal::Hash<unsigned long>, std::equal_to<unsigned lon",36.7867,5.0,1.0,0.0,0.3087,0.125,0.0,0.2993,0.125,8.0,1.797,0.0,0.0,0.4243,0.4337
main__gcc__X__alg_flat_phased_n_1048576_u_1048576,gcc,X,flat_phased,1048576,1048576,phase_dump,/usr/include/c++/13/bits/stl_vector.h,"/usr/include/c++/13/bits/stl_vector.h:void phase_dump<absl::lts_20260817::flat_hash_set<unsigned long, absl::lts_20260817::hash_internal::Hash<unsigned long>, s",36.7867,5.0,1.0,0.0,0.3087,0.125,0.0,0.2993,0.125,8.0,1.797,0.0,0.0,0.4243,0.4337
main__gcc__X__alg_flat_phased_n_1048576_u_1048576,gcc,X,flat_phased,1048576,1048576,raw_hash_set,/usr/include/c++/13/bits/vector.tcc,"/usr/include/c++/13/bits/vector.tcc:void std::vector<unsigned long, std::allocator<unsigned long> >::_M_assign_aux<absl::lts_20260817::container_internal::raw_h",36.7867,5.0,1.0,0.0,0.3087,0.125,0.0,0.2993,0.125,8.0,1.797,0.0,0.0,0.4243,0.4337
main__gcc__X__alg_flat_phased_n_1048576_u_1048576,gcc,X,flat_phased,1048576,1048576,raw_hash_set,/usr/include/c++/13/bits/stl_algobase.h,/usr/include/c++/13/bits/stl_algobase.h:unsigned long* std::copy<absl::lts_20260817::container_internal::raw_hash_set<absl::lts_20260817::container_internal::Fl,19.3933,3.0,1.0,0.0,0.2775,0.125,0.0,0.2775,0.125,4.0,0.8985,0.0,0.0,0.4025,0.4025
main__gcc__X__alg_flat_phased_n_1048576_u_1048576,gcc,X,flat_phased,1048576,1048576,phase_insert,../../build/abseil-cpp/absl/hash/internal/hash.h,"../../build/abseil-cpp/absl/hash/internal/hash.h:void phase_insert<absl::lts_20260817::flat_hash_set<unsigned long, absl::lts_20260817::hash_internal::Hash<unsi",2.0,0.0,0.0,0.0,0.0,0.0,0.0,0.0,0.0,0.0,0.0,0.0,0.0,0.0,0.0
main__gcc__X__alg_flat_phased_n_1048576_u_1048576,gcc,X,flat_phased,1048576,1048576,phase_insert,../../build/abseil-cpp/absl/numeric/int128.h,"../../build/abseil-cpp/absl/numeric/int128.h:void phase_insert<absl::lts_20260817::flat_hash_set<unsigned long, absl::lts_20260817::hash_internal::Hash<unsigned",1.0,0.0,0.0,0.0,0.0,0.0,0.0,0.0,0.0,0.0,0.0,0.0,0.0,0.0,0.0
main__gcc__X__alg_flat_phased_n_1048576_u_1048576,gcc,X,flat_phased,1048576,1048576,phase_insert,../../build/abseil-cpp/absl/container/internal/hashtable_control_bytes.h,"../../build/abseil-cpp/absl/container/internal/hashtable_control_bytes.h:void phase_insert<absl::lts_20260817::flat_hash_set<unsigned long, absl::lts_20260817::",0.0312,0.0,0.0,0.0,0.0,0.0,0.0,0.0,0.0,0.0,0.0,0.0,0.0,0.0,0.0
main__gcc__X__alg_flat_phased_n_1048576_u_1048576,gcc,X,flat_phased,1048576,1048576,operator new,???,???:operator new(unsigned long) [/usr/lib/x86_64-linux-gnu/libstdc++.so.6.0.33],0.0009,0.0001,0.0001,0.0001,0.0,0.0,0.0001,0.0,0.0,0.0002,0.0,0.0,0.0,0.0,0.0
main__gcc__X__alg_flat_phased_n_1048576_u_1048576,gcc,X,flat_phased,1048576,1048576,malloc,./malloc/./malloc/malloc.c,./malloc/./malloc/malloc.c:malloc [/usr/lib/x86_64-linux-gnu/libc.so.6],0.0008,0.0001,0.0001,0.0001,0.0,0.0,0.0001,0.0,0.0,0.0002,0.0,0.0,0.0,0.0,0.0
main__gcc__X__alg_flat_phased_n_1048576_u_1048576,gcc,X,flat_phased,1048576,1048576,malloc,./malloc/./malloc/malloc.c,./malloc/./malloc/malloc.c:_int_malloc [/usr/lib/x86_64-linux-gnu/libc.so.6],0.0007,0.0001,0.0001,0.0,0.0,0.0,0.0,0.0,0.0,0.0002,0.0,0.0,0.0,0.0,0.0
main__gcc__X__alg_flat_phased_n_1048576_u_1048576,gcc,X,flat_phased,1048576,1048576,unique,/usr/include/c++/13/bits/unique_ptr.h,"/usr/include/c++/13/bits/unique_ptr.h:alg_flat_phased(std::vector<unsigned long, std::allocator<unsigned long> >&, Ctx const&)",0.0005,0.0001,0.0,0.0,0.0,0.0,0.0,0.0,0.0,0.0001,0.0,0.0,0.0,0.0,0.0
main__gcc__X__alg_flat_phased_n_1048576_u_1048576,gcc,X,flat_phased,1048576,1048576,phase_dtor,counters.cpp,"counters.cpp:void phase_dtor<absl::lts_20260817::flat_hash_set<unsigned long, absl::lts_20260817::hash_internal::Hash<unsigned long>, std::equal_to<unsigned lon",0.0003,0.0001,0.0,0.0,0.0,0.0,0.0,0.0,0.0,0.0,0.0,0.0,0.0,0.0,0.0
main__gcc__X__alg_flat_phased_n_1048576_u_1048576,gcc,X,flat_phased,1048576,1048576,operator delete,???,"???:operator delete(void*, unsigned long) [/usr/lib/x86_64-linux-gnu/libstdc++.so.6.0.33]",0.0002,0.0,0.0,0.0,0.0,0.0,0.0,0.0,0.0,0.0,0.0,0.0,0.0,0.0,0.0
main__gcc__X__alg_flat_phased_n_1048576_u_1048576,gcc,X,flat_phased,1048576,1048576,phase_dtor,../../build/abseil-cpp/absl/container/internal/raw_hash_set.h,"../../build/abseil-cpp/absl/container/internal/raw_hash_set.h:void phase_dtor<absl::lts_20260817::flat_hash_set<unsigned long, absl::lts_20260817::hash_internal",0.0002,0.0,0.0,0.0,0.0,0.0,0.0,0.0,0.0,0.0,0.0,0.0,0.0,0.0,0.0
main__gcc__X__alg_flat_phased_n_1048576_u_1048576,gcc,X,flat_phased,1048576,1048576,operator delete,???,???:operator delete(void*) [/usr/lib/x86_64-linux-gnu/libstdc++.so.6.0.33],0.0002,0.0,0.0,0.0,0.0,0.0,0.0,0.0,0.0,0.0,0.0,0.0,0.0,0.0,0.0
main__gcc__X__alg_flat_phased_n_1048576_u_1048576,gcc,X,flat_phased,1048576,1048576,malloc,./malloc/./malloc/malloc.c,./malloc/./malloc/malloc.c:free [/usr/lib/x86_64-linux-gnu/libc.so.6],0.0001,0.0,0.0,0.0,0.0,0.0,0.0,0.0,0.0,0.0,0.0,0.0,0.0,0.0,0.0
main__gcc__X__alg_flat_phased_n_1048576_u_1048576,gcc,X,flat_phased,1048576,1048576,malloc,./malloc/./malloc/malloc.c,./malloc/./malloc/malloc.c:sysmalloc_mmap.isra.0 [/usr/lib/x86_64-linux-gnu/libc.so.6],0.0001,0.0,0.0,0.0,0.0,0.0,0.0,0.0,0.0,0.0,0.0,0.0,0.0,0.0,0.0
main__gcc__X__alg_flat_phased_n_1048576_u_1048576,gcc,X,flat_phased,1048576,1048576,phase_insert,/usr/include/c++/13/bits/stl_iterator.h,"/usr/include/c++/13/bits/stl_iterator.h:void phase_insert<absl::lts_20260817::flat_hash_set<unsigned long, absl::lts_20260817::hash_internal::Hash<unsigned long",0.0,0.0,0.0,0.0,0.0,0.0,0.0,0.0,0.0,0.0,0.0,0.0,0.0,0.0,0.0
main__gcc__X__alg_flat_phased_n_1048576_u_1048576,gcc,X,flat_phased,1048576,1048576,phase_insert,../../build/abseil-cpp/absl/functional/function_ref.h,"../../build/abseil-cpp/absl/functional/function_ref.h:void phase_insert<absl::lts_20260817::flat_hash_set<unsigned long, absl::lts_20260817::hash_internal::Hash",0.0,0.0,0.0,0.0,0.0,0.0,0.0,0.0,0.0,0.0,0.0,0.0,0.0,0.0,0.0
main__gcc__X__alg_flat_phased_n_1048576_u_1048576,gcc,X,flat_phased,1048576,1048576,phase_insert,=> counters.cpp,"=> counters.cpp:void phase_insert<absl::lts_20260817::flat_hash_set<unsigned long, absl::lts_20260817::hash_internal::Hash<unsigned long>, std::equal_to<unsigne",89.8813,16.168,10.0552,0.0001,1.1463,1.0209,0.0001,0.7444,0.9636,7.1204,0.0431,0.0,0.0,1.708,2.1672
main__gcc__X__alg_flat_phased_n_1048576_u_1048576,gcc,X,flat_phased,1048576,1048576,phase_dump,=> counters.cpp,"=> counters.cpp:void phase_dump<absl::lts_20260817::flat_hash_set<unsigned long, absl::lts_20260817::hash_internal::Hash<unsigned long>, std::equal_to<unsigned ",36.7867,5.0,1.0,0.0,0.3087,0.125,0.0,0.2993,0.125,8.0,1.797,0.0,0.0,0.4243,0.4337
main__gcc__X__alg_flat_phased_n_1048576_u_1048576,gcc,X,flat_phased,1048576,1048576,phase_dtor,=> counters.cpp,"=> counters.cpp:void phase_dtor<absl::lts_20260817::flat_hash_set<unsigned long, absl::lts_20260817::hash_internal::Hash<unsigned long>, std::equal_to<unsigned ",0.0003,0.0001,0.0,0.0,0.0,0.0,0.0,0.0,0.0,0.0,0.0,0.0,0.0,0.0,0.0
main__gcc__X__alg_flat_phased_n_1048576_u_1048576,gcc,X,flat_phased,1048576,1048576,raw_hash_set,=> /usr/include/c++/13/bits/stl_algobase.h,=> /usr/include/c++/13/bits/stl_algobase.h:unsigned long* std::copy<absl::lts_20260817::container_internal::raw_hash_set<absl::lts_20260817::container_internal:,19.3933,3.0,1.0,0.0,0.2775,0.125,0.0,0.2775,0.125,4.0,0.8985,0.0,0.0,0.4025,0.4025
main__gcc__X__alg_flat_phased_n_1048576_u_1048576,gcc,X,flat_phased,1048576,1048576,raw_hash_set,=> /usr/include/c++/13/bits/vector.tcc,"=> /usr/include/c++/13/bits/vector.tcc:void std::vector<unsigned long, std::allocator<unsigned long> >::_M_assign_aux<absl::lts_20260817::container_internal::ra",36.7867,5.0,1.0,0.0,0.3087,0.125,0.0,0.2993,0.125,8.0,1.797,0.0,0.0,0.4243,0.4337
main__gcc__X__alg_flat_phased_n_1048576_u_524288,gcc,X,flat_phased,1048576,524288,measured_call,counters.cpp,counters.cpp:measured_call [/home/user/conference-hardfest-algorithms/bench/deep/counters/build/counters_gcc],99.5237,15.576,7.0277,0.0001,1.9026,0.591,0.0001,1.4269,0.5631,12.5449,1.5441,0.0,0.0,1.9899,2.4937
main__gcc__X__alg_flat_phased_n_1048576_u_524288,gcc,X,flat_phased,1048576,524288,phase_insert,counters.cpp,"counters.cpp:void phase_insert<absl::lts_20260817::flat_hash_set<unsigned long, absl::lts_20260817::hash_internal::Hash<unsigned long>, std::equal_to<unsigned l",66.8604,11.0759,6.5277,0.0001,1.6228,0.5285,0.0001,1.1565,0.5006,6.5449,0.357,0.0,0.0,1.657,2.1513
main__gcc__X__alg_flat_phased_n_1048576_u_524288,gcc,X,flat_phased,1048576,524288,phase_insert,../../build/abseil-cpp/absl/container/internal/raw_hash_set.h,"../../build/abseil-cpp/absl/container/internal/raw_hash_set.h:void phase_insert<absl::lts_20260817::flat_hash_set<unsigned long, absl::lts_20260817::hash_intern",46.852,8.0759,5.0276,0.0,0.5078,0.0313,0.0,0.4564,0.0313,5.5449,0.357,0.0,0.0,0.4876,0.5391
main__gcc__X__alg_flat_phased_n_1048576_u_524288,gcc,X,flat_phased,1048576,524288,phase_dump,counters.cpp,"counters.cpp:void phase_dump<absl::lts_20260817::flat_hash_set<unsigned long, absl::lts_20260817::hash_internal::Hash<unsigned long>, std::equal_to<unsigned lon",32.6628,4.5,0.5,0.0,0.2798,0.0625,0.0,0.2704,0.0625,6.0,1.1871,0.0,0.0,0.3329,0.3423
main__gcc__X__alg_flat_phased_n_1048576_u_524288,gcc,X,flat_phased,1048576,524288,phase_dump,/usr/include/c++/13/bits/stl_vector.h,"/usr/include/c++/13/bits/stl_vector.h:void phase_dump<absl::lts_20260817::flat_hash_set<unsigned long, absl::lts_20260817::hash_internal::Hash<unsigned long>, s",32.6628,4.5,0.5,0.0,0.2798,0.0625,0.0,0.2704,0.0625,6.0,1.1871,0.0,0.0,0.3329,0.3423
main__gcc__X__alg_flat_phased_n_1048576_u_524288,gcc,X,flat_phased,1048576,524288,raw_hash_set,/usr/include/c++/13/bits/vector.tcc,"/usr/include/c++/13/bits/vector.tcc:void std::vector<unsigned long, std::allocator<unsigned long> >::_M_assign_aux<absl::lts_20260817::container_internal::raw_h",32.6628,4.5,0.5,0.0,0.2798,0.0625,0.0,0.2704,0.0625,6.0,1.1871,0.0,0.0,0.3329,0.3423
main__gcc__X__alg_flat_phased_n_1048576_u_524288,gcc,X,flat_phased,1048576,524288,raw_hash_set,/usr/include/c++/13/bits/stl_algobase.h,/usr/include/c++/13/bits/stl_algobase.h:unsigned long* std::copy<absl::lts_20260817::container_internal::raw_hash_set<absl::lts_20260817::container_internal::Fl,16.8314,2.5,0.5,0.0,0.2485,0.0625,0.0,0.2485,0.0625,3.0,0.5935,0.0,0.0,0.311,0.311
main__gcc__X__alg_flat_phased_n_1048576_u_524288,gcc,X,flat_phased,1048576,524288,phase_insert,../../build/abseil-cpp/absl/hash/internal/hash.h,"../../build/abseil-cpp/absl/hash/internal/hash.h:void phase_insert<absl::lts_20260817::flat_hash_set<unsigned long, absl::lts_20260817::hash_internal::Hash<unsi",2.0,0.0,0.0,0.0,0.0,0.0,0.0,0.0,0.0,0.0,0.0,0.0,0.0,0.0,0.0
main__gcc__X__alg_flat_phased_n_1048576_u_524288,gcc,X,flat_phased,1048576,524288,phase_insert,../../build/abseil-cpp/absl/numeric/int128.h,"../../build/abseil-cpp/absl/numeric/int128.h:void phase_insert<absl::lts_20260817::flat_hash_set<unsigned long, absl::lts_20260817::hash_internal::Hash<unsigned",1.0,0.0,0.0,0.0,0.0,0.0,0.0,0.0,0.0,0.0,0.0,0.0,0.0,0.0,0.0
main__gcc__X__alg_flat_phased_n_1048576_u_524288,gcc,X,flat_phased,1048576,524288,phase_insert,../../build/abseil-cpp/absl/container/internal/hashtable_control_bytes.h,"../../build/abseil-cpp/absl/container/internal/hashtable_control_bytes.h:void phase_insert<absl::lts_20260817::flat_hash_set<unsigned long, absl::lts_20260817::",0.0084,0.0,0.0,0.0,0.0,0.0,0.0,0.0,0.0,0.0,0.0,0.0,0.0,0.0,0.0
main__gcc__X__alg_flat_phased_n_1048576_u_524288,gcc,X,flat_phased,1048576,524288,operator new,???,???:operator new(unsigned long) [/usr/lib/x86_64-linux-gnu/libstdc++.so.6.0.33],0.0005,0.0001,0.0001,0.0,0.0,0.0,0.0,0.0,0.0,0.0001,0.0,0.0,0.0,0.0,0.0
main__gcc__X__alg_flat_phased_n_1048576_u_524288,gcc,X,flat_phased,1048576,524288,malloc,./malloc/./malloc/malloc.c,./malloc/./malloc/malloc.c:malloc [/usr/lib/x86_64-linux-gnu/libc.so.6],0.0005,0.0001,0.0001,0.0,0.0,0.0,0.0,0.0,0.0,0.0001,0.0,0.0,0.0,0.0,0.0
main__gcc__X__alg_flat_phased_n_1048576_u_524288,gcc,X,flat_phased,1048576,524288,malloc,./malloc/./malloc/malloc.c,./malloc/./malloc/malloc.c:_int_malloc [/usr/lib/x86_64-linux-gnu/libc.so.6],0.0004,0.0001,0.0,0.0,0.0,0.0,0.0,0.0,0.0,0.0001,0.0,0.0,0.0,0.0,0.0
main__gcc__X__alg_flat_phased_n_1048576_u_524288,gcc,X,flat_phased,1048576,524288,phase_dtor,counters.cpp,"counters.cpp:void phase_dtor<absl::lts_20260817::flat_hash_set<unsigned long, absl::lts_20260817::hash_internal::Hash<unsigned long>, std::equal_to<unsigned lon",0.0003,0.0001,0.0,0.0,0.0,0.0,0.0,0.0,0.0,0.0,0.0,0.0,0.0,0.0,0.0
main__gcc__X__alg_flat_phased_n_1048576_u_524288,gcc,X,flat_phased,1048576,524288,unique,/usr/include/c++/13/bits/unique_ptr.h,"/usr/include/c++/13/bits/unique_ptr.h:alg_flat_phased(std::vector<unsigned long, std::allocator<unsigned long> >&, Ctx const&)",0.0002,0.0,0.0,0.0,0.0,0.0,0.0,0.0,0.0,0.0,0.0,0.0,0.0,0.0,0.0
main__gcc__X__alg_flat_phased_n_1048576_u_524288,gcc,X,flat_phased,1048576,524288,operator delete,???,"???:operator delete(void*, unsigned long) [/usr/lib/x86_64-linux-gnu/libstdc++.so.6.0.33]",0.0002,0.0,0.0,0.0,0.0,0.0,0.0,0.0,0.0,0.0,0.0,0.0,0.0,0.0,0.0
main__gcc__X__alg_flat_phased_n_1048576_u_524288,gcc,X,flat_phased,1048576,524288,phase_dtor,../../build/abseil-cpp/absl/container/internal/raw_hash_set.h,"../../build/abseil-cpp/absl/container/internal/raw_hash_set.h:void phase_dtor<absl::lts_20260817::flat_hash_set<unsigned long, absl::lts_20260817::hash_internal",0.0002,0.0,0.0,0.0,0.0,0.0,0.0,0.0,0.0,0.0,0.0,0.0,0.0,0.0,0.0
main__gcc__X__alg_flat_phased_n_1048576_u_524288,gcc,X,flat_phased,1048576,524288,operator delete,???,???:operator delete(void*) [/usr/lib/x86_64-linux-gnu/libstdc++.so.6.0.33],0.0002,0.0,0.0,0.0,0.0,0.0,0.0,0.0,0.0,0.0,0.0,0.0,0.0,0.0,0.0
main__gcc__X__alg_flat_phased_n_1048576_u_524288,gcc,X,flat_phased,1048576,524288,malloc,./malloc/./malloc/malloc.c,./malloc/./malloc/malloc.c:free [/usr/lib/x86_64-linux-gnu/libc.so.6],0.0001,0.0,0.0,0.0,0.0,0.0,0.0,0.0,0.0,0.0,0.0,0.0,0.0,0.0,0.0
main__gcc__X__alg_flat_phased_n_1048576_u_524288,gcc,X,flat_phased,1048576,524288,malloc,./malloc/./malloc/malloc.c,./malloc/./malloc/malloc.c:sysmalloc_mmap.isra.0 [/usr/lib/x86_64-linux-gnu/libc.so.6],0.0001,0.0,0.0,0.0,0.0,0.0,0.0,0.0,0.0,0.0,0.0,0.0,0.0,0.0,0.0
main__gcc__X__alg_flat_phased_n_1048576_u_524288,gcc,X,flat_phased,1048576,524288,raw_hash_set,/usr/include/c++/13/bits/stl_vector.h,"/usr/include/c++/13/bits/stl_vector.h:void std::vector<unsigned long, std::allocator<unsigned long> >::_M_assign_aux<absl::lts_20260817::container_internal::raw",0.0,0.0,0.0,0.0,0.0,0.0,0.0,0.0,0.0,0.0,0.0,0.0,0.0,0.0,0.0
main__gcc__X__alg_flat_phased_n_1048576_u_524288,gcc,X,flat_phased,1048576,524288,phase_insert,/usr/include/c++/13/bits/stl_iterator.h,"/usr/include/c++/13/bits/stl_iterator.h:void phase_insert<absl::lts_20260817::flat_hash_set<unsigned long, absl::lts_20260817::hash_internal::Hash<unsigned long",0.0,0.0,0.0,0.0,0.0,0.0,0.0,0.0,0.0,0.0,0.0,0.0,0.0,0.0,0.0
main__gcc__X__alg_flat_phased_n_1048576_u_524288,gcc,X,flat_phased,1048576,524288,phase_insert,../../build/abseil-cpp/absl/functional/function_ref.h,"../../build/abseil-cpp/absl/functional/function_ref.h:void phase_insert<absl::lts_20260817::flat_hash_set<unsigned long, absl::lts_20260817::hash_internal::Hash",0.0,0.0,0.0,0.0,0.0,0.0,0.0,0.0,0.0,0.0,0.0,0.0,0.0,0.0,0.0
main__gcc__X__alg_flat_phased_n_1048576_u_524288,gcc,X,flat_phased,1048576,524288,raw_hash_set,=> /usr/include/c++/13/bits/stl_algobase.h,=> /usr/include/c++/13/bits/stl_algobase.h:unsigned long* std::copy<absl::lts_20260817::container_internal::raw_hash_set<absl::lts_20260817::container_internal:,16.8314,2.5,0.5,0.0,0.2485,0.0625,0.0,0.2485,0.0625,3.0,0.5935,0.0,0.0,0.311,0.311
main__gcc__X__alg_flat_phased_n_1048576_u_524288,gcc,X,flat_phased,1048576,524288,phase_insert,=> counters.cpp,"=> counters.cpp:void phase_insert<absl::lts_20260817::flat_hash_set<unsigned long, absl::lts_20260817::hash_internal::Hash<unsigned long>, std::equal_to<unsigne",66.8604,11.0759,6.5277,0.0001,1.6228,0.5285,0.0001,1.1565,0.5006,6.5449,0.357,0.0,0.0,1.657,2.1513
main__gcc__X__alg_flat_phased_n_1048576_u_524288,gcc,X,flat_phased,1048576,524288,phase_dump,=> counters.cpp,"=> counters.cpp:void phase_dump<absl::lts_20260817::flat_hash_set<unsigned long, absl::lts_20260817::hash_internal::Hash<unsigned long>, std::equal_to<unsigned ",32.6628,4.5,0.5,0.0,0.2798,0.0625,0.0,0.2704,0.0625,6.0,1.1871,0.0,0.0,0.3329,0.3423
main__gcc__X__alg_flat_phased_n_1048576_u_524288,gcc,X,flat_phased,1048576,524288,phase_dtor,=> counters.cpp,"=> counters.cpp:void phase_dtor<absl::lts_20260817::flat_hash_set<unsigned long, absl::lts_20260817::hash_internal::Hash<unsigned long>, std::equal_to<unsigned ",0.0003,0.0001,0.0,0.0,0.0,0.0,0.0,0.0,0.0,0.0,0.0,0.0,0.0,0.0,0.0
main__gcc__X__alg_flat_phased_n_1048576_u_524288,gcc,X,flat_phased,1048576,524288,raw_hash_set,=> /usr/include/c++/13/bits/vector.tcc,"=> /usr/include/c++/13/bits/vector.tcc:void std::vector<unsigned long, std::allocator<unsigned long> >::_M_assign_aux<absl::lts_20260817::container_internal::ra",32.6628,4.5,0.5,0.0,0.2798,0.0625,0.0,0.2704,0.0625,6.0,1.1871,0.0,0.0,0.3329,0.3423
main__gcc__X__alg_radix_n_1048576_u_1048576,gcc,X,radix,1048576,1048576,measured_call,counters.cpp,counters.cpp:measured_call [/home/user/conference-hardfest-algorithms/bench/deep/counters/build/counters_gcc],125.0144,19.0024,24.0032,0.0001,1.2502,1.069,0.0001,1.2448,0.9962,11.0032,0.0002,0.0,0.0,2.241,2.3192
main__gcc__X__alg_radix_n_1048576_u_1048576,gcc,X,radix,1048576,1048576,unique,/usr/include/c++/13/bits/stl_iterator.h,"/usr/include/c++/13/bits/stl_iterator.h:__gnu_cxx::__normal_iterator<unsigned long*, std::vector<unsigned long, std::allocator<unsigned long> > > std::__unique<",2.0,0.0,0.0,0.0,0.0,0.0,0.0,0.0,0.0,0.0,0.0,0.0,0.0,0.0,0.0
main__gcc__X__alg_radix_n_1048576_u_1048576,gcc,X,radix,1048576,1048576,operator new,???,???:operator new[](unsigned long) [/usr/lib/x86_64-linux-gnu/libstdc++.so.6.0.33],0.0013,0.0004,0.0002,0.0001,0.0001,0.0,0.0001,0.0001,0.0,0.0002,0.0001,0.0,0.0,0.0001,0.0001
main__gcc__X__alg_radix_n_1048576_u_1048576,gcc,X,radix,1048576,1048576,operator new,???,???:operator new(unsigned long) [/usr/lib/x86_64-linux-gnu/libstdc++.so.6.0.33],0.0007,0.0001,0.0001,0.0001,0.0,0.0,0.0001,0.0,0.0,0.0001,0.0,0.0,0.0,0.0,0.0
main__gcc__X__alg_radix_n_1048576_u_1048576,gcc,X,radix,1048576,1048576,malloc,./malloc/./malloc/malloc.c,./malloc/./malloc/malloc.c:malloc [/usr/lib/x86_64-linux-gnu/libc.so.6],0.0007,0.0001,0.0001,0.0001,0.0,0.0,0.0001,0.0,0.0,0.0001,0.0,0.0,0.0,0.0,0.0
main__gcc__X__alg_radix_n_1048576_u_1048576,gcc,X,radix,1048576,1048576,malloc,./malloc/./malloc/malloc.c,./malloc/./malloc/malloc.c:_int_malloc [/usr/lib/x86_64-linux-gnu/libc.so.6],0.0006,0.0001,0.0001,0.0001,0.0,0.0,0.0001,0.0,0.0,0.0001,0.0,0.0,0.0,0.0,0.0
main__gcc__X__alg_radix_n_1048576_u_1048576,gcc,X,radix,1048576,1048576,malloc,./malloc/./malloc/malloc.c,./malloc/./malloc/malloc.c:_int_free [/usr/lib/x86_64-linux-gnu/libc.so.6],0.0003,0.0001,0.0,0.0,0.0,0.0,0.0,0.0,0.0,0.0,0.0,0.0,0.0,0.0,0.0
main__gcc__X__alg_radix_n_1048576_u_1048576,gcc,X,radix,1048576,1048576,unique,/usr/include/c++/13/bits/unique_ptr.h,"/usr/include/c++/13/bits/unique_ptr.h:alg_radix(std::vector<unsigned long, std::allocator<unsigned long> >&, Ctx const&)",0.0002,0.0001,0.0,0.0,0.0,0.0,0.0,0.0,0.0,0.0,0.0,0.0,0.0,0.0,0.0
main__gcc__X__alg_radix_n_1048576_u_1048576,gcc,X,radix,1048576,1048576,operator delete,???,???:operator delete[](void*) [/usr/lib/x86_64-linux-gnu/libstdc++.so.6.0.33],0.0002,0.0,0.0,0.0,0.0,0.0,0.0,0.0,0.0,0.0,0.0,0.0,0.0,0.0,0.0
main__gcc__X__alg_radix_n_1048576_u_1048576,gcc,X,radix,1048576,1048576,operator delete,???,???:operator delete(void*) [/usr/lib/x86_64-linux-gnu/libstdc++.so.6.0.33],0.0002,0.0,0.0,0.0,0.0,0.0,0.0,0.0,0.0,0.0,0.0,0.0,0.0,0.0,0.0
main__gcc__X__alg_radix_n_1048576_u_1048576,gcc,X,radix,1048576,1048576,malloc,./malloc/./malloc/malloc.c,./malloc/./malloc/malloc.c:free [/usr/lib/x86_64-linux-gnu/libc.so.6],0.0002,0.0,0.0,0.0,0.0,0.0,0.0,0.0,0.0,0.0,0.0,0.0,0.0,0.0,0.0
main__gcc__X__alg_radix_n_1048576_u_1048576,gcc,X,radix,1048576,1048576,malloc,./malloc/./malloc/morecore.c,./malloc/./malloc/morecore.c:__glibc_morecore [/usr/lib/x86_64-linux-gnu/libc.so.6],0.0001,0.0,0.0,0.0,0.0,0.0,0.0,0.0,0.0,0.0,0.0,0.0,0.0,0.0,0.0
main__gcc__X__alg_radix_n_1048576_u_524288,gcc,X,radix,1048576,524288,measured_call,counters.cpp,counters.cpp:measured_call [/home/user/conference-hardfest-algorithms/bench/deep/counters/build/counters_gcc],126.5139,18.0023,24.5031,0.0001,1.2503,1.1834,0.0001,1.2439,1.0391,11.0031,0.4298,0.0,0.0,2.283,2.4337
main__gcc__X__alg_radix_n_1048576_u_524288,gcc,X,radix,1048576,524288,unique,/usr/include/c++/13/bits/stl_algo.h,"/usr/include/c++/13/bits/stl_algo.h:__gnu_cxx::__normal_iterator<unsigned long*, std::vector<unsigned long, std::allocator<unsigned long> > > std::__unique<__gn",8.5,1.0,0.5,0.0,0.125,0.062,0.0,0.1234,0.0411,2.0,0.4297,0.0,0.0,0.1645,0.187
main__gcc__X__alg_radix_n_1048576_u_524288,gcc,X,radix,1048576,524288,unique,/usr/include/c++/13/bits/stl_iterator.h,"/usr/include/c++/13/bits/stl_iterator.h:__gnu_cxx::__normal_iterator<unsigned long*, std::vector<unsigned long, std::allocator<unsigned long> > > std::__unique<",1.0,0.0,0.0,0.0,0.0,0.0,0.0,0.0,0.0,0.0,0.0,0.0,0.0,0.0,0.0
main__gcc__X__alg_radix_n_1048576_u_524288,gcc,X,radix,1048576,524288,operator new,???,???:operator new[](unsigned long) [/usr/lib/x86_64-linux-gnu/libstdc++.so.6.0.33],0.0009,0.0003,0.0002,0.0001,0.0,0.0,0.0001,0.0,0.0,0.0001,0.0,0.0,0.0,0.0001,0.0001
main__gcc__X__alg_radix_n_1048576_u_524288,gcc,X,radix,1048576,524288,operator new,???,???:operator new(unsigned long) [/usr/lib/x86_64-linux-gnu/libstdc++.so.6.0.33],0.0003,0.0001,0.0,0.0,0.0,0.0,0.0,0.0,0.0,0.0,0.0,0.0,0.0,0.0,0.0
main__gcc__X__alg_radix_n_1048576_u_524288,gcc,X,radix,1048576,524288,malloc,./malloc/./malloc/malloc.c,./malloc/./malloc/malloc.c:malloc [/usr/lib/x86_64-linux-gnu/libc.so.6],0.0003,0.0001,0.0,0.0,0.0,0.0,0.0,0.0,0.0,0.0,0.0,0.0,0.0,0.0,0.0
main__gcc__X__alg_radix_n_1048576_u_524288,gcc,X,radix,1048576,524288,malloc,./malloc/./malloc/malloc.c,./malloc/./malloc/malloc.c:_int_malloc [/usr/lib/x86_64-linux-gnu/libc.so.6],0.0003,0.0001,0.0,0.0,0.0,0.0,0.0,0.0,0.0,0.0,0.0,0.0,0.0,0.0,0.0
main__gcc__X__alg_radix_n_1048576_u_524288,gcc,X,radix,1048576,524288,malloc,./malloc/./malloc/malloc.c,./malloc/./malloc/malloc.c:sysmalloc_mmap.isra.0 [/usr/lib/x86_64-linux-gnu/libc.so.6],0.0001,0.0,0.0,0.0,0.0,0.0,0.0,0.0,0.0,0.0,0.0,0.0,0.0,0.0,0.0
main__gcc__X__alg_radix_n_1048576_u_524288,gcc,X,radix,1048576,524288,unique,,"__unique(_ForwardIterator __first, _ForwardIterator __last,",1.0,0.0,0.0,0.0,0.0,0.0,0.0,0.0,0.0,0.0,0.0,0.0,0.0,0.0,0.0
main__gcc__X__alg_radix_n_1048576_u_524288,gcc,X,radix,1048576,524288,unique,=> /usr/include/c++/13/bits/stl_algo.h,"=> /usr/include/c++/13/bits/stl_algo.h:__gnu_cxx::__normal_iterator<unsigned long*, std::vector<unsigned long, std::allocator<unsigned long> > > std::__unique<_",8.5,1.0,0.5,0.0,0.125,0.062,0.0,0.1234,0.0411,2.0,0.4297,0.0,0.0,0.1645,0.187
main__gcc__X__alg_sort_n_1048576_u_1048576,gcc,X,sort,1048576,1048576,__introsort_loop,/usr/include/c++/13/bits/stl_iterator.h,"/usr/include/c++/13/bits/stl_iterator.h:void std::__introsort_loop<__gnu_cxx::__normal_iterator<unsigned long*, std::vector<unsigned long, std::allocator<unsign",621.5116,128.1539,44.6575,0.0,3.2123,0.0226,0.0,0.3685,0.0009,126.8396,40.8173,0.0,0.0,0.3694,3.2348
main__gcc__X__alg_sort_n_1048576_u_1048576,gcc,X,sort,1048576,1048576,__introsort_loop,/usr/include/c++/13/bits/stl_algo.h,"/usr/include/c++/13/bits/stl_algo.h:void std::__introsort_loop<__gnu_cxx::__normal_iterator<unsigned long*, std::vector<unsigned long, std::allocator<unsigned l",572.0944,105.7234,37.3439,0.0,2.1949,0.0226,0.0,0.1348,0.0009,126.8396,40.8173,0.0,0.0,0.1357,2.2175
main__gcc__X__alg_sort_n_1048576_u_1048576,gcc,X,sort,1048576,1048576,measured_call,counters.cpp,counters.cpp:measured_call [/home/user/conference-hardfest-algorithms/bench/deep/counters/build/counters_gcc],151.4273,31.3362,12.1577,0.0,1.4594,0.0025,0.0,0.603,0.0001,31.2047,8.8107,0.0,0.0,0.6031,1.4619
main__gcc__X__alg_sort_n_1048576_u_1048576,gcc,X,sort,1048576,1048576,__sort,/usr/include/c++/13/bits/stl_algo.h,"/usr/include/c++/13/bits/stl_algo.h:void std::__sort<__gnu_cxx::__normal_iterator<unsigned long*, std::vector<unsigned long, std::allocator<unsigned long> > >, ",144.4273,29.3362,12.1577,0.0,1.3344,0.0025,0.0,0.478,0.0001,29.2047,8.8107,0.0,0.0,0.4781,1.3369
main__gcc__X__alg_sort_n_1048576_u_1048576,gcc,X,sort,1048576,1048576,__introsort_loop,/usr/include/c++/13/bits/stl_iterator.h,"/usr/include/c++/13/bits/stl_iterator.h:void std::__introsort_loop<__gnu_cxx::__normal_iterator<unsigned long*, std::vector<unsigned long, std::allocator<unsign",118.2882,24.6463,8.4679,0.0,1.2101,0.0025,0.0,0.3842,0.0001,24.5148,7.7293,0.0,0.0,0.3843,1.2126
main__gcc__X__alg_sort_n_1048576_u_1048576,gcc,X,sort,1048576,1048576,__introsort_loop,/usr/include/c++/13/bits/stl_algo.h,"/usr/include/c++/13/bits/stl_algo.h:void std::__introsort_loop<__gnu_cxx::__normal_iterator<unsigned long*, std::vector<unsigned long, std::allocator<unsigned l",114.2073,22.7698,7.8124,0.0,1.0175,0.0025,0.0,0.2338,0.0001,24.5148,7.7293,0.0,0.0,0.2339,1.02
main__gcc__X__alg_sort_n_1048576_u_1048576,gcc,X,sort,1048576,1048576,__introsort_loop,/usr/include/c++/13/bits/stl_heap.h,"/usr/include/c++/13/bits/stl_heap.h:void std::__introsort_loop<__gnu_cxx::__normal_iterator<unsigned long*, std::vector<unsigned long, std::allocator<unsigned l",0.0555,0.0555,0.0,0.0,0.0,0.0,0.0,0.0,0.0,0.0,0.0,0.0,0.0,0.0,0.0
main__gcc__X__alg_sort_n_1048576_u_1048576,gcc,X,sort,1048576,1048576,memmove,,"__builtin_memmove(__result - _Num, __first, sizeof(_Tp) * _Num);",0.0,0.0,0.0,0.0,0.0,0.0,0.0,0.0,0.0,0.0,0.0,0.0,0.0,0.0,0.0
main__gcc__X__alg_sort_n_1048576_u_1048576,gcc,X,sort,1048576,1048576,__introsort_loop,=> /usr/include/c++/13/bits/stl_iterator.h,"=> /usr/include/c++/13/bits/stl_iterator.h:void std::__introsort_loop<__gnu_cxx::__normal_iterator<unsigned long*, std::vector<unsigned long, std::allocator<uns",109.5776,22.7698,7.8124,0.0,1.0175,0.0025,0.0,0.2338,0.0001,22.6383,7.149,0.0,0.0,0.2339,1.0199
main__gcc__X__alg_sort_n_1048576_u_1048576,gcc,X,sort,1048576,1048576,__introsort_loop,=> /usr/include/c++/13/bits/stl_iterator.h,"=> /usr/include/c++/13/bits/stl_iterator.h:void std::__introsort_loop<__gnu_cxx::__normal_iterator<unsigned long*, std::vector<unsigned long, std::allocator<uns",118.2882,24.6463,8.4679,0.0,1.2101,0.0025,0.0,0.3842,0.0001,24.5148,7.7293,0.0,0.0,0.3843,1.2126
main__gcc__X__alg_sort_n_1048576_u_1048576,gcc,X,sort,1048576,1048576,__sort,=> /usr/include/c++/13/bits/stl_algo.h,"=> /usr/include/c++/13/bits/stl_algo.h:void std::__sort<__gnu_cxx::__normal_iterator<unsigned long*, std::vector<unsigned long, std::allocator<unsigned long> > ",144.4273,29.3362,12.1577,0.0,1.3344,0.0025,0.0,0.478,0.0001,29.2047,8.8107,0.0,0.0,0.4781,1.3369
main__gcc__X__alg_sort_n_1048576_u_524288,gcc,X,sort,1048576,524288,__introsort_loop,/usr/include/c++/13/bits/stl_iterator.h,"/usr/include/c++/13/bits/stl_iterator.h:void std::__introsort_loop<__gnu_cxx::__normal_iterator<unsigned long*, std::vector<unsigned long, std::allocator<unsign",593.4215,122.2941,43.0743,0.0,2.9359,0.0231,0.0,0.2664,0.0008,121.0653,38.798,0.0,0.0,0.2672,2.959
main__gcc__X__alg_sort_n_1048576_u_524288,gcc,X,sort,1048576,524288,__introsort_loop,/usr/include/c++/13/bits/stl_algo.h,"/usr/include/c++/13/bits/stl_algo.h:void std::__introsort_loop<__gnu_cxx::__normal_iterator<unsigned long*, std::vector<unsigned long, std::allocator<unsigned l",544.8024,100.2268,35.877,0.0,1.9544,0.0231,0.0,0.0586,0.0008,121.0653,38.798,0.0,0.0,0.0594,1.9775
main__gcc__X__alg_sort_n_1048576_u_524288,gcc,X,sort,1048576,524288,measured_call,counters.cpp,counters.cpp:measured_call [/home/user/conference-hardfest-algorithms/bench/deep/counters/build/counters_gcc],153.0245,30.369,12.3396,0.0,1.5067,0.0646,0.0,0.6562,0.0412,31.2432,9.2009,0.0,0.0,0.6974,1.5714
main__gcc__X__alg_sort_n_1048576_u_524288,gcc,X,sort,1048576,524288,__sort,/usr/include/c++/13/bits/stl_algo.h,"/usr/include/c++/13/bits/stl_algo.h:void std::__sort<__gnu_cxx::__normal_iterator<unsigned long*, std::vector<unsigned long, std::allocator<unsigned long> > >, ",144.5245,29.369,11.8396,0.0,1.3817,0.0026,0.0,0.5312,0.0001,29.2432,8.7712,0.0,0.0,0.5313,1.3843
main__gcc__X__alg_sort_n_1048576_u_524288,gcc,X,sort,1048576,524288,__introsort_loop,/usr/include/c++/13/bits/stl_iterator.h,"/usr/include/c++/13/bits/stl_iterator.h:void std::__introsort_loop<__gnu_cxx::__normal_iterator<unsigned long*, std::vector<unsigned long, std::allocator<unsign",120.4034,25.0154,8.4861,0.0,1.2575,0.0026,0.0,0.4374,0.0001,24.8897,7.654,0.0,0.0,0.4375,1.2601
main__gcc__X__alg_sort_n_1048576_u_524288,gcc,X,sort,1048576,524288,__introsort_loop,/usr/include/c++/13/bits/stl_algo.h,"/usr/include/c++/13/bits/stl_algo.h:void std::__introsort_loop<__gnu_cxx::__normal_iterator<unsigned long*, std::vector<unsigned long, std::allocator<unsigned l",114.7741,22.4005,7.6874,0.0,0.9816,0.0026,0.0,0.2078,0.0001,24.8897,7.654,0.0,0.0,0.2079,0.9842
main__gcc__X__alg_sort_n_1048576_u_524288,gcc,X,sort,1048576,524288,__introsort_loop,/usr/include/c++/13/bits/stl_heap.h,"/usr/include/c++/13/bits/stl_heap.h:void std::__introsort_loop<__gnu_cxx::__normal_iterator<unsigned long*, std::vector<unsigned long, std::allocator<unsigned l",0.0547,0.0547,0.0,0.0,0.0,0.0,0.0,0.0,0.0,0.0,0.0,0.0,0.0,0.0,0.0
main__gcc__X__alg_sort_n_1048576_u_524288,gcc,X,sort,1048576,524288,__introsort_loop,=> /usr/include/c++/13/bits/stl_iterator.h,"=> /usr/include/c++/13/bits/stl_iterator.h:void std::__introsort_loop<__gnu_cxx::__normal_iterator<unsigned long*, std::vector<unsigned long, std::allocator<uns",107.929,22.4005,7.6874,0.0,0.9816,0.0026,0.0,0.2078,0.0001,22.2747,6.9243,0.0,0.0,0.2079,0.9842
main__gcc__X__alg_sort_n_1048576_u_524288,gcc,X,sort,1048576,524288,__introsort_loop,=> /usr/include/c++/13/bits/stl_iterator.h,"=> /usr/include/c++/13/bits/stl_iterator.h:void std::__introsort_loop<__gnu_cxx::__normal_iterator<unsigned long*, std::vector<unsigned long, std::allocator<uns",120.4034,25.0154,8.4861,0.0,1.2575,0.0026,0.0,0.4374,0.0001,24.8897,7.654,0.0,0.0,0.4375,1.2601
main__gcc__X__alg_sort_n_1048576_u_524288,gcc,X,sort,1048576,524288,__sort,=> /usr/include/c++/13/bits/stl_algo.h,"=> /usr/include/c++/13/bits/stl_algo.h:void std::__sort<__gnu_cxx::__normal_iterator<unsigned long*, std::vector<unsigned long, std::allocator<unsigned long> > ",144.5245,29.369,11.8396,0.0,1.3817,0.0026,0.0,0.5312,0.0001,29.2432,8.7712,0.0,0.0,0.5313,1.3843
main__gcc__X__alg_uset_n_1048576_u_1048576,gcc,X,uset,1048576,1048576,measured_call,counters.cpp,counters.cpp:measured_call [/home/user/conference-hardfest-algorithms/bench/deep/counters/build/counters_gcc],458.9788,108.3669,70.4186,0.0001,4.6781,0.877,0.0001,4.42,0.8769,80.2544,1.3106,6.0,0.0,5.2969,5.5551
main__gcc__X__alg_uset_n_1048576_u_1048576,gcc,X,uset,1048576,1048576,rehash,/usr/include/c++/13/bits/hashtable.h,"/usr/include/c++/13/bits/hashtable.h:std::pair<std::__detail::_Node_iterator<unsigned long, true, false>, bool> std::_Hashtable<unsigned long, unsigned long, st",302.86,71.3667,37.3003,0.0001,1.983,0.5001,0.0001,1.8182,0.5001,40.1361,1.0427,3.0,0.0,2.3183,2.4831
main__gcc__X__alg_uset_n_1048576_u_1048576,gcc,X,uset,1048576,1048576,rehash,/usr/include/c++/13/bits/new_allocator.h,"/usr/include/c++/13/bits/new_allocator.h:std::pair<std::__detail::_Node_iterator<unsigned long, true, false>, bool> std::_Hashtable<unsigned long, unsigned long",212.9746,43.0097,22.0314,0.0,0.0006,0.5001,0.0,0.0002,0.5001,32.0145,0.1601,2.0,0.0,0.5003,0.5007
main__gcc__X__alg_uset_n_1048576_u_1048576,gcc,X,uset,1048576,1048576,operator new,???,???:operator new(unsigned long) [/usr/lib/x86_64-linux-gnu/libstdc++.so.6.0.33],207.975,42.0098,21.0315,0.0001,0.0006,0.5001,0.0001,0.0002,0.5001,32.0146,0.1601,1.0,0.0,0.5003,0.5007
main__gcc__X__alg_uset_n_1048576_u_1048576,gcc,X,uset,1048576,1048576,malloc,./malloc/./malloc/malloc.c,./malloc/./malloc/malloc.c:malloc [/usr/lib/x86_64-linux-gnu/libc.so.6],189.975,38.0098,18.0315,0.0001,0.0006,0.5001,0.0001,0.0002,0.5001,31.0146,0.1601,0.0,0.0,0.5003,0.5007
main__gcc__X__alg_uset_n_1048576_u_1048576,gcc,X,uset,1048576,1048576,malloc,./malloc/./malloc/malloc.c,./malloc/./malloc/malloc.c:_int_malloc [/usr/lib/x86_64-linux-gnu/libc.so.6],142.9749,26.0098,13.0314,0.0001,0.0006,0.5001,0.0001,0.0002,0.5001,21.0146,0.0002,0.0,0.0,0.5003,0.5007
main__gcc__X__alg_uset_n_1048576_u_1048576,gcc,X,uset,1048576,1048576,operator delete,???,"???:operator delete(void*, unsigned long) [/usr/lib/x86_64-linux-gnu/libstdc++.so.6.0.33]",113.9999,31.0,13.0,0.0,0.2291,0.0,0.0,0.2142,0.0,19.9999,0.0,2.0,0.0,0.2142,0.2291
main__gcc__X__alg_uset_n_1048576_u_1048576,gcc,X,uset,1048576,1048576,operator delete,???,???:operator delete(void*) [/usr/lib/x86_64-linux-gnu/libstdc++.so.6.0.33],109.9999,30.0,13.0,0.0,0.2291,0.0,0.0,0.2142,0.0,19.9999,0.0,1.0,0.0,0.2142,0.2291
main__gcc__X__alg_uset_n_1048576_u_1048576,gcc,X,uset,1048576,1048576,malloc,./malloc/./malloc/malloc.c,./malloc/./malloc/malloc.c:free [/usr/lib/x86_64-linux-gnu/libc.so.6],105.9999,29.0,13.0,0.0,0.2291,0.0,0.0,0.2142,0.0,19.9999,0.0,0.0,0.0,0.2142,0.2291
main__gcc__X__alg_uset_n_1048576_u_1048576,gcc,X,uset,1048576,1048576,malloc,./malloc/./malloc/malloc.c,./malloc/./malloc/malloc.c:_int_free [/usr/lib/x86_64-linux-gnu/libc.so.6],74.9998,19.0,7.0,0.0,0.2242,0.0,0.0,0.2093,0.0,15.9999,0.0,0.0,0.0,0.2093,0.2242
main__gcc__X__alg_uset_n_1048576_u_1048576,gcc,X,uset,1048576,1048576,_M_rehash,/usr/include/c++/13/bits/hashtable.h,"/usr/include/c++/13/bits/hashtable.h:std::_Hashtable<unsigned long, unsigned long, std::allocator<unsigned long>, std::__detail::_Identity, std::equal_to<unsign",8.0596,0.0001,8.0592,0.0001,0.0,0.1259,0.0001,0.0,0.1259,8.0592,0.0,0.0,0.0,0.126,0.126
main__gcc__X__alg_uset_n_1048576_u_1048576,gcc,X,uset,1048576,1048576,_M_rehash,/usr/include/c++/13/bits/hashtable_policy.h,"/usr/include/c++/13/bits/hashtable_policy.h:std::_Hashtable<unsigned long, unsigned long, std::allocator<unsigned long>, std::__detail::_Identity, std::equal_to",8.0591,0.0,8.0591,0.0,0.0,0.1259,0.0,0.0,0.1259,8.0591,0.0,0.0,0.0,0.1259,0.1259
main__gcc__X__alg_uset_n_1048576_u_1048576,gcc,X,uset,1048576,1048576,rehash,/usr/include/c++/13/bits/stl_construct.h,"/usr/include/c++/13/bits/stl_construct.h:std::pair<std::__detail::_Node_iterator<unsigned long, true, false>, bool> std::_Hashtable<unsigned long, unsigned long",2.0,1.0,1.0,0.0,0.0,0.0,0.0,0.0,0.0,0.0,0.0,0.0,0.0,0.0,0.0
main__gcc__X__alg_uset_n_1048576_u_1048576,gcc,X,uset,1048576,1048576,malloc,./malloc/./malloc/morecore.c,./malloc/./malloc/morecore.c:__glibc_morecore [/usr/lib/x86_64-linux-gnu/libc.so.6],0.0041,0.0011,0.0007,0.0,0.0003,0.0001,0.0,0.0001,0.0,0.0007,0.0,0.0,0.0,0.0001,0.0004
main__gcc__X__alg_uset_n_1048576_u_1048576,gcc,X,uset,1048576,1048576,malloc,./malloc/./malloc/malloc.c,./malloc/./malloc/malloc.c:sysmalloc_mmap_fallback.constprop.0 [/usr/lib/x86_64-linux-gnu/libc.so.6],0.0023,0.0005,0.0004,0.0,0.0,0.0,0.0,0.0,0.0,0.0003,0.0,0.0,0.0,0.0,0.0
main__gcc__X__alg_uset_n_1048576_u_1048576,gcc,X,uset,1048576,1048576,_M_rehash,/usr/include/c++/13/bits/new_allocator.h,"/usr/include/c++/13/bits/new_allocator.h:std::_Hashtable<unsigned long, unsigned long, std::allocator<unsigned long>, std::__detail::_Identity, std::equal_to<un",0.0004,0.0001,0.0001,0.0,0.0,0.0,0.0,0.0,0.0,0.0001,0.0,0.0,0.0,0.0,0.0
main__gcc__X__alg_uset_n_1048576_u_1048576,gcc,X,uset,1048576,1048576,malloc,./malloc/./malloc/malloc.c,./malloc/./malloc/malloc.c:sysmalloc_mmap.isra.0 [/usr/lib/x86_64-linux-gnu/libc.so.6],0.0001,0.0,0.0,0.0,0.0,0.0,0.0,0.0,0.0,0.0,0.0,0.0,0.0,0.0,0.0
main__gcc__X__alg_uset_n_1048576_u_1048576,gcc,X,uset,1048576,1048576,rehash,=> /usr/include/c++/13/bits/hashtable.h,"=> /usr/include/c++/13/bits/hashtable.h:std::pair<std::__detail::_Node_iterator<unsigned long, true, false>, bool> std::_Hashtable<unsigned long, unsigned long,",302.86,71.3667,37.3003,0.0001,1.983,0.5001,0.0001,1.8182,0.5001,40.1361,1.0427,3.0,0.0,2.3183,2.4831
main__gcc__X__alg_uset_n_1048576_u_1048576,gcc,X,uset,1048576,1048576,_M_rehash,,"= _M_rehash_policy._M_need_rehash(_M_bucket_count, _M_element_count,",6.0,2.0,1.0,0.0,0.0,0.0,0.0,0.0,0.0,0.0,0.0,0.0,0.0,0.0,0.0
main__gcc__X__alg_uset_n_1048576_u_1048576,gcc,X,uset,1048576,1048576,_M_rehash,=> /usr/include/c++/13/bits/hashtable.h,"=> /usr/include/c++/13/bits/hashtable.h:std::_Hashtable<unsigned long, unsigned long, std::allocator<unsigned long>, std::__detail::_Identity, std::equal_to<uns",8.0596,0.0001,8.0592,0.0001,0.0,0.1259,0.0001,0.0,0.1259,8.0592,0.0,0.0,0.0,0.126,0.126
main__gcc__X__alg_uset_n_1048576_u_524288,gcc,X,uset,1048576,524288,measured_call,counters.cpp,counters.cpp:measured_call [/home/user/conference-hardfest-algorithms/bench/deep/counters/build/counters_gcc],263.7061,63.0427,47.408,0.0001,3.376,0.5645,0.0001,3.0692,0.5644,51.1647,0.9029,3.0,0.0,3.6336,3.9405
main__gcc__X__alg_uset_n_1048576_u_524288,gcc,X,uset,1048576,524288,rehash,/usr/include/c++/13/bits/hashtable.h,"/usr/include/c++/13/bits/hashtable.h:std::pair<std::__detail::_Node_iterator<unsigned long, true, false>, bool> std::_Hashtable<unsigned long, unsigned long, st",173.5873,44.0426,21.7896,0.0,2.1643,0.2501,0.0,1.9217,0.25,22.5464,0.8076,1.5,0.0,2.1717,2.4144
main__gcc__X__alg_uset_n_1048576_u_524288,gcc,X,uset,1048576,524288,rehash,/usr/include/c++/13/bits/new_allocator.h,"/usr/include/c++/13/bits/new_allocator.h:std::pair<std::__detail::_Node_iterator<unsigned long, true, false>, bool> std::_Hashtable<unsigned long, unsigned long",106.511,21.503,11.0017,0.0,0.0004,0.2501,0.0,0.0001,0.25,16.002,0.0303,1.0,0.0,0.2501,0.2505
main__gcc__X__alg_uset_n_1048576_u_524288,gcc,X,uset,1048576,524288,operator new,???,???:operator new(unsigned long) [/usr/lib/x86_64-linux-gnu/libstdc++.so.6.0.33],104.0113,21.003,10.5017,0.0001,0.0004,0.2501,0.0001,0.0001,0.25,16.0021,0.0303,0.5,0.0,0.2501,0.2505
main__gcc__X__alg_uset_n_1048576_u_524288,gcc,X,uset,1048576,524288,malloc,./malloc/./malloc/malloc.c,./malloc/./malloc/malloc.c:malloc [/usr/lib/x86_64-linux-gnu/libc.so.6],95.0113,19.003,9.0017,0.0001,0.0004,0.2501,0.0001,0.0001,0.25,15.5021,0.0303,0.0,0.0,0.2501,0.2505
main__gcc__X__alg_uset_n_1048576_u_524288,gcc,X,uset,1048576,524288,malloc,./malloc/./malloc/malloc.c,./malloc/./malloc/malloc.c:_int_malloc [/usr/lib/x86_64-linux-gnu/libc.so.6],71.5113,13.003,6.5017,0.0001,0.0004,0.2501,0.0001,0.0001,0.25,10.5021,0.0001,0.0,0.0,0.2501,0.2505
main__gcc__X__alg_uset_n_1048576_u_524288,gcc,X,uset,1048576,524288,operator delete,???,"???:operator delete(void*, unsigned long) [/usr/lib/x86_64-linux-gnu/libstdc++.so.6.0.33]",56.9999,15.5,6.5,0.0,0.1709,0.0,0.0,0.1609,0.0,10.0,0.0,1.0,0.0,0.1609,0.1709
main__gcc__X__alg_uset_n_1048576_u_524288,gcc,X,uset,1048576,524288,operator delete,???,???:operator delete(void*) [/usr/lib/x86_64-linux-gnu/libstdc++.so.6.0.33],54.9999,15.0,6.5,0.0,0.1709,0.0,0.0,0.1609,0.0,10.0,0.0,0.5,0.0,0.1609,0.1709
main__gcc__X__alg_uset_n_1048576_u_524288,gcc,X,uset,1048576,524288,malloc,./malloc/./malloc/malloc.c,./malloc/./malloc/malloc.c:free [/usr/lib/x86_64-linux-gnu/libc.so.6],52.9999,14.5,6.5,0.0,0.1709,0.0,0.0,0.1608,0.0,10.0,0.0,0.0,0.0,0.1609,0.1709
main__gcc__X__alg_uset_n_1048576_u_524288,gcc,X,uset,1048576,524288,malloc,./malloc/./malloc/malloc.c,./malloc/./malloc/malloc.c:_int_free [/usr/lib/x86_64-linux-gnu/libc.so.6],37.4999,9.5,3.5,0.0,0.0473,0.0,0.0,0.0409,0.0,7.9999,0.0,0.0,0.0,0.0409,0.0473
main__gcc__X__alg_uset_n_1048576_u_524288,gcc,X,uset,1048576,524288,_M_rehash,/usr/include/c++/13/bits/hashtable.h,"/usr/include/c++/13/bits/hashtable.h:std::_Hashtable<unsigned long, unsigned long, std::allocator<unsigned long>, std::__detail::_Identity, std::equal_to<unsign",8.0595,0.0001,8.0592,0.0,0.0,0.1259,0.0,0.0,0.1259,8.0592,0.0,0.0,0.0,0.1259,0.1259
main__gcc__X__alg_uset_n_1048576_u_524288,gcc,X,uset,1048576,524288,_M_rehash,/usr/include/c++/13/bits/hashtable_policy.h,"/usr/include/c++/13/bits/hashtable_policy.h:std::_Hashtable<unsigned long, unsigned long, std::allocator<unsigned long>, std::__detail::_Identity, std::equal_to",8.0591,0.0,8.0591,0.0,0.0,0.1259,0.0,0.0,0.1259,8.0591,0.0,0.0,0.0,0.1259,0.1259
main__gcc__X__alg_uset_n_1048576_u_524288,gcc,X,uset,1048576,524288,rehash,/usr/include/c++/13/bits/stl_construct.h,"/usr/include/c++/13/bits/stl_construct.h:std::pair<std::__detail::_Node_iterator<unsigned long, true, false>, bool> std::_Hashtable<unsigned long, unsigned long",1.0,0.5,0.5,0.0,0.0,0.0,0.0,0.0,0.0,0.0,0.0,0.0,0.0,0.0,0.0
main__gcc__X__alg_uset_n_1048576_u_524288,gcc,X,uset,1048576,524288,malloc,./malloc/./malloc/morecore.c,./malloc/./malloc/morecore.c:__glibc_morecore [/usr/lib/x86_64-linux-gnu/libc.so.6],0.0033,0.0009,0.0005,0.0,0.0002,0.0001,0.0,0.0,0.0,0.0006,0.0,0.0,0.0,0.0001,0.0003
main__gcc__X__alg_uset_n_1048576_u_524288,gcc,X,uset,1048576,524288,malloc,./malloc/./malloc/malloc.c,./malloc/./malloc/malloc.c:sysmalloc_mmap_fallback.constprop.0 [/usr/lib/x86_64-linux-gnu/libc.so.6],0.0009,0.0002,0.0002,0.0,0.0,0.0,0.0,0.0,0.0,0.0001,0.0,0.0,0.0,0.0,0.0
main__gcc__X__alg_uset_n_1048576_u_524288,gcc,X,uset,1048576,524288,_M_rehash,/usr/include/c++/13/bits/new_allocator.h,"/usr/include/c++/13/bits/new_allocator.h:std::_Hashtable<unsigned long, unsigned long, std::allocator<unsigned long>, std::__detail::_Identity, std::equal_to<un",0.0003,0.0001,0.0,0.0,0.0,0.0,0.0,0.0,0.0,0.0001,0.0,0.0,0.0,0.0,0.0
main__gcc__X__alg_uset_n_1048576_u_524288,gcc,X,uset,1048576,524288,malloc,./malloc/./malloc/malloc.c,./malloc/./malloc/malloc.c:sysmalloc_mmap.isra.0 [/usr/lib/x86_64-linux-gnu/libc.so.6],0.0001,0.0,0.0,0.0,0.0,0.0,0.0,0.0,0.0,0.0,0.0,0.0,0.0,0.0,0.0
main__gcc__X__alg_uset_n_1048576_u_524288,gcc,X,uset,1048576,524288,rehash,=> /usr/include/c++/13/bits/hashtable.h,"=> /usr/include/c++/13/bits/hashtable.h:std::pair<std::__detail::_Node_iterator<unsigned long, true, false>, bool> std::_Hashtable<unsigned long, unsigned long,",173.5873,44.0426,21.7896,0.0,2.1643,0.2501,0.0,1.9217,0.25,22.5464,0.8076,1.5,0.0,2.1717,2.4144
main__gcc__X__alg_uset_n_1048576_u_524288,gcc,X,uset,1048576,524288,_M_rehash,,"= _M_rehash_policy._M_need_rehash(_M_bucket_count, _M_element_count,",3.0,1.0,0.5,0.0,0.0,0.0,0.0,0.0,0.0,0.0,0.0,0.0,0.0,0.0,0.0
main__gcc__X__alg_uset_n_1048576_u_524288,gcc,X,uset,1048576,524288,_M_rehash,=> /usr/include/c++/13/bits/hashtable.h,"=> /usr/include/c++/13/bits/hashtable.h:std::_Hashtable<unsigned long, unsigned long, std::allocator<unsigned long>, std::__detail::_Identity, std::equal_to<uns",8.0595,0.0001,8.0592,0.0,0.0,0.1259,0.0,0.0,0.1259,8.0592,0.0,0.0,0.0,0.1259,0.1259
main__gcc__X__alg_uset_phased_n_1048576_u_1048576,gcc,X,uset_phased,1048576,1048576,measured_call,counters.cpp,counters.cpp:measured_call [/home/user/conference-hardfest-algorithms/bench/deep/counters/build/counters_gcc],458.9794,108.367,70.4186,0.0002,4.678,0.877,0.0002,4.42,0.8769,80.2545,0.883,6.0,0.0,5.297,5.555
main__gcc__X__alg_uset_phased_n_1048576_u_1048576,gcc,X,uset_phased,1048576,1048576,phase_insert,counters.cpp,"counters.cpp:void phase_insert<std::unordered_set<unsigned long, std::hash<unsigned long>, std::equal_to<unsigned long>, std::allocator<unsigned long> > >(std::",318.9198,72.3669,47.3594,0.0001,2.1079,0.6261,0.0001,1.9433,0.626,49.1953,0.8829,3.0,0.0,2.5693,2.734
main__gcc__X__alg_uset_phased_n_1048576_u_1048576,gcc,X,uset_phased,1048576,1048576,phase_insert,/usr/include/c++/13/bits/hashtable.h,"/usr/include/c++/13/bits/hashtable.h:void phase_insert<std::unordered_set<unsigned long, std::hash<unsigned long>, std::equal_to<unsigned long>, std::allocator<",313.9197,71.3669,46.3594,0.0001,1.9829,0.6261,0.0001,1.8183,0.626,48.1953,0.8829,3.0,0.0,2.4443,2.609
main__gcc__X__alg_uset_phased_n_1048576_u_1048576,gcc,X,uset_phased,1048576,1048576,rehash,/usr/include/c++/13/bits/hashtable.h,"/usr/include/c++/13/bits/hashtable.h:std::pair<std::__detail::_Node_iterator<unsigned long, true, false>, bool> std::_Hashtable<unsigned long, unsigned long, st",302.86,71.3667,37.3003,0.0,1.9829,0.5001,0.0,1.8183,0.5001,40.1361,0.8828,3.0,0.0,2.3184,2.4831
main__gcc__X__alg_uset_phased_n_1048576_u_1048576,gcc,X,uset_phased,1048576,1048576,rehash,/usr/include/c++/13/bits/new_allocator.h,"/usr/include/c++/13/bits/new_allocator.h:std::pair<std::__detail::_Node_iterator<unsigned long, true, false>, bool> std::_Hashtable<unsigned long, unsigned long",212.9746,43.0097,22.0314,0.0,0.0006,0.5001,0.0,0.0002,0.5001,32.0145,0.0002,2.0,0.0,0.5003,0.5007
main__gcc__X__alg_uset_phased_n_1048576_u_1048576,gcc,X,uset_phased,1048576,1048576,operator new,???,???:operator new(unsigned long) [/usr/lib/x86_64-linux-gnu/libstdc++.so.6.0.33],207.9755,42.0099,21.0315,0.0001,0.0006,0.5002,0.0001,0.0002,0.5001,32.0147,0.0003,1.0,0.0,0.5003,0.5007
main__gcc__X__alg_uset_phased_n_1048576_u_1048576,gcc,X,uset_phased,1048576,1048576,malloc,./malloc/./malloc/malloc.c,./malloc/./malloc/malloc.c:malloc [/usr/lib/x86_64-linux-gnu/libc.so.6],189.9754,38.0099,18.0315,0.0001,0.0006,0.5002,0.0001,0.0002,0.5001,31.0147,0.0003,0.0,0.0,0.5003,0.5007
main__gcc__X__alg_uset_phased_n_1048576_u_1048576,gcc,X,uset_phased,1048576,1048576,malloc,./malloc/./malloc/malloc.c,./malloc/./malloc/malloc.c:_int_malloc [/usr/lib/x86_64-linux-gnu/libc.so.6],142.9753,26.0099,13.0315,0.0001,0.0006,0.5001,0.0001,0.0002,0.5001,21.0147,0.0002,0.0,0.0,0.5003,0.5007
main__gcc__X__alg_uset_phased_n_1048576_u_1048576,gcc,X,uset_phased,1048576,1048576,phase_dtor,counters.cpp,"counters.cpp:void phase_dtor<std::unordered_set<unsigned long, std::hash<unsigned long>, std::equal_to<unsigned long>, std::allocator<unsigned long> > >(std::un",130.0591,33.0,22.0591,0.0,1.0061,0.1259,0.0,0.9613,0.1259,29.0591,0.0,3.0,0.0,1.0872,1.132
main__gcc__X__alg_uset_phased_n_1048576_u_1048576,gcc,X,uset_phased,1048576,1048576,phase_dtor,/usr/include/c++/13/bits/new_allocator.h,"/usr/include/c++/13/bits/new_allocator.h:void phase_dtor<std::unordered_set<unsigned long, std::hash<unsigned long>, std::equal_to<unsigned long>, std::allocato",117.9999,32.0,14.0,0.0,0.2291,0.0,0.0,0.2142,0.0,19.9999,0.0,3.0,0.0,0.2142,0.2291
main__gcc__X__alg_uset_phased_n_1048576_u_1048576,gcc,X,uset_phased,1048576,1048576,operator delete,???,"???:operator delete(void*, unsigned long) [/usr/lib/x86_64-linux-gnu/libstdc++.so.6.0.33]",114.0,31.0,13.0,0.0,0.2291,0.0,0.0,0.2142,0.0,20.0,0.0,2.0,0.0,0.2142,0.2291
main__gcc__X__alg_uset_phased_n_1048576_u_1048576,gcc,X,uset_phased,1048576,1048576,operator delete,???,???:operator delete(void*) [/usr/lib/x86_64-linux-gnu/libstdc++.so.6.0.33],110.0,30.0,13.0,0.0,0.2291,0.0,0.0,0.2142,0.0,20.0,0.0,1.0,0.0,0.2142,0.2291
main__gcc__X__alg_uset_phased_n_1048576_u_1048576,gcc,X,uset_phased,1048576,1048576,malloc,./malloc/./malloc/malloc.c,./malloc/./malloc/malloc.c:free [/usr/lib/x86_64-linux-gnu/libc.so.6],106.0,29.0,13.0,0.0,0.2291,0.0,0.0,0.2142,0.0,20.0,0.0,0.0,0.0,0.2142,0.2291
main__gcc__X__alg_uset_phased_n_1048576_u_1048576,gcc,X,uset_phased,1048576,1048576,malloc,./malloc/./malloc/malloc.c,./malloc/./malloc/malloc.c:_int_free [/usr/lib/x86_64-linux-gnu/libc.so.6],74.9999,19.0,7.0,0.0,0.2242,0.0,0.0,0.2093,0.0,15.9999,0.0,0.0,0.0,0.2093,0.2242
main__gcc__X__alg_uset_phased_n_1048576_u_1048576,gcc,X,uset_phased,1048576,1048576,phase_dump,counters.cpp,"counters.cpp:void phase_dump<std::unordered_set<unsigned long, std::hash<unsigned long>, std::equal_to<unsigned long>, std::allocator<unsigned long> > >(std::un",10.0,3.0,1.0,0.0,1.564,0.125,0.0,1.5154,0.125,2.0,0.0,0.0,0.0,1.6404,1.689
main__gcc__X__alg_uset_phased_n_1048576_u_1048576,gcc,X,uset_phased,1048576,1048576,phase_dump,/usr/include/c++/13/bits/stl_vector.h,"/usr/include/c++/13/bits/stl_vector.h:void phase_dump<std::unordered_set<unsigned long, std::hash<unsigned long>, std::equal_to<unsigned long>, std::allocator<u",10.0,3.0,1.0,0.0,1.564,0.125,0.0,1.5154,0.125,2.0,0.0,0.0,0.0,1.6404,1.689
main__gcc__X__alg_uset_phased_n_1048576_u_1048576,gcc,X,uset_phased,1048576,1048576,_M_rehash,/usr/include/c++/13/bits/hashtable.h,"/usr/include/c++/13/bits/hashtable.h:std::_Hashtable<unsigned long, unsigned long, std::allocator<unsigned long>, std::__detail::_Identity, std::equal_to<unsign",8.0596,0.0001,8.0592,0.0,0.0,0.1259,0.0,0.0,0.1259,8.0592,0.0,0.0,0.0,0.1259,0.1259
main__gcc__X__alg_uset_phased_n_1048576_u_1048576,gcc,X,uset_phased,1048576,1048576,phase_dtor,/usr/include/c++/13/bits/hashtable.h,"/usr/include/c++/13/bits/hashtable.h:void phase_dtor<std::unordered_set<unsigned long, std::hash<unsigned long>, std::equal_to<unsigned long>, std::allocator<un",8.0591,0.0,8.0591,0.0,0.0,0.1259,0.0,0.0,0.1259,8.0591,0.0,0.0,0.0,0.1259,0.1259
main__gcc__X__alg_uset_phased_n_1048576_u_1048576,gcc,X,uset_phased,1048576,1048576,_M_rehash,/usr/include/c++/13/bits/hashtable_policy.h,"/usr/include/c++/13/bits/hashtable_policy.h:std::_Hashtable<unsigned long, unsigned long, std::allocator<unsigned long>, std::__detail::_Identity, std::equal_to",8.0591,0.0,8.0591,0.0,0.0,0.1259,0.0,0.0,0.1259,8.0591,0.0,0.0,0.0,0.1259,0.1259
main__gcc__X__alg_uset_phased_n_1048576_u_1048576,gcc,X,uset_phased,1048576,1048576,rehash,/usr/include/c++/13/bits/stl_construct.h,"/usr/include/c++/13/bits/stl_construct.h:std::pair<std::__detail::_Node_iterator<unsigned long, true, false>, bool> std::_Hashtable<unsigned long, unsigned long",2.0,1.0,1.0,0.0,0.0,0.0,0.0,0.0,0.0,0.0,0.0,0.0,0.0,0.0,0.0
main__gcc__X__alg_uset_phased_n_1048576_u_1048576,gcc,X,uset_phased,1048576,1048576,malloc,./malloc/./malloc/morecore.c,./malloc/./malloc/morecore.c:__glibc_morecore [/usr/lib/x86_64-linux-gnu/libc.so.6],0.0041,0.0011,0.0007,0.0,0.0003,0.0001,0.0,0.0001,0.0,0.0007,0.0,0.0,0.0,0.0001,0.0004
main__gcc__X__alg_uset_phased_n_1048576_u_1048576,gcc,X,uset_phased,1048576,1048576,malloc,./malloc/./malloc/malloc.c,./malloc/./malloc/malloc.c:sysmalloc_mmap_fallback.constprop.0 [/usr/lib/x86_64-linux-gnu/libc.so.6],0.0023,0.0005,0.0004,0.0,0.0,0.0,0.0,0.0,0.0,0.0003,0.0,0.0,0.0,0.0,0.0
main__gcc__X__alg_uset_phased_n_1048576_u_1048576,gcc,X,uset_phased,1048576,1048576,unique,/usr/include/c++/13/bits/unique_ptr.h,"/usr/include/c++/13/bits/unique_ptr.h:alg_uset_phased(std::vector<unsigned long, std::allocator<unsigned long> >&, Ctx const&)",0.0005,0.0001,0.0,0.0,0.0,0.0,0.0,0.0,0.0,0.0001,0.0,0.0,0.0,0.0,0.0
main__gcc__X__alg_uset_phased_n_1048576_u_1048576,gcc,X,uset_phased,1048576,1048576,_M_rehash,/usr/include/c++/13/bits/new_allocator.h,"/usr/include/c++/13/bits/new_allocator.h:std::_Hashtable<unsigned long, unsigned long, std::allocator<unsigned long>, std::__detail::_Identity, std::equal_to<un",0.0004,0.0001,0.0001,0.0,0.0,0.0,0.0,0.0,0.0,0.0001,0.0,0.0,0.0,0.0,0.0
main__gcc__X__alg_uset_phased_n_1048576_u_1048576,gcc,X,uset_phased,1048576,1048576,malloc,./malloc/./malloc/malloc.c,./malloc/./malloc/malloc.c:sysmalloc_mmap.isra.0 [/usr/lib/x86_64-linux-gnu/libc.so.6],0.0001,0.0,0.0,0.0,0.0,0.0,0.0,0.0,0.0,0.0,0.0,0.0,0.0,0.0,0.0
main__gcc__X__alg_uset_phased_n_1048576_u_1048576,gcc,X,uset_phased,1048576,1048576,phase_insert,/usr/include/c++/13/bits/stl_iterator.h,"/usr/include/c++/13/bits/stl_iterator.h:void phase_insert<std::unordered_set<unsigned long, std::hash<unsigned long>, std::equal_to<unsigned long>, std::allocat",0.0,0.0,0.0,0.0,0.0,0.0,0.0,0.0,0.0,0.0,0.0,0.0,0.0,0.0,0.0
main__gcc__X__alg_uset_phased_n_1048576_u_1048576,gcc,X,uset_phased,1048576,1048576,phase_insert,/usr/include/c++/13/bits/stl_vector.h,"/usr/include/c++/13/bits/stl_vector.h:void phase_insert<std::unordered_set<unsigned long, std::hash<unsigned long>, std::equal_to<unsigned long>, std::allocator",0.0,0.0,0.0,0.0,0.0,0.0,0.0,0.0,0.0,0.0,0.0,0.0,0.0,0.0,0.0
main__gcc__X__alg_uset_phased_n_1048576_u_1048576,gcc,X,uset_phased,1048576,1048576,phase_insert,/usr/include/c++/13/bits/stl_algobase.h,"/usr/include/c++/13/bits/stl_algobase.h:void phase_insert<std::unordered_set<unsigned long, std::hash<unsigned long>, std::equal_to<unsigned long>, std::allocat",0.0,0.0,0.0,0.0,0.0,0.0,0.0,0.0,0.0,0.0,0.0,0.0,0.0,0.0,0.0
main__gcc__X__alg_uset_phased_n_1048576_u_1048576,gcc,X,uset_phased,1048576,1048576,resize,,{ return _M_next_resize; },0.0,0.0,0.0,0.0,0.0,0.0,0.0,0.0,0.0,0.0,0.0,0.0,0.0,0.0,0.0
main__gcc__X__alg_uset_phased_n_1048576_u_1048576,gcc,X,uset_phased,1048576,1048576,rehash,=> /usr/include/c++/13/bits/hashtable.h,"=> /usr/include/c++/13/bits/hashtable.h:std::pair<std::__detail::_Node_iterator<unsigned long, true, false>, bool> std::_Hashtable<unsigned long, unsigned long,",302.86,71.3667,37.3003,0.0,1.9829,0.5001,0.0,1.8183,0.5001,40.1361,0.8828,3.0,0.0,2.3184,2.4831
main__gcc__X__alg_uset_phased_n_1048576_u_1048576,gcc,X,uset_phased,1048576,1048576,_M_rehash,,const __rehash_state& __saved_state = _M_rehash_policy._M_state();,2.0,1.0,1.0,0.0,0.0,0.0,0.0,0.0,0.0,0.0,0.0,0.0,0.0,0.0,0.0
main__gcc__X__alg_uset_phased_n_1048576_u_1048576,gcc,X,uset_phased,1048576,1048576,_M_rehash,,"= _M_rehash_policy._M_need_rehash(_M_bucket_count, _M_element_count,",6.0,2.0,1.0,0.0,0.0,0.0,0.0,0.0,0.0,0.0,0.0,0.0,0.0,0.0,0.0
main__gcc__X__alg_uset_phased_n_1048576_u_1048576,gcc,X,uset_phased,1048576,1048576,_M_rehash,=> /usr/include/c++/13/bits/hashtable.h,"=> /usr/include/c++/13/bits/hashtable.h:std::_Hashtable<unsigned long, unsigned long, std::allocator<unsigned long>, std::__detail::_Identity, std::equal_to<uns",8.0596,0.0001,8.0592,0.0,0.0,0.1259,0.0,0.0,0.1259,8.0592,0.0,0.0,0.0,0.1259,0.1259
main__gcc__X__alg_uset_phased_n_1048576_u_1048576,gcc,X,uset_phased,1048576,1048576,phase_insert,=> counters.cpp,"=> counters.cpp:void phase_insert<std::unordered_set<unsigned long, std::hash<unsigned long>, std::equal_to<unsigned long>, std::allocator<unsigned long> > >(st",318.9198,72.3669,47.3594,0.0001,2.1079,0.6261,0.0001,1.9433,0.626,49.1953,0.8829,3.0,0.0,2.5693,2.734
main__gcc__X__alg_uset_phased_n_1048576_u_1048576,gcc,X,uset_phased,1048576,1048576,phase_dump,=> counters.cpp,"=> counters.cpp:void phase_dump<std::unordered_set<unsigned long, std::hash<unsigned long>, std::equal_to<unsigned long>, std::allocator<unsigned long> > >(std:",10.0,3.0,1.0,0.0,1.564,0.125,0.0,1.5154,0.125,2.0,0.0,0.0,0.0,1.6404,1.689
main__gcc__X__alg_uset_phased_n_1048576_u_1048576,gcc,X,uset_phased,1048576,1048576,phase_dtor,=> counters.cpp,"=> counters.cpp:void phase_dtor<std::unordered_set<unsigned long, std::hash<unsigned long>, std::equal_to<unsigned long>, std::allocator<unsigned long> > >(std:",130.0591,33.0,22.0591,0.0,1.0061,0.1259,0.0,0.9613,0.1259,29.0591,0.0,3.0,0.0,1.0872,1.132
main__gcc__X__alg_uset_phased_n_1048576_u_524288,gcc,X,uset_phased,1048576,524288,measured_call,counters.cpp,counters.cpp:measured_call [/home/user/conference-hardfest-algorithms/bench/deep/counters/build/counters_gcc],263.7064,63.0428,47.408,0.0001,3.376,0.5645,0.0001,3.0691,0.5644,51.1647,0.7776,3.0,0.0,3.6335,3.9405
main__gcc__X__alg_uset_phased_n_1048576_u_524288,gcc,X,uset_phased,1048576,524288,phase_insert,counters.cpp,"counters.cpp:void phase_insert<std::unordered_set<unsigned long, std::hash<unsigned long>, std::equal_to<unsigned long>, std::allocator<unsigned long> > >(std::",189.647,45.0427,31.8488,0.0001,2.2893,0.376,0.0001,2.0466,0.376,31.6056,0.7775,1.5,0.0,2.4226,2.6654
main__gcc__X__alg_uset_phased_n_1048576_u_524288,gcc,X,uset_phased,1048576,524288,phase_insert,/usr/include/c++/13/bits/hashtable.h,"/usr/include/c++/13/bits/hashtable.h:void phase_insert<std::unordered_set<unsigned long, std::hash<unsigned long>, std::equal_to<unsigned long>, std::allocator<",184.6469,44.0427,30.8488,0.0001,2.1643,0.376,0.0001,1.9216,0.376,30.6056,0.7775,1.5,0.0,2.2976,2.5404
main__gcc__X__alg_uset_phased_n_1048576_u_524288,gcc,X,uset_phased,1048576,524288,rehash,/usr/include/c++/13/bits/hashtable.h,"/usr/include/c++/13/bits/hashtable.h:std::pair<std::__detail::_Node_iterator<unsigned long, true, false>, bool> std::_Hashtable<unsigned long, unsigned long, st",173.5873,44.0426,21.7896,0.0,2.1643,0.2501,0.0,1.9216,0.25,22.5464,0.7775,1.5,0.0,2.1716,2.4144
main__gcc__X__alg_uset_phased_n_1048576_u_524288,gcc,X,uset_phased,1048576,524288,rehash,/usr/include/c++/13/bits/new_allocator.h,"/usr/include/c++/13/bits/new_allocator.h:std::pair<std::__detail::_Node_iterator<unsigned long, true, false>, bool> std::_Hashtable<unsigned long, unsigned long",106.511,21.503,11.0017,0.0,0.0004,0.2501,0.0,0.0001,0.25,16.002,0.0001,1.0,0.0,0.2501,0.2505
main__gcc__X__alg_uset_phased_n_1048576_u_524288,gcc,X,uset_phased,1048576,524288,operator new,???,???:operator new(unsigned long) [/usr/lib/x86_64-linux-gnu/libstdc++.so.6.0.33],104.0115,21.0031,10.5017,0.0001,0.0004,0.2501,0.0001,0.0001,0.25,16.0021,0.0002,0.5,0.0,0.2501,0.2505
main__gcc__X__alg_uset_phased_n_1048576_u_524288,gcc,X,uset_phased,1048576,524288,malloc,./malloc/./malloc/malloc.c,./malloc/./malloc/malloc.c:malloc [/usr/lib/x86_64-linux-gnu/libc.so.6],95.0115,19.0031,9.0017,0.0001,0.0004,0.2501,0.0001,0.0001,0.25,15.5021,0.0002,0.0,0.0,0.2501,0.2505
main__gcc__X__alg_uset_phased_n_1048576_u_524288,gcc,X,uset_phased,1048576,524288,malloc,./malloc/./malloc/malloc.c,./malloc/./malloc/malloc.c:_int_malloc [/usr/lib/x86_64-linux-gnu/libc.so.6],71.5114,13.003,6.5017,0.0001,0.0004,0.2501,0.0001,0.0001,0.25,10.5021,0.0001,0.0,0.0,0.2501,0.2505
main__gcc__X__alg_uset_phased_n_1048576_u_524288,gcc,X,uset_phased,1048576,524288,phase_dtor,counters.cpp,"counters.cpp:void phase_dtor<std::unordered_set<unsigned long, std::hash<unsigned long>, std::equal_to<unsigned long>, std::allocator<unsigned long> > >(std::un",69.0592,16.5,15.0591,0.0,0.4042,0.1259,0.0,0.374,0.1259,18.5591,0.0,1.5,0.0,0.4999,0.5302
main__gcc__X__alg_uset_phased_n_1048576_u_524288,gcc,X,uset_phased,1048576,524288,phase_dtor,/usr/include/c++/13/bits/new_allocator.h,"/usr/include/c++/13/bits/new_allocator.h:void phase_dtor<std::unordered_set<unsigned long, std::hash<unsigned long>, std::equal_to<unsigned long>, std::allocato",58.9999,16.0,7.0,0.0,0.1709,0.0,0.0,0.1609,0.0,10.0,0.0,1.5,0.0,0.1609,0.1709
main__gcc__X__alg_uset_phased_n_1048576_u_524288,gcc,X,uset_phased,1048576,524288,operator delete,???,"???:operator delete(void*, unsigned long) [/usr/lib/x86_64-linux-gnu/libstdc++.so.6.0.33]",57.0,15.5,6.5,0.0,0.1709,0.0,0.0,0.1609,0.0,10.0,0.0,1.0,0.0,0.1609,0.171
main__gcc__X__alg_uset_phased_n_1048576_u_524288,gcc,X,uset_phased,1048576,524288,operator delete,???,???:operator delete(void*) [/usr/lib/x86_64-linux-gnu/libstdc++.so.6.0.33],55.0,15.0,6.5,0.0,0.1709,0.0,0.0,0.1609,0.0,10.0,0.0,0.5,0.0,0.1609,0.1709
main__gcc__X__alg_uset_phased_n_1048576_u_524288,gcc,X,uset_phased,1048576,524288,malloc,./malloc/./malloc/malloc.c,./malloc/./malloc/malloc.c:free [/usr/lib/x86_64-linux-gnu/libc.so.6],53.0,14.5,6.5,0.0,0.1709,0.0,0.0,0.1609,0.0,10.0,0.0,0.0,0.0,0.1609,0.1709
main__gcc__X__alg_uset_phased_n_1048576_u_524288,gcc,X,uset_phased,1048576,524288,malloc,./malloc/./malloc/malloc.c,./malloc/./malloc/malloc.c:_int_free [/usr/lib/x86_64-linux-gnu/libc.so.6],37.4999,9.5,3.5,0.0,0.0473,0.0,0.0,0.0409,0.0,8.0,0.0,0.0,0.0,0.0409,0.0473
main__gcc__X__alg_uset_phased_n_1048576_u_524288,gcc,X,uset_phased,1048576,524288,_M_rehash,/usr/include/c++/13/bits/hashtable.h,"/usr/include/c++/13/bits/hashtable.h:std::_Hashtable<unsigned long, unsigned long, std::allocator<unsigned long>, std::__detail::_Identity, std::equal_to<unsign",8.0595,0.0001,8.0592,0.0,0.0,0.1259,0.0,0.0,0.1259,8.0592,0.0,0.0,0.0,0.1259,0.1259
main__gcc__X__alg_uset_phased_n_1048576_u_524288,gcc,X,uset_phased,1048576,524288,phase_dtor,/usr/include/c++/13/bits/hashtable.h,"/usr/include/c++/13/bits/hashtable.h:void phase_dtor<std::unordered_set<unsigned long, std::hash<unsigned long>, std::equal_to<unsigned long>, std::allocator<un",8.0591,0.0,8.0591,0.0,0.0,0.1259,0.0,0.0,0.1259,8.0591,0.0,0.0,0.0,0.1259,0.1259
main__gcc__X__alg_uset_phased_n_1048576_u_524288,gcc,X,uset_phased,1048576,524288,_M_rehash,/usr/include/c++/13/bits/hashtable_policy.h,"/usr/include/c++/13/bits/hashtable_policy.h:std::_Hashtable<unsigned long, unsigned long, std::allocator<unsigned long>, std::__detail::_Identity, std::equal_to",8.0591,0.0,8.0591,0.0,0.0,0.1259,0.0,0.0,0.1259,8.0591,0.0,0.0,0.0,0.1259,0.1259
main__gcc__X__alg_uset_phased_n_1048576_u_524288,gcc,X,uset_phased,1048576,524288,phase_dump,counters.cpp,"counters.cpp:void phase_dump<std::unordered_set<unsigned long, std::hash<unsigned long>, std::equal_to<unsigned long>, std::allocator<unsigned long> > >(std::un",5.0,1.5,0.5,0.0,0.6825,0.0625,0.0,0.6485,0.0625,1.0,0.0,0.0,0.0,0.711,0.745
main__gcc__X__alg_uset_phased_n_1048576_u_524288,gcc,X,uset_phased,1048576,524288,phase_dump,/usr/include/c++/13/bits/stl_vector.h,"/usr/include/c++/13/bits/stl_vector.h:void phase_dump<std::unordered_set<unsigned long, std::hash<unsigned long>, std::equal_to<unsigned long>, std::allocator<u",5.0,1.5,0.5,0.0,0.6825,0.0625,0.0,0.6485,0.0625,1.0,0.0,0.0,0.0,0.711,0.745
main__gcc__X__alg_uset_phased_n_1048576_u_524288,gcc,X,uset_phased,1048576,524288,rehash,/usr/include/c++/13/bits/stl_construct.h,"/usr/include/c++/13/bits/stl_construct.h:std::pair<std::__detail::_Node_iterator<unsigned long, true, false>, bool> std::_Hashtable<unsigned long, unsigned long",1.0,0.5,0.5,0.0,0.0,0.0,0.0,0.0,0.0,0.0,0.0,0.0,0.0,0.0,0.0
main__gcc__X__alg_uset_phased_n_1048576_u_524288,gcc,X,uset_phased,1048576,524288,malloc,./malloc/./malloc/morecore.c,./malloc/./malloc/morecore.c:__glibc_morecore [/usr/lib/x86_64-linux-gnu/libc.so.6],0.0033,0.0009,0.0005,0.0,0.0002,0.0001,0.0,0.0,0.0,0.0006,0.0,0.0,0.0,0.0001,0.0003
main__gcc__X__alg_uset_phased_n_1048576_u_524288,gcc,X,uset_phased,1048576,524288,malloc,./malloc/./malloc/malloc.c,./malloc/./malloc/malloc.c:sysmalloc_mmap_fallback.constprop.0 [/usr/lib/x86_64-linux-gnu/libc.so.6],0.0009,0.0002,0.0002,0.0,0.0,0.0,0.0,0.0,0.0,0.0001,0.0,0.0,0.0,0.0,0.0
main__gcc__X__alg_uset_phased_n_1048576_u_524288,gcc,X,uset_phased,1048576,524288,_M_rehash,/usr/include/c++/13/bits/new_allocator.h,"/usr/include/c++/13/bits/new_allocator.h:std::_Hashtable<unsigned long, unsigned long, std::allocator<unsigned long>, std::__detail::_Identity, std::equal_to<un",0.0003,0.0001,0.0,0.0,0.0,0.0,0.0,0.0,0.0,0.0001,0.0,0.0,0.0,0.0,0.0
main__gcc__X__alg_uset_phased_n_1048576_u_524288,gcc,X,uset_phased,1048576,524288,unique,/usr/include/c++/13/bits/unique_ptr.h,"/usr/include/c++/13/bits/unique_ptr.h:alg_uset_phased(std::vector<unsigned long, std::allocator<unsigned long> >&, Ctx const&)",0.0002,0.0,0.0,0.0,0.0,0.0,0.0,0.0,0.0,0.0,0.0,0.0,0.0,0.0,0.0
main__gcc__X__alg_uset_phased_n_1048576_u_524288,gcc,X,uset_phased,1048576,524288,malloc,./malloc/./malloc/malloc.c,./malloc/./malloc/malloc.c:sysmalloc_mmap.isra.0 [/usr/lib/x86_64-linux-gnu/libc.so.6],0.0001,0.0,0.0,0.0,0.0,0.0,0.0,0.0,0.0,0.0,0.0,0.0,0.0,0.0,0.0
main__gcc__X__alg_uset_phased_n_1048576_u_524288,gcc,X,uset_phased,1048576,524288,phase_insert,/usr/include/c++/13/bits/stl_iterator.h,"/usr/include/c++/13/bits/stl_iterator.h:void phase_insert<std::unordered_set<unsigned long, std::hash<unsigned long>, std::equal_to<unsigned long>, std::allocat",0.0,0.0,0.0,0.0,0.0,0.0,0.0,0.0,0.0,0.0,0.0,0.0,0.0,0.0,0.0
main__gcc__X__alg_uset_phased_n_1048576_u_524288,gcc,X,uset_phased,1048576,524288,phase_insert,/usr/include/c++/13/bits/stl_vector.h,"/usr/include/c++/13/bits/stl_vector.h:void phase_insert<std::unordered_set<unsigned long, std::hash<unsigned long>, std::equal_to<unsigned long>, std::allocator",0.0,0.0,0.0,0.0,0.0,0.0,0.0,0.0,0.0,0.0,0.0,0.0,0.0,0.0,0.0
main__gcc__X__alg_uset_phased_n_1048576_u_524288,gcc,X,uset_phased,1048576,524288,phase_insert,/usr/include/c++/13/bits/stl_algobase.h,"/usr/include/c++/13/bits/stl_algobase.h:void phase_insert<std::unordered_set<unsigned long, std::hash<unsigned long>, std::equal_to<unsigned long>, std::allocat",0.0,0.0,0.0,0.0,0.0,0.0,0.0,0.0,0.0,0.0,0.0,0.0,0.0,0.0,0.0
main__gcc__X__alg_uset_phased_n_1048576_u_524288,gcc,X,uset_phased,1048576,524288,resize,,{ return _M_next_resize; },0.0,0.0,0.0,0.0,0.0,0.0,0.0,0.0,0.0,0.0,0.0,0.0,0.0,0.0,0.0
main__gcc__X__alg_uset_phased_n_1048576_u_524288,gcc,X,uset_phased,1048576,524288,rehash,=> /usr/include/c++/13/bits/hashtable.h,"=> /usr/include/c++/13/bits/hashtable.h:std::pair<std::__detail::_Node_iterator<unsigned long, true, false>, bool> std::_Hashtable<unsigned long, unsigned long,",173.5873,44.0426,21.7896,0.0,2.1643,0.2501,0.0,1.9216,0.25,22.5464,0.7775,1.5,0.0,2.1716,2.4144
main__gcc__X__alg_uset_phased_n_1048576_u_524288,gcc,X,uset_phased,1048576,524288,_M_rehash,,const __rehash_state& __saved_state = _M_rehash_policy._M_state();,1.0,0.5,0.5,0.0,0.0,0.0,0.0,0.0,0.0,0.0,0.0,0.0,0.0,0.0,0.0
main__gcc__X__alg_uset_phased_n_1048576_u_524288,gcc,X,uset_phased,1048576,524288,_M_rehash,,"= _M_rehash_policy._M_need_rehash(_M_bucket_count, _M_element_count,",3.0,1.0,0.5,0.0,0.0,0.0,0.0,0.0,0.0,0.0,0.0,0.0,0.0,0.0,0.0
main__gcc__X__alg_uset_phased_n_1048576_u_524288,gcc,X,uset_phased,1048576,524288,_M_rehash,=> /usr/include/c++/13/bits/hashtable.h,"=> /usr/include/c++/13/bits/hashtable.h:std::_Hashtable<unsigned long, unsigned long, std::allocator<unsigned long>, std::__detail::_Identity, std::equal_to<uns",8.0595,0.0001,8.0592,0.0,0.0,0.1259,0.0,0.0,0.1259,8.0592,0.0,0.0,0.0,0.1259,0.1259
main__gcc__X__alg_uset_phased_n_1048576_u_524288,gcc,X,uset_phased,1048576,524288,phase_insert,=> counters.cpp,"=> counters.cpp:void phase_insert<std::unordered_set<unsigned long, std::hash<unsigned long>, std::equal_to<unsigned long>, std::allocator<unsigned long> > >(st",189.647,45.0427,31.8488,0.0001,2.2893,0.376,0.0001,2.0466,0.376,31.6056,0.7775,1.5,0.0,2.4226,2.6654
main__gcc__X__alg_uset_phased_n_1048576_u_524288,gcc,X,uset_phased,1048576,524288,phase_dump,=> counters.cpp,"=> counters.cpp:void phase_dump<std::unordered_set<unsigned long, std::hash<unsigned long>, std::equal_to<unsigned long>, std::allocator<unsigned long> > >(std:",5.0,1.5,0.5,0.0,0.6825,0.0625,0.0,0.6485,0.0625,1.0,0.0,0.0,0.0,0.711,0.745
main__gcc__X__alg_uset_phased_n_1048576_u_524288,gcc,X,uset_phased,1048576,524288,phase_dtor,=> counters.cpp,"=> counters.cpp:void phase_dtor<std::unordered_set<unsigned long, std::hash<unsigned long>, std::equal_to<unsigned long>, std::allocator<unsigned long> > >(std:",69.0592,16.5,15.0591,0.0,0.4042,0.1259,0.0,0.374,0.1259,18.5591,0.0,1.5,0.0,0.4999,0.5302
main__libcxx__E__alg_flat_n_1048576_u_1048576,libcxx,E,flat,1048576,1048576,measured_call,counters.cpp,counters.cpp:measured_call [/home/user/conference-hardfest-algorithms/bench/deep/counters/build/counters_libcxx],116.9877,19.1598,10.071,0.0001,1.2356,1.0594,0.0001,0.4933,0.9201,14.1042,1.8378,0.0,0.0,1.4134,2.295
main__libcxx__E__alg_flat_n_1048576_u_1048576,libcxx,E,flat,1048576,1048576,raw_hash_set,../../build/abseil-cpp/absl/container/internal/raw_hash_set.h,"../../build/abseil-cpp/absl/container/internal/raw_hash_set.h:alg_flat(std::__1::vector<unsigned long, std::__1::allocator<unsigned long> >&, Ctx const&)",77.467,12.128,7.071,0.0001,0.0156,0.0156,0.0001,0.0044,0.0156,9.1042,0.9402,0.0,0.0,0.0201,0.0313
main__libcxx__E__alg_flat_n_1048576_u_1048576,libcxx,E,flat,1048576,1048576,raw_hash_set,/usr/lib/llvm-18/bin/../include/c++/v1/vector,"/usr/lib/llvm-18/bin/../include/c++/v1/vector:void std::__1::vector<unsigned long, std::__1::allocator<unsigned long> >::__assign_with_size[abi:ne180100]<absl::",18.3933,3.0,1.0,0.0,0.1406,0.0625,0.0,0.1385,0.0625,4.0,0.8976,0.0,0.0,0.201,0.2031
main__libcxx__E__alg_flat_n_1048576_u_1048576,libcxx,E,flat,1048576,1048576,raw_hash_set,../../build/abseil-cpp/absl/container/internal/hashtable_control_bytes.h,"../../build/abseil-cpp/absl/container/internal/hashtable_control_bytes.h:void std::__1::vector<unsigned long, std::__1::allocator<unsigned long> >::__assign_wit",2.0,0.0,0.0,0.0,0.0,0.0,0.0,0.0,0.0,0.0,0.0,0.0,0.0,0.0,0.0
main__libcxx__E__alg_flat_n_1048576_u_1048576,libcxx,E,flat,1048576,1048576,operator new,???,???:operator new(unsigned long) [???],0.0004,0.0001,0.0001,0.0,0.0,0.0,0.0,0.0,0.0,0.0001,0.0,0.0,0.0,0.0,0.0
main__libcxx__E__alg_flat_n_1048576_u_1048576,libcxx,E,flat,1048576,1048576,malloc,./malloc/./malloc/malloc.c,./malloc/./malloc/malloc.c:malloc [/usr/lib/x86_64-linux-gnu/libc.so.6],0.0004,0.0001,0.0001,0.0,0.0,0.0,0.0,0.0,0.0,0.0001,0.0,0.0,0.0,0.0,0.0
main__libcxx__E__alg_flat_n_1048576_u_1048576,libcxx,E,flat,1048576,1048576,malloc,./malloc/./malloc/malloc.c,./malloc/./malloc/malloc.c:_int_malloc [/usr/lib/x86_64-linux-gnu/libc.so.6],0.0004,0.0001,0.0,0.0,0.0,0.0,0.0,0.0,0.0,0.0001,0.0,0.0,0.0,0.0,0.0
main__libcxx__E__alg_flat_n_1048576_u_1048576,libcxx,E,flat,1048576,1048576,malloc,./malloc/./malloc/malloc.c,./malloc/./malloc/malloc.c:sysmalloc_mmap.isra.0 [/usr/lib/x86_64-linux-gnu/libc.so.6],0.0001,0.0,0.0,0.0,0.0,0.0,0.0,0.0,0.0,0.0,0.0,0.0,0.0,0.0,0.0
main__libcxx__E__alg_flat_n_1048576_u_1048576,libcxx,E,flat,1048576,1048576,raw_hash_set,=> /usr/lib/llvm-18/bin/../include/c++/v1/vector,"=> /usr/lib/llvm-18/bin/../include/c++/v1/vector:void std::__1::vector<unsigned long, std::__1::allocator<unsigned long> >::__assign_with_size[abi:ne180100]<abs",18.3933,3.0,1.0,0.0,0.1406,0.0625,0.0,0.1385,0.0625,4.0,0.8976,0.0,0.0,0.201,0.2031
main__libcxx__E__alg_flat_n_1048576_u_524288,libcxx,E,flat,1048576,524288,measured_call,counters.cpp,counters.cpp:measured_call [/home/user/conference-hardfest-algorithms/bench/deep/counters/build/counters_libcxx],90.318,14.0719,6.5356,0.0001,1.7086,0.5419,0.0001,0.8646,0.473,12.0367,1.5449,0.0,0.0,1.3376,2.2505
main__libcxx__E__alg_flat_n_1048576_u_524288,libcxx,E,flat,1048576,524288,raw_hash_set,../../build/abseil-cpp/absl/container/internal/raw_hash_set.h,"../../build/abseil-cpp/absl/container/internal/raw_hash_set.h:alg_flat(std::__1::vector<unsigned long, std::__1::allocator<unsigned long> >&, Ctx const&)",56.9535,8.0636,4.5355,0.0001,0.0156,0.0156,0.0001,0.0043,0.0156,8.0367,0.9511,0.0,0.0,0.02,0.0313
main__libcxx__E__alg_flat_n_1048576_u_524288,libcxx,E,flat,1048576,524288,raw_hash_set,/usr/lib/llvm-18/bin/../include/c++/v1/vector,"/usr/lib/llvm-18/bin/../include/c++/v1/vector:void std::__1::vector<unsigned long, std::__1::allocator<unsigned long> >::__assign_with_size[abi:ne180100]<absl::",14.3314,2.5,0.5,0.0,0.1384,0.0313,0.0,0.1357,0.0313,3.0,0.5938,0.0,0.0,0.1669,0.1697
main__libcxx__E__alg_flat_n_1048576_u_524288,libcxx,E,flat,1048576,524288,raw_hash_set,../../build/abseil-cpp/absl/container/internal/hashtable_control_bytes.h,"../../build/abseil-cpp/absl/container/internal/hashtable_control_bytes.h:void std::__1::vector<unsigned long, std::__1::allocator<unsigned long> >::__assign_wit",2.0,0.0,0.0,0.0,0.0,0.0,0.0,0.0,0.0,0.0,0.0,0.0,0.0,0.0,0.0
main__libcxx__E__alg_flat_n_1048576_u_524288,libcxx,E,flat,1048576,524288,operator new,???,???:operator new(unsigned long) [???],0.0003,0.0001,0.0,0.0,0.0,0.0,0.0,0.0,0.0,0.0,0.0,0.0,0.0,0.0,0.0
main__libcxx__E__alg_flat_n_1048576_u_524288,libcxx,E,flat,1048576,524288,malloc,./malloc/./malloc/malloc.c,./malloc/./malloc/malloc.c:malloc [/usr/lib/x86_64-linux-gnu/libc.so.6],0.0003,0.0001,0.0,0.0,0.0,0.0,0.0,0.0,0.0,0.0,0.0,0.0,0.0,0.0,0.0
main__libcxx__E__alg_flat_n_1048576_u_524288,libcxx,E,flat,1048576,524288,malloc,./malloc/./malloc/malloc.c,./malloc/./malloc/malloc.c:_int_malloc [/usr/lib/x86_64-linux-gnu/libc.so.6],0.0003,0.0001,0.0,0.0,0.0,0.0,0.0,0.0,0.0,0.0,0.0,0.0,0.0,0.0,0.0
main__libcxx__E__alg_flat_n_1048576_u_524288,libcxx,E,flat,1048576,524288,malloc,./malloc/./malloc/malloc.c,./malloc/./malloc/malloc.c:sysmalloc_mmap.isra.0 [/usr/lib/x86_64-linux-gnu/libc.so.6],0.0001,0.0,0.0,0.0,0.0,0.0,0.0,0.0,0.0,0.0,0.0,0.0,0.0,0.0,0.0
main__libcxx__E__alg_flat_n_1048576_u_524288,libcxx,E,flat,1048576,524288,raw_hash_set,=> /usr/lib/llvm-18/bin/../include/c++/v1/vector,"=> /usr/lib/llvm-18/bin/../include/c++/v1/vector:void std::__1::vector<unsigned long, std::__1::allocator<unsigned long> >::__assign_with_size[abi:ne180100]<abs",14.3314,2.5,0.5,0.0,0.1384,0.0313,0.0,0.1357,0.0313,3.0,0.5938,0.0,0.0,0.1669,0.1697
main__libcxx__E__alg_flat_phased_n_1048576_u_1048576,libcxx,E,flat_phased,1048576,1048576,measured_call,counters.cpp,counters.cpp:measured_call [/home/user/conference-hardfest-algorithms/bench/deep/counters/build/counters_libcxx],116.9883,19.1599,10.0711,0.0001,1.2356,1.0594,0.0001,0.4933,0.9201,14.1044,1.8378,0.0,0.0,1.4134,2.295
main__libcxx__E__alg_flat_phased_n_1048576_u_1048576,libcxx,E,flat_phased,1048576,1048576,phase_insert,counters.cpp,"counters.cpp:void phase_insert<absl::lts_20260817::flat_hash_set<unsigned long, absl::lts_20260817::hash_internal::Hash<unsigned long>, std::__1::equal_to<unsig",86.8077,14.1598,9.071,0.0,1.0793,0.9969,0.0,0.3504,0.8576,7.1042,0.0428,0.0,0.0,1.208,2.0762
main__libcxx__E__alg_flat_phased_n_1048576_u_1048576,libcxx,E,flat_phased,1048576,1048576,phase_insert,../../build/abseil-cpp/absl/container/internal/raw_hash_set.h,"../../build/abseil-cpp/absl/container/internal/raw_hash_set.h:void phase_insert<absl::lts_20260817::flat_hash_set<unsigned long, absl::lts_20260817::hash_intern",67.6803,10.128,7.071,0.0,0.0,0.0156,0.0,0.0,0.0156,6.1042,0.0428,0.0,0.0,0.0156,0.0156
main__libcxx__E__alg_flat_phased_n_1048576_u_1048576,libcxx,E,flat_phased,1048576,1048576,phase_dump,counters.cpp,"counters.cpp:void phase_dump<absl::lts_20260817::flat_hash_set<unsigned long, absl::lts_20260817::hash_internal::Hash<unsigned long>, std::__1::equal_to<unsigne",30.1798,5.0,1.0,0.0,0.1562,0.0625,0.0,0.1429,0.0625,7.0,1.7949,0.0,0.0,0.2054,0.2187
main__libcxx__E__alg_flat_phased_n_1048576_u_1048576,libcxx,E,flat_phased,1048576,1048576,phase_dump,/usr/lib/llvm-18/bin/../include/c++/v1/vector,"/usr/lib/llvm-18/bin/../include/c++/v1/vector:void phase_dump<absl::lts_20260817::flat_hash_set<unsigned long, absl::lts_20260817::hash_internal::Hash<unsigned ",18.3933,3.0,1.0,0.0,0.1406,0.0625,0.0,0.1385,0.0625,4.0,0.8975,0.0,0.0,0.201,0.2031
main__libcxx__E__alg_flat_phased_n_1048576_u_1048576,libcxx,E,flat_phased,1048576,1048576,raw_hash_set,/usr/lib/llvm-18/bin/../include/c++/v1/vector,"/usr/lib/llvm-18/bin/../include/c++/v1/vector:void std::__1::vector<unsigned long, std::__1::allocator<unsigned long> >::__assign_with_size[abi:ne180100]<absl::",18.3933,3.0,1.0,0.0,0.1406,0.0625,0.0,0.1385,0.0625,4.0,0.8975,0.0,0.0,0.201,0.2031
main__libcxx__E__alg_flat_phased_n_1048576_u_1048576,libcxx,E,flat_phased,1048576,1048576,phase_insert,/usr/lib/llvm-18/bin/../include/c++/v1/__iterator/wrap_iter.h,"/usr/lib/llvm-18/bin/../include/c++/v1/__iterator/wrap_iter.h:void phase_insert<absl::lts_20260817::flat_hash_set<unsigned long, absl::lts_20260817::hash_intern",2.0,0.0,0.0,0.0,0.0,0.0,0.0,0.0,0.0,0.0,0.0,0.0,0.0,0.0,0.0
main__libcxx__E__alg_flat_phased_n_1048576_u_1048576,libcxx,E,flat_phased,1048576,1048576,phase_insert,../../build/abseil-cpp/absl/hash/internal/hash.h,"../../build/abseil-cpp/absl/hash/internal/hash.h:void phase_insert<absl::lts_20260817::flat_hash_set<unsigned long, absl::lts_20260817::hash_internal::Hash<unsi",2.0,0.0,0.0,0.0,0.0,0.0,0.0,0.0,0.0,0.0,0.0,0.0,0.0,0.0,0.0
main__libcxx__E__alg_flat_phased_n_1048576_u_1048576,libcxx,E,flat_phased,1048576,1048576,phase_dump,../../build/abseil-cpp/absl/container/internal/hashtable_control_bytes.h,"../../build/abseil-cpp/absl/container/internal/hashtable_control_bytes.h:void phase_dump<absl::lts_20260817::flat_hash_set<unsigned long, absl::lts_20260817::ha",2.0,0.0,0.0,0.0,0.0,0.0,0.0,0.0,0.0,0.0,0.0,0.0,0.0,0.0,0.0
main__libcxx__E__alg_flat_phased_n_1048576_u_1048576,libcxx,E,flat_phased,1048576,1048576,raw_hash_set,../../build/abseil-cpp/absl/container/internal/hashtable_control_bytes.h,"../../build/abseil-cpp/absl/container/internal/hashtable_control_bytes.h:void std::__1::vector<unsigned long, std::__1::allocator<unsigned long> >::__assign_wit",2.0,0.0,0.0,0.0,0.0,0.0,0.0,0.0,0.0,0.0,0.0,0.0,0.0,0.0,0.0
main__libcxx__E__alg_flat_phased_n_1048576_u_1048576,libcxx,E,flat_phased,1048576,1048576,phase_insert,../../build/abseil-cpp/absl/base/prefetch.h,"../../build/abseil-cpp/absl/base/prefetch.h:void phase_insert<absl::lts_20260817::flat_hash_set<unsigned long, absl::lts_20260817::hash_internal::Hash<unsigned ",1.0003,0.0,0.0,0.0,0.0,0.0,0.0,0.0,0.0,0.0,0.0,0.0,0.0,0.0,0.0
main__libcxx__E__alg_flat_phased_n_1048576_u_1048576,libcxx,E,flat_phased,1048576,1048576,phase_insert,../../build/abseil-cpp/absl/numeric/int128.h,"../../build/abseil-cpp/absl/numeric/int128.h:void phase_insert<absl::lts_20260817::flat_hash_set<unsigned long, absl::lts_20260817::hash_internal::Hash<unsigned",1.0,0.0,0.0,0.0,0.0,0.0,0.0,0.0,0.0,0.0,0.0,0.0,0.0,0.0,0.0
main__libcxx__E__alg_flat_phased_n_1048576_u_1048576,libcxx,E,flat_phased,1048576,1048576,operator new,???,???:operator new(unsigned long) [???],0.0009,0.0002,0.0001,0.0,0.0,0.0,0.0,0.0,0.0,0.0002,0.0,0.0,0.0,0.0,0.0
main__libcxx__E__alg_flat_phased_n_1048576_u_1048576,libcxx,E,flat_phased,1048576,1048576,malloc,./malloc/./malloc/malloc.c,./malloc/./malloc/malloc.c:malloc [/usr/lib/x86_64-linux-gnu/libc.so.6],0.0009,0.0001,0.0001,0.0,0.0,0.0,0.0,0.0,0.0,0.0002,0.0,0.0,0.0,0.0,0.0
main__libcxx__E__alg_flat_phased_n_1048576_u_1048576,libcxx,E,flat_phased,1048576,1048576,malloc,./malloc/./malloc/malloc.c,./malloc/./malloc/malloc.c:_int_malloc [/usr/lib/x86_64-linux-gnu/libc.so.6],0.0008,0.0001,0.0001,0.0,0.0,0.0,0.0,0.0,0.0,0.0002,0.0,0.0,0.0,0.0,0.0
main__libcxx__E__alg_flat_phased_n_1048576_u_1048576,libcxx,E,flat_phased,1048576,1048576,unique,/usr/lib/llvm-18/bin/../include/c++/v1/__memory/unique_ptr.h,"/usr/lib/llvm-18/bin/../include/c++/v1/__memory/unique_ptr.h:alg_flat_phased(std::__1::vector<unsigned long, std::__1::allocator<unsigned long> >&, Ctx const&)",0.0005,0.0001,0.0,0.0,0.0,0.0,0.0,0.0,0.0,0.0001,0.0,0.0,0.0,0.0,0.0
main__libcxx__E__alg_flat_phased_n_1048576_u_1048576,libcxx,E,flat_phased,1048576,1048576,phase_dtor,counters.cpp,"counters.cpp:void phase_dtor<absl::lts_20260817::flat_hash_set<unsigned long, absl::lts_20260817::hash_internal::Hash<unsigned long>, std::__1::equal_to<unsigne",0.0002,0.0001,0.0,0.0,0.0,0.0,0.0,0.0,0.0,0.0,0.0,0.0,0.0,0.0,0.0
main__libcxx__E__alg_flat_phased_n_1048576_u_1048576,libcxx,E,flat_phased,1048576,1048576,operator delete,???,???:operator delete(void*) [/usr/lib/llvm-18/lib/libc++abi.so.1.0],0.0002,0.0,0.0,0.0,0.0,0.0,0.0,0.0,0.0,0.0,0.0,0.0,0.0,0.0,0.0
main__libcxx__E__alg_flat_phased_n_1048576_u_1048576,libcxx,E,flat_phased,1048576,1048576,malloc,./malloc/./malloc/malloc.c,./malloc/./malloc/malloc.c:free [/usr/lib/x86_64-linux-gnu/libc.so.6],0.0001,0.0,0.0,0.0,0.0,0.0,0.0,0.0,0.0,0.0,0.0,0.0,0.0,0.0,0.0
main__libcxx__E__alg_flat_phased_n_1048576_u_1048576,libcxx,E,flat_phased,1048576,1048576,phase_dtor,../../build/abseil-cpp/absl/container/internal/raw_hash_set.h,"../../build/abseil-cpp/absl/container/internal/raw_hash_set.h:void phase_dtor<absl::lts_20260817::flat_hash_set<unsigned long, absl::lts_20260817::hash_internal",0.0001,0.0,0.0,0.0,0.0,0.0,0.0,0.0,0.0,0.0,0.0,0.0,0.0,0.0,0.0
main__libcxx__E__alg_flat_phased_n_1048576_u_1048576,libcxx,E,flat_phased,1048576,1048576,malloc,./malloc/./malloc/malloc.c,./malloc/./malloc/malloc.c:sysmalloc_mmap.isra.0 [/usr/lib/x86_64-linux-gnu/libc.so.6],0.0001,0.0,0.0,0.0,0.0,0.0,0.0,0.0,0.0,0.0,0.0,0.0,0.0,0.0,0.0
main__libcxx__E__alg_flat_phased_n_1048576_u_1048576,libcxx,E,flat_phased,1048576,1048576,raw_hash_set,=> /usr/lib/llvm-18/bin/../include/c++/v1/vector,"=> /usr/lib/llvm-18/bin/../include/c++/v1/vector:void std::__1::vector<unsigned long, std::__1::allocator<unsigned long> >::__assign_with_size[abi:ne180100]<abs",18.3933,3.0,1.0,0.0,0.1406,0.0625,0.0,0.1385,0.0625,4.0,0.8975,0.0,0.0,0.201,0.2031
main__libcxx__E__alg_flat_phased_n_1048576_u_1048576,libcxx,E,flat_phased,1048576,1048576,operator new,=> ???,=> ???:operator new(unsigned long) (1x),0.0005,0.0001,0.0,0.0,0.0,0.0,0.0,0.0,0.0,0.0001,0.0,0.0,0.0,0.0,0.0
main__libcxx__E__alg_flat_phased_n_1048576_u_1048576,libcxx,E,flat_phased,1048576,1048576,raw_hash_set,,<counts for unidentified lines in ../../build/abseil-cpp/absl/container/internal/raw_hash_set.h>,9.0314,0.0,0.0,0.0,0.0,0.0,0.0,0.0,0.0,0.0,0.0,0.0,0.0,0.0,0.0
main__libcxx__E__alg_flat_phased_n_1048576_u_1048576,libcxx,E,flat_phased,1048576,1048576,phase_insert,=> counters.cpp,"=> counters.cpp:void phase_insert<absl::lts_20260817::flat_hash_set<unsigned long, absl::lts_20260817::hash_internal::Hash<unsigned long>, std::__1::equal_to<un",86.8077,14.1598,9.071,0.0,1.0793,0.9969,0.0,0.3504,0.8576,7.1042,0.0428,0.0,0.0,1.208,2.0762
main__libcxx__E__alg_flat_phased_n_1048576_u_1048576,libcxx,E,flat_phased,1048576,1048576,phase_dump,=> counters.cpp,"=> counters.cpp:void phase_dump<absl::lts_20260817::flat_hash_set<unsigned long, absl::lts_20260817::hash_internal::Hash<unsigned long>, std::__1::equal_to<unsi",30.1798,5.0,1.0,0.0,0.1562,0.0625,0.0,0.1429,0.0625,7.0,1.7949,0.0,0.0,0.2054,0.2187
main__libcxx__E__alg_flat_phased_n_1048576_u_1048576,libcxx,E,flat_phased,1048576,1048576,phase_dtor,=> counters.cpp,"=> counters.cpp:void phase_dtor<absl::lts_20260817::flat_hash_set<unsigned long, absl::lts_20260817::hash_internal::Hash<unsigned long>, std::__1::equal_to<unsi",0.0002,0.0001,0.0,0.0,0.0,0.0,0.0,0.0,0.0,0.0,0.0,0.0,0.0,0.0,0.0
main__libcxx__E__alg_flat_phased_n_1048576_u_524288,libcxx,E,flat_phased,1048576,524288,measured_call,counters.cpp,counters.cpp:measured_call [/home/user/conference-hardfest-algorithms/bench/deep/counters/build/counters_libcxx],90.3183,14.0719,6.5356,0.0001,1.7086,0.5419,0.0001,0.8646,0.473,12.0368,1.5449,0.0,0.0,1.3376,2.2505
main__libcxx__E__alg_flat_phased_n_1048576_u_524288,libcxx,E,flat_phased,1048576,524288,phase_insert,counters.cpp,"counters.cpp:void phase_insert<absl::lts_20260817::flat_hash_set<unsigned long, absl::lts_20260817::hash_internal::Hash<unsigned long>, std::__1::equal_to<unsig",65.8234,9.5718,6.0355,0.0,1.5546,0.5107,0.0,0.7246,0.4418,6.5367,0.3568,0.0,0.0,1.1663,2.0652
main__libcxx__E__alg_flat_phased_n_1048576_u_524288,libcxx,E,flat_phased,1048576,524288,phase_insert,../../build/abseil-cpp/absl/container/internal/raw_hash_set.h,"../../build/abseil-cpp/absl/container/internal/raw_hash_set.h:void phase_insert<absl::lts_20260817::flat_hash_set<unsigned long, absl::lts_20260817::hash_intern",48.7904,6.0636,4.5355,0.0,0.0,0.0156,0.0,0.0,0.0156,5.5367,0.3568,0.0,0.0,0.0156,0.0156
main__libcxx__E__alg_flat_phased_n_1048576_u_524288,libcxx,E,flat_phased,1048576,524288,phase_dump,counters.cpp,"counters.cpp:void phase_dump<absl::lts_20260817::flat_hash_set<unsigned long, absl::lts_20260817::hash_internal::Hash<unsigned long>, std::__1::equal_to<unsigne",24.4944,4.5,0.5,0.0,0.154,0.0313,0.0,0.14,0.0313,5.5,1.188,0.0,0.0,0.1712,0.1853
main__libcxx__E__alg_flat_phased_n_1048576_u_524288,libcxx,E,flat_phased,1048576,524288,phase_dump,/usr/lib/llvm-18/bin/../include/c++/v1/vector,"/usr/lib/llvm-18/bin/../include/c++/v1/vector:void phase_dump<absl::lts_20260817::flat_hash_set<unsigned long, absl::lts_20260817::hash_internal::Hash<unsigned ",14.3315,2.5,0.5,0.0,0.1384,0.0313,0.0,0.1357,0.0313,3.0,0.5938,0.0,0.0,0.1669,0.1697
main__libcxx__E__alg_flat_phased_n_1048576_u_524288,libcxx,E,flat_phased,1048576,524288,raw_hash_set,/usr/lib/llvm-18/bin/../include/c++/v1/vector,"/usr/lib/llvm-18/bin/../include/c++/v1/vector:void std::__1::vector<unsigned long, std::__1::allocator<unsigned long> >::__assign_with_size[abi:ne180100]<absl::",14.3314,2.5,0.5,0.0,0.1384,0.0313,0.0,0.1357,0.0313,3.0,0.5938,0.0,0.0,0.1669,0.1697
main__libcxx__E__alg_flat_phased_n_1048576_u_524288,libcxx,E,flat_phased,1048576,524288,phase_insert,/usr/lib/llvm-18/bin/../include/c++/v1/__iterator/wrap_iter.h,"/usr/lib/llvm-18/bin/../include/c++/v1/__iterator/wrap_iter.h:void phase_insert<absl::lts_20260817::flat_hash_set<unsigned long, absl::lts_20260817::hash_intern",2.0,0.0,0.0,0.0,0.0,0.0,0.0,0.0,0.0,0.0,0.0,0.0,0.0,0.0,0.0
main__libcxx__E__alg_flat_phased_n_1048576_u_524288,libcxx,E,flat_phased,1048576,524288,phase_dump,../../build/abseil-cpp/absl/container/internal/hashtable_control_bytes.h,"../../build/abseil-cpp/absl/container/internal/hashtable_control_bytes.h:void phase_dump<absl::lts_20260817::flat_hash_set<unsigned long, absl::lts_20260817::ha",2.0,0.0,0.0,0.0,0.0,0.0,0.0,0.0,0.0,0.0,0.0,0.0,0.0,0.0,0.0
main__libcxx__E__alg_flat_phased_n_1048576_u_524288,libcxx,E,flat_phased,1048576,524288,phase_insert,../../build/abseil-cpp/absl/hash/internal/hash.h,"../../build/abseil-cpp/absl/hash/internal/hash.h:void phase_insert<absl::lts_20260817::flat_hash_set<unsigned long, absl::lts_20260817::hash_internal::Hash<unsi",2.0,0.0,0.0,0.0,0.0,0.0,0.0,0.0,0.0,0.0,0.0,0.0,0.0,0.0,0.0
main__libcxx__E__alg_flat_phased_n_1048576_u_524288,libcxx,E,flat_phased,1048576,524288,raw_hash_set,../../build/abseil-cpp/absl/container/internal/hashtable_control_bytes.h,"../../build/abseil-cpp/absl/container/internal/hashtable_control_bytes.h:void std::__1::vector<unsigned long, std::__1::allocator<unsigned long> >::__assign_wit",2.0,0.0,0.0,0.0,0.0,0.0,0.0,0.0,0.0,0.0,0.0,0.0,0.0,0.0,0.0
main__libcxx__E__alg_flat_phased_n_1048576_u_524288,libcxx,E,flat_phased,1048576,524288,phase_insert,../../build/abseil-cpp/absl/base/prefetch.h,"../../build/abseil-cpp/absl/base/prefetch.h:void phase_insert<absl::lts_20260817::flat_hash_set<unsigned long, absl::lts_20260817::hash_internal::Hash<unsigned ",1.0,0.0,0.0,0.0,0.0,0.0,0.0,0.0,0.0,0.0,0.0,0.0,0.0,0.0,0.0
main__libcxx__E__alg_flat_phased_n_1048576_u_524288,libcxx,E,flat_phased,1048576,524288,phase_insert,../../build/abseil-cpp/absl/numeric/int128.h,"../../build/abseil-cpp/absl/numeric/int128.h:void phase_insert<absl::lts_20260817::flat_hash_set<unsigned long, absl::lts_20260817::hash_internal::Hash<unsigned",1.0,0.0,0.0,0.0,0.0,0.0,0.0,0.0,0.0,0.0,0.0,0.0,0.0,0.0,0.0
main__libcxx__E__alg_flat_phased_n_1048576_u_524288,libcxx,E,flat_phased,1048576,524288,operator new,???,???:operator new(unsigned long) [???],0.0005,0.0001,0.0001,0.0,0.0,0.0,0.0,0.0,0.0,0.0001,0.0,0.0,0.0,0.0,0.0
main__libcxx__E__alg_flat_phased_n_1048576_u_524288,libcxx,E,flat_phased,1048576,524288,malloc,./malloc/./malloc/malloc.c,./malloc/./malloc/malloc.c:malloc [/usr/lib/x86_64-linux-gnu/libc.so.6],0.0005,0.0001,0.0001,0.0,0.0,0.0,0.0,0.0,0.0,0.0001,0.0,0.0,0.0,0.0,0.0
main__libcxx__E__alg_flat_phased_n_1048576_u_524288,libcxx,E,flat_phased,1048576,524288,malloc,./malloc/./malloc/malloc.c,./malloc/./malloc/malloc.c:_int_malloc [/usr/lib/x86_64-linux-gnu/libc.so.6],0.0004,0.0001,0.0,0.0,0.0,0.0,0.0,0.0,0.0,0.0001,0.0,0.0,0.0,0.0,0.0
main__libcxx__E__alg_flat_phased_n_1048576_u_524288,libcxx,E,flat_phased,1048576,524288,phase_dtor,counters.cpp,"counters.cpp:void phase_dtor<absl::lts_20260817::flat_hash_set<unsigned long, absl::lts_20260817::hash_internal::Hash<unsigned long>, std::__1::equal_to<unsigne",0.0002,0.0001,0.0,0.0,0.0,0.0,0.0,0.0,0.0,0.0,0.0,0.0,0.0,0.0,0.0
main__libcxx__E__alg_flat_phased_n_1048576_u_524288,libcxx,E,flat_phased,1048576,524288,unique,/usr/lib/llvm-18/bin/../include/c++/v1/__memory/unique_ptr.h,"/usr/lib/llvm-18/bin/../include/c++/v1/__memory/unique_ptr.h:alg_flat_phased(std::__1::vector<unsigned long, std::__1::allocator<unsigned long> >&, Ctx const&)",0.0002,0.0,0.0,0.0,0.0,0.0,0.0,0.0,0.0,0.0,0.0,0.0,0.0,0.0,0.0
main__libcxx__E__alg_flat_phased_n_1048576_u_524288,libcxx,E,flat_phased,1048576,524288,operator delete,???,???:operator delete(void*) [/usr/lib/llvm-18/lib/libc++abi.so.1.0],0.0002,0.0,0.0,0.0,0.0,0.0,0.0,0.0,0.0,0.0,0.0,0.0,0.0,0.0,0.0
main__libcxx__E__alg_flat_phased_n_1048576_u_524288,libcxx,E,flat_phased,1048576,524288,malloc,./malloc/./malloc/malloc.c,./malloc/./malloc/malloc.c:free [/usr/lib/x86_64-linux-gnu/libc.so.6],0.0001,0.0,0.0,0.0,0.0,0.0,0.0,0.0,0.0,0.0,0.0,0.0,0.0,0.0,0.0
main__libcxx__E__alg_flat_phased_n_1048576_u_524288,libcxx,E,flat_phased,1048576,524288,phase_dtor,../../build/abseil-cpp/absl/container/internal/raw_hash_set.h,"../../build/abseil-cpp/absl/container/internal/raw_hash_set.h:void phase_dtor<absl::lts_20260817::flat_hash_set<unsigned long, absl::lts_20260817::hash_internal",0.0001,0.0,0.0,0.0,0.0,0.0,0.0,0.0,0.0,0.0,0.0,0.0,0.0,0.0,0.0
main__libcxx__E__alg_flat_phased_n_1048576_u_524288,libcxx,E,flat_phased,1048576,524288,malloc,./malloc/./malloc/malloc.c,./malloc/./malloc/malloc.c:sysmalloc_mmap.isra.0 [/usr/lib/x86_64-linux-gnu/libc.so.6],0.0001,0.0,0.0,0.0,0.0,0.0,0.0,0.0,0.0,0.0,0.0,0.0,0.0,0.0,0.0
main__libcxx__E__alg_flat_phased_n_1048576_u_524288,libcxx,E,flat_phased,1048576,524288,operator new,=> ???,=> ???:operator new(unsigned long) (1x),0.0002,0.0,0.0,0.0,0.0,0.0,0.0,0.0,0.0,0.0,0.0,0.0,0.0,0.0,0.0
main__libcxx__E__alg_flat_phased_n_1048576_u_524288,libcxx,E,flat_phased,1048576,524288,raw_hash_set,=> /usr/lib/llvm-18/bin/../include/c++/v1/vector,"=> /usr/lib/llvm-18/bin/../include/c++/v1/vector:void std::__1::vector<unsigned long, std::__1::allocator<unsigned long> >::__assign_with_size[abi:ne180100]<abs",14.3314,2.5,0.5,0.0,0.1384,0.0313,0.0,0.1357,0.0313,3.0,0.5938,0.0,0.0,0.1669,0.1697
main__libcxx__E__alg_flat_phased_n_1048576_u_524288,libcxx,E,flat_phased,1048576,524288,raw_hash_set,,<counts for unidentified lines in ../../build/abseil-cpp/absl/container/internal/raw_hash_set.h>,8.5082,0.0,0.0,0.0,0.0,0.0,0.0,0.0,0.0,0.0,0.0,0.0,0.0,0.0,0.0
main__libcxx__E__alg_flat_phased_n_1048576_u_524288,libcxx,E,flat_phased,1048576,524288,phase_insert,=> counters.cpp,"=> counters.cpp:void phase_insert<absl::lts_20260817::flat_hash_set<unsigned long, absl::lts_20260817::hash_internal::Hash<unsigned long>, std::__1::equal_to<un",65.8234,9.5718,6.0355,0.0,1.5546,0.5107,0.0,0.7246,0.4418,6.5367,0.3568,0.0,0.0,1.1663,2.0652
main__libcxx__E__alg_flat_phased_n_1048576_u_524288,libcxx,E,flat_phased,1048576,524288,phase_dump,=> counters.cpp,"=> counters.cpp:void phase_dump<absl::lts_20260817::flat_hash_set<unsigned long, absl::lts_20260817::hash_internal::Hash<unsigned long>, std::__1::equal_to<unsi",24.4944,4.5,0.5,0.0,0.154,0.0313,0.0,0.14,0.0313,5.5,1.188,0.0,0.0,0.1712,0.1853
main__libcxx__E__alg_flat_phased_n_1048576_u_524288,libcxx,E,flat_phased,1048576,524288,phase_dtor,=> counters.cpp,"=> counters.cpp:void phase_dtor<absl::lts_20260817::flat_hash_set<unsigned long, absl::lts_20260817::hash_internal::Hash<unsigned long>, std::__1::equal_to<unsi",0.0002,0.0001,0.0,0.0,0.0,0.0,0.0,0.0,0.0,0.0,0.0,0.0,0.0,0.0,0.0
main__libcxx__E__alg_radix_n_1048576_u_1048576,libcxx,E,radix,1048576,1048576,measured_call,counters.cpp,counters.cpp:measured_call [/home/user/conference-hardfest-algorithms/bench/deep/counters/build/counters_libcxx],106.0175,19.0027,24.0102,0.0001,0.6262,1.1697,0.0001,0.6102,0.4868,7.0086,0.0002,0.0,0.0,1.0969,1.7959
main__libcxx__E__alg_radix_n_1048576_u_1048576,libcxx,E,radix,1048576,1048576,unique,/usr/lib/llvm-18/bin/../include/c++/v1/__memory/unique_ptr.h,"/usr/lib/llvm-18/bin/../include/c++/v1/__memory/unique_ptr.h:alg_radix(std::__1::vector<unsigned long, std::__1::allocator<unsigned long> >&, Ctx const&)",0.0008,0.0003,0.0002,0.0,0.0001,0.0,0.0,0.0001,0.0,0.0001,0.0,0.0,0.0,0.0001,0.0001
main__libcxx__E__alg_radix_n_1048576_u_1048576,libcxx,E,radix,1048576,1048576,operator new,???,???:operator new[](unsigned long) [???],0.0007,0.0002,0.0001,0.0001,0.0,0.0,0.0001,0.0,0.0,0.0001,0.0,0.0,0.0,0.0,0.0
main__libcxx__E__alg_radix_n_1048576_u_1048576,libcxx,E,radix,1048576,1048576,operator new,???,???:operator new(unsigned long) [???],0.0007,0.0002,0.0001,0.0001,0.0,0.0,0.0001,0.0,0.0,0.0001,0.0,0.0,0.0,0.0,0.0
main__libcxx__E__alg_radix_n_1048576_u_1048576,libcxx,E,radix,1048576,1048576,malloc,./malloc/./malloc/malloc.c,./malloc/./malloc/malloc.c:malloc [/usr/lib/x86_64-linux-gnu/libc.so.6],0.0007,0.0002,0.0001,0.0001,0.0,0.0,0.0001,0.0,0.0,0.0001,0.0,0.0,0.0,0.0,0.0
main__libcxx__E__alg_radix_n_1048576_u_1048576,libcxx,E,radix,1048576,1048576,malloc,./malloc/./malloc/malloc.c,./malloc/./malloc/malloc.c:_int_malloc [/usr/lib/x86_64-linux-gnu/libc.so.6],0.0006,0.0001,0.0001,0.0,0.0,0.0,0.0,0.0,0.0,0.0001,0.0,0.0,0.0,0.0,0.0
main__libcxx__E__alg_radix_n_1048576_u_1048576,libcxx,E,radix,1048576,1048576,operator new,=> ???,=> ???:operator new[](unsigned long) (1x),0.0007,0.0002,0.0001,0.0001,0.0,0.0,0.0001,0.0,0.0,0.0001,0.0,0.0,0.0,0.0,0.0
main__libcxx__E__alg_radix_n_1048576_u_524288,libcxx,E,radix,1048576,524288,measured_call,counters.cpp,counters.cpp:measured_call [/home/user/conference-hardfest-algorithms/bench/deep/counters/build/counters_libcxx],107.5171,18.0025,24.5101,0.0001,0.6257,0.8896,0.0001,0.6071,0.5001,7.0086,0.4299,0.0,0.0,1.1073,1.5153
main__libcxx__E__alg_radix_n_1048576_u_524288,libcxx,E,radix,1048576,524288,unique,/usr/lib/llvm-18/bin/../include/c++/v1/__memory/unique_ptr.h,"/usr/lib/llvm-18/bin/../include/c++/v1/__memory/unique_ptr.h:alg_radix(std::__1::vector<unsigned long, std::__1::allocator<unsigned long> >&, Ctx const&)",0.0008,0.0003,0.0001,0.0,0.0001,0.0,0.0,0.0001,0.0,0.0001,0.0,0.0,0.0,0.0001,0.0001
main__libcxx__E__alg_radix_n_1048576_u_524288,libcxx,E,radix,1048576,524288,operator new,???,???:operator new[](unsigned long) [???],0.0003,0.0001,0.0,0.0,0.0,0.0,0.0,0.0,0.0,0.0,0.0,0.0,0.0,0.0,0.0
main__libcxx__E__alg_radix_n_1048576_u_524288,libcxx,E,radix,1048576,524288,operator new,???,???:operator new(unsigned long) [???],0.0003,0.0001,0.0,0.0,0.0,0.0,0.0,0.0,0.0,0.0,0.0,0.0,0.0,0.0,0.0
main__libcxx__E__alg_radix_n_1048576_u_524288,libcxx,E,radix,1048576,524288,malloc,./malloc/./malloc/malloc.c,./malloc/./malloc/malloc.c:malloc [/usr/lib/x86_64-linux-gnu/libc.so.6],0.0003,0.0001,0.0,0.0,0.0,0.0,0.0,0.0,0.0,0.0,0.0,0.0,0.0,0.0,0.0
main__libcxx__E__alg_radix_n_1048576_u_524288,libcxx,E,radix,1048576,524288,malloc,./malloc/./malloc/malloc.c,./malloc/./malloc/malloc.c:_int_malloc [/usr/lib/x86_64-linux-gnu/libc.so.6],0.0003,0.0001,0.0,0.0,0.0,0.0,0.0,0.0,0.0,0.0,0.0,0.0,0.0,0.0,0.0
main__libcxx__E__alg_radix_n_1048576_u_524288,libcxx,E,radix,1048576,524288,malloc,./malloc/./malloc/malloc.c,./malloc/./malloc/malloc.c:sysmalloc_mmap.isra.0 [/usr/lib/x86_64-linux-gnu/libc.so.6],0.0001,0.0,0.0,0.0,0.0,0.0,0.0,0.0,0.0,0.0,0.0,0.0,0.0,0.0,0.0
main__libcxx__E__alg_radix_n_1048576_u_524288,libcxx,E,radix,1048576,524288,operator new,=> ???,=> ???:operator new[](unsigned long) (1x),0.0003,0.0001,0.0,0.0,0.0,0.0,0.0,0.0,0.0,0.0,0.0,0.0,0.0,0.0,0.0
main__libcxx__E__alg_sort_n_1048576_u_1048576,libcxx,E,sort,1048576,1048576,measured_call,counters.cpp,counters.cpp:measured_call [/home/user/conference-hardfest-algorithms/bench/deep/counters/build/counters_libcxx],136.2625,26.4496,12.9309,0.0,0.5985,0.0012,0.0,0.1886,0.0,30.0809,8.6851,0.0069,0.005,0.1887,0.5997
main__libcxx__E__alg_sort_n_1048576_u_1048576,libcxx,E,sort,1048576,1048576,__sort,???,"???:void std::__1::__sort<std::__1::__less<unsigned long, unsigned long>&, unsigned long*>(unsigned long*, unsigned long*, std::__1::__less<unsigned long, unsig",129.2625,24.4496,12.9309,0.0,0.536,0.0012,0.0,0.1261,0.0,28.0809,8.6851,0.0069,0.005,0.1262,0.5372
main__libcxx__E__alg_sort_n_1048576_u_1048576,libcxx,E,sort,1048576,1048576,__sort,=> ???,"=> ???:void std::__1::__sort<std::__1::__less<unsigned long, unsigned long>&, unsigned long*>(unsigned long*, unsigned long*, std::__1::__less<unsigned long, un",129.2625,24.4496,12.9309,0.0,0.536,0.0012,0.0,0.1261,0.0,28.0809,8.6851,0.0069,0.005,0.1262,0.5372
main__libcxx__E__alg_sort_n_1048576_u_524288,libcxx,E,sort,1048576,524288,measured_call,counters.cpp,counters.cpp:measured_call [/home/user/conference-hardfest-algorithms/bench/deep/counters/build/counters_libcxx],135.7449,25.0821,13.0152,0.0,0.5977,0.032,0.0,0.1922,0.0098,29.7283,9.0993,0.0067,0.005,0.202,0.6298
main__libcxx__E__alg_sort_n_1048576_u_524288,libcxx,E,sort,1048576,524288,__sort,???,"???:void std::__1::__sort<std::__1::__less<unsigned long, unsigned long>&, unsigned long*>(unsigned long*, unsigned long*, std::__1::__less<unsigned long, unsig",127.2449,24.0821,12.5152,0.0,0.5352,0.0011,0.0,0.1297,0.0,27.7283,8.6696,0.0067,0.005,0.1297,0.5364
main__libcxx__E__alg_sort_n_1048576_u_524288,libcxx,E,sort,1048576,524288,__sort,=> ???,"=> ???:void std::__1::__sort<std::__1::__less<unsigned long, unsigned long>&, unsigned long*>(unsigned long*, unsigned long*, std::__1::__less<unsigned long, un",127.2449,24.0821,12.5152,0.0,0.5352,0.0011,0.0,0.1297,0.0,27.7283,8.6696,0.0067,0.005,0.1297,0.5364
main__libcxx__E__alg_uset_n_1048576_u_1048576,libcxx,E,uset,1048576,1048576,measured_call,counters.cpp,counters.cpp:measured_call [/home/user/conference-hardfest-algorithms/bench/deep/counters/build/counters_libcxx],539.1305,124.1458,71.1122,0.0001,5.4384,0.3751,0.0001,4.4145,0.375,80.855,2.1409,4.0,0.0,4.7895,5.8135
main__libcxx__E__alg_uset_n_1048576_u_1048576,libcxx,E,uset,1048576,1048576,__hash_table,/usr/lib/llvm-18/bin/../include/c++/v1/__hash_table,"/usr/lib/llvm-18/bin/../include/c++/v1/__hash_table:alg_uset(std::__1::vector<unsigned long, std::__1::allocator<unsigned long> >&, Ctx const&)",325.7987,66.6456,39.3287,0.0001,3.0153,0.3126,0.0001,2.5452,0.3125,45.5057,1.0982,2.0,0.0,2.8577,3.3279
main__libcxx__E__alg_uset_n_1048576_u_1048576,libcxx,E,uset,1048576,1048576,__hash_table,/usr/lib/llvm-18/bin/../include/c++/v1/__hash_table,"/usr/lib/llvm-18/bin/../include/c++/v1/__hash_table:std::__1::pair<std::__1::__hash_iterator<std::__1::__hash_node<unsigned long, void*>*>, bool> std::__1::__ha",314.0479,63.6454,37.3286,0.0,1.8084,0.2501,0.0,1.4724,0.25,44.2555,1.0981,2.0,0.0,1.7224,2.0584
main__libcxx__E__alg_uset_n_1048576_u_1048576,libcxx,E,uset,1048576,1048576,__hash_table,/usr/lib/llvm-18/bin/../include/c++/v1/new,"/usr/lib/llvm-18/bin/../include/c++/v1/new:std::__1::pair<std::__1::__hash_iterator<std::__1::__hash_node<unsigned long, void*>*>, bool> std::__1::__hash_table<",212.9314,43.016,23.0625,0.0,0.0005,0.2501,0.0,0.0002,0.25,32.0271,0.0002,2.0,0.0,0.2502,0.2505
main__libcxx__E__alg_uset_n_1048576_u_1048576,libcxx,E,uset,1048576,1048576,operator new,???,???:operator new(unsigned long) [???],208.9321,42.0162,22.0626,0.0001,0.0005,0.2501,0.0001,0.0002,0.25,32.0272,0.0003,1.0,0.0,0.2502,0.2506
main__libcxx__E__alg_uset_n_1048576_u_1048576,libcxx,E,uset,1048576,1048576,operator delete,???,???:operator delete(void*) [/usr/lib/llvm-18/lib/libc++abi.so.1.0],196.3318,53.5003,28.7835,0.0,1.6588,0.0,0.0,1.1814,0.0,32.3493,1.0427,1.0,0.0,1.1814,1.6588
main__libcxx__E__alg_uset_n_1048576_u_1048576,libcxx,E,uset,1048576,1048576,malloc,./malloc/./malloc/malloc.c,./malloc/./malloc/malloc.c:malloc [/usr/lib/x86_64-linux-gnu/libc.so.6],189.9321,38.0162,18.0626,0.0001,0.0005,0.2501,0.0001,0.0002,0.25,31.0272,0.0003,0.0,0.0,0.2502,0.2506
main__libcxx__E__alg_uset_n_1048576_u_1048576,libcxx,E,uset,1048576,1048576,malloc,./malloc/./malloc/malloc.c,./malloc/./malloc/malloc.c:free [/usr/lib/x86_64-linux-gnu/libc.so.6],189.3317,51.5003,27.7835,0.0,1.6588,0.0,0.0,1.1814,0.0,32.3493,1.0427,0.0,0.0,1.1814,1.6588
main__libcxx__E__alg_uset_n_1048576_u_1048576,libcxx,E,uset,1048576,1048576,malloc,./malloc/./malloc/malloc.c,./malloc/./malloc/malloc.c:_int_free [/usr/lib/x86_64-linux-gnu/libc.so.6],158.3319,41.5003,21.7835,0.0,1.6558,0.0,0.0,1.1784,0.0,28.3494,1.0428,0.0,0.0,1.1784,1.6558
main__libcxx__E__alg_uset_n_1048576_u_1048576,libcxx,E,uset,1048576,1048576,malloc,./malloc/./malloc/malloc.c,./malloc/./malloc/malloc.c:_int_malloc [/usr/lib/x86_64-linux-gnu/libc.so.6],142.932,26.0162,13.0626,0.0001,0.0005,0.2501,0.0001,0.0002,0.25,21.0272,0.0003,0.0,0.0,0.2502,0.2505
main__libcxx__E__alg_uset_n_1048576_u_1048576,libcxx,E,uset,1048576,1048576,malloc,./malloc/./malloc/malloc.c,./malloc/./malloc/malloc.c:_int_free_merge_chunk [/usr/lib/x86_64-linux-gnu/libc.so.6],83.332,22.5003,14.7835,0.0,1.5591,0.0,0.0,1.0981,0.0,12.3494,1.0427,0.0,0.0,1.0981,1.5591
main__libcxx__E__alg_uset_n_1048576_u_1048576,libcxx,E,uset,1048576,1048576,malloc,./malloc/./malloc/malloc.c,./malloc/./malloc/malloc.c:_int_free_maybe_consolidate [/usr/lib/x86_64-linux-gnu/libc.so.6],83.3318,22.5003,14.7835,0.0,1.559,0.0,0.0,1.0981,0.0,12.3494,1.0427,0.0,0.0,1.0981,1.559
main__libcxx__E__alg_uset_n_1048576_u_1048576,libcxx,E,uset,1048576,1048576,malloc,./malloc/./malloc/malloc.c,./malloc/./malloc/malloc.c:malloc_consolidate [/usr/lib/x86_64-linux-gnu/libc.so.6],83.3318,22.5003,14.7834,0.0,1.559,0.0,0.0,1.0981,0.0,12.3494,1.0427,0.0,0.0,1.0981,1.559
main__libcxx__E__alg_uset_n_1048576_u_1048576,libcxx,E,uset,1048576,1048576,__hash_table,/usr/lib/llvm-18/bin/../include/c++/v1/__memory/unique_ptr.h,"/usr/lib/llvm-18/bin/../include/c++/v1/__memory/unique_ptr.h:std::__1::pair<std::__1::__hash_iterator<std::__1::__hash_node<unsigned long, void*>*>, bool> std::",3.2661,2.633,0.0,0.0,0.0,0.0,0.0,0.0,0.0,0.0,0.0,0.0,0.0,0.0,0.0
main__libcxx__E__alg_uset_n_1048576_u_1048576,libcxx,E,uset,1048576,1048576,rehash,/usr/lib/llvm-18/bin/../include/c++/v1/__hash_table,"/usr/lib/llvm-18/bin/../include/c++/v1/__hash_table:void std::__1::__hash_table<unsigned long, std::__1::hash<unsigned long>, std::__1::equal_to<unsigned long>,",2.7507,1.0002,1.0001,0.0001,0.0,0.0625,0.0001,0.0,0.0625,0.2501,0.0001,0.0,0.0,0.0625,0.0625
main__libcxx__E__alg_uset_n_1048576_u_1048576,libcxx,E,uset,1048576,1048576,__hash_table,/usr/lib/llvm-18/bin/../include/c++/v1/__memory/construct_at.h,"/usr/lib/llvm-18/bin/../include/c++/v1/__memory/construct_at.h:std::__1::pair<std::__1::__hash_iterator<std::__1::__hash_node<unsigned long, void*>*>, bool> std",2.0,1.0,1.0,0.0,0.0,0.0,0.0,0.0,0.0,0.0,0.0,0.0,0.0,0.0,0.0
main__libcxx__E__alg_uset_n_1048576_u_1048576,libcxx,E,uset,1048576,1048576,malloc,./malloc/./malloc/morecore.c,./malloc/./malloc/morecore.c:__glibc_morecore [/usr/lib/x86_64-linux-gnu/libc.so.6],0.0041,0.0011,0.0007,0.0,0.0002,0.0001,0.0,0.0001,0.0,0.0007,0.0,0.0,0.0,0.0001,0.0003
main__libcxx__E__alg_uset_n_1048576_u_1048576,libcxx,E,uset,1048576,1048576,malloc,./malloc/./malloc/malloc.c,./malloc/./malloc/malloc.c:sysmalloc_mmap_fallback.constprop.0 [/usr/lib/x86_64-linux-gnu/libc.so.6],0.0024,0.0005,0.0004,0.0,0.0,0.0,0.0,0.0,0.0,0.0003,0.0,0.0,0.0,0.0,0.0
main__libcxx__E__alg_uset_n_1048576_u_1048576,libcxx,E,uset,1048576,1048576,rehash,/usr/lib/llvm-18/bin/../include/c++/v1/new,"/usr/lib/llvm-18/bin/../include/c++/v1/new:void std::__1::__hash_table<unsigned long, std::__1::hash<unsigned long>, std::__1::equal_to<unsigned long>, std::__1",0.0007,0.0002,0.0001,0.0001,0.0,0.0,0.0001,0.0,0.0,0.0001,0.0,0.0,0.0,0.0,0.0
main__libcxx__E__alg_uset_n_1048576_u_1048576,libcxx,E,uset,1048576,1048576,operator new,=> ???,"=> ???:operator new(unsigned long) (1,048,576x)",208.9314,42.016,22.0625,0.0,0.0005,0.2501,0.0,0.0002,0.25,32.0271,0.0002,1.0,0.0,0.2502,0.2505
main__libcxx__E__alg_uset_n_1048576_u_1048576,libcxx,E,uset,1048576,1048576,operator delete,=> ???,"=> ???:operator delete(void*) (1,048,577x)",196.3318,53.5003,28.7835,0.0,1.6588,0.0,0.0,1.1814,0.0,32.3493,1.0427,1.0,0.0,1.1814,1.6588
main__libcxx__E__alg_uset_n_1048576_u_1048576,libcxx,E,uset,1048576,1048576,__hash_table,=> /usr/lib/llvm-18/bin/../include/c++/v1/__hash_table,"=> /usr/lib/llvm-18/bin/../include/c++/v1/__hash_table:std::__1::pair<std::__1::__hash_iterator<std::__1::__hash_node<unsigned long, void*>*>, bool> std::__1::_",314.0479,63.6454,37.3286,0.0,1.8084,0.2501,0.0,1.4724,0.25,44.2555,1.0981,2.0,0.0,1.7224,2.0584
main__libcxx__E__alg_uset_n_1048576_u_524288,libcxx,E,uset,1048576,524288,measured_call,counters.cpp,counters.cpp:measured_call [/home/user/conference-hardfest-algorithms/bench/deep/counters/build/counters_libcxx],265.6201,58.8332,33.2886,0.0001,2.8251,0.2188,0.0001,2.2266,0.2188,38.1203,0.8796,2.0,0.0,2.4454,3.044
main__libcxx__E__alg_uset_n_1048576_u_524288,libcxx,E,uset,1048576,524288,__hash_table,/usr/lib/llvm-18/bin/../include/c++/v1/__hash_table,"/usr/lib/llvm-18/bin/../include/c++/v1/__hash_table:alg_uset(std::__1::vector<unsigned long, std::__1::allocator<unsigned long> >&, Ctx const&)",198.1201,40.8332,24.2886,0.0001,2.4786,0.1876,0.0001,1.938,0.1875,26.1203,0.8796,1.0,0.0,2.1255,2.6662
main__libcxx__E__alg_uset_n_1048576_u_524288,libcxx,E,uset,1048576,524288,__hash_table,/usr/lib/llvm-18/bin/../include/c++/v1/__hash_table,"/usr/lib/llvm-18/bin/../include/c++/v1/__hash_table:std::__1::pair<std::__1::__hash_iterator<std::__1::__hash_node<unsigned long, void*>*>, bool> std::__1::__ha",188.8697,38.8331,22.2885,0.0,2.0182,0.1251,0.0,1.5644,0.125,25.3702,0.8795,1.0,0.0,1.6894,2.1433
main__libcxx__E__alg_uset_n_1048576_u_524288,libcxx,E,uset,1048576,524288,__hash_table,/usr/lib/llvm-18/bin/../include/c++/v1/new,"/usr/lib/llvm-18/bin/../include/c++/v1/new:std::__1::pair<std::__1::__hash_iterator<std::__1::__hash_node<unsigned long, void*>*>, bool> std::__1::__hash_table<",106.511,21.503,11.5017,0.0,0.0004,0.1251,0.0,0.0001,0.125,16.002,0.0001,1.0,0.0,0.1251,0.1254
main__libcxx__E__alg_uset_n_1048576_u_524288,libcxx,E,uset,1048576,524288,operator new,???,???:operator new(unsigned long) [???],104.5113,21.003,11.0017,0.0,0.0004,0.1251,0.0,0.0001,0.125,16.0021,0.0002,0.5,0.0,0.1251,0.1254
main__libcxx__E__alg_uset_n_1048576_u_524288,libcxx,E,uset,1048576,524288,malloc,./malloc/./malloc/malloc.c,./malloc/./malloc/malloc.c:malloc [/usr/lib/x86_64-linux-gnu/libc.so.6],95.0113,19.003,9.0017,0.0,0.0004,0.1251,0.0,0.0001,0.125,15.5021,0.0002,0.0,0.0,0.1251,0.1254
main__libcxx__E__alg_uset_n_1048576_u_524288,libcxx,E,uset,1048576,524288,malloc,./malloc/./malloc/malloc.c,./malloc/./malloc/malloc.c:_int_malloc [/usr/lib/x86_64-linux-gnu/libc.so.6],71.5113,13.003,6.5017,0.0,0.0004,0.1251,0.0,0.0001,0.125,10.5021,0.0001,0.0,0.0,0.1251,0.1254
main__libcxx__E__alg_uset_n_1048576_u_524288,libcxx,E,uset,1048576,524288,operator delete,???,???:operator delete(void*) [/usr/lib/llvm-18/lib/libc++abi.so.1.0],56.4999,15.5,7.0,0.0,0.0269,0.0,0.0,0.0167,0.0,10.0,0.0,0.5,0.0,0.0167,0.0269
main__libcxx__E__alg_uset_n_1048576_u_524288,libcxx,E,uset,1048576,524288,malloc,./malloc/./malloc/malloc.c,./malloc/./malloc/malloc.c:free [/usr/lib/x86_64-linux-gnu/libc.so.6],52.9999,14.5,6.5,0.0,0.0269,0.0,0.0,0.0167,0.0,10.0,0.0,0.0,0.0,0.0167,0.0269
main__libcxx__E__alg_uset_n_1048576_u_524288,libcxx,E,uset,1048576,524288,malloc,./malloc/./malloc/malloc.c,./malloc/./malloc/malloc.c:_int_free [/usr/lib/x86_64-linux-gnu/libc.so.6],37.4999,9.5,3.5,0.0,0.0269,0.0,0.0,0.0167,0.0,7.9999,0.0,0.0,0.0,0.0167,0.0269
main__libcxx__E__alg_uset_n_1048576_u_524288,libcxx,E,uset,1048576,524288,rehash,/usr/lib/llvm-18/bin/../include/c++/v1/__hash_table,"/usr/lib/llvm-18/bin/../include/c++/v1/__hash_table:void std::__1::__hash_table<unsigned long, std::__1::hash<unsigned long>, std::__1::equal_to<unsigned long>,",2.7503,1.0001,1.0,0.0,0.0,0.0625,0.0,0.0,0.0625,0.2501,0.0,0.0,0.0,0.0625,0.0625
main__libcxx__E__alg_uset_n_1048576_u_524288,libcxx,E,uset,1048576,524288,__hash_table,/usr/lib/llvm-18/bin/../include/c++/v1/__memory/unique_ptr.h,"/usr/lib/llvm-18/bin/../include/c++/v1/__memory/unique_ptr.h:std::__1::pair<std::__1::__hash_iterator<std::__1::__hash_node<unsigned long, void*>*>, bool> std::",2.2869,1.8934,0.0,0.0,0.0,0.0,0.0,0.0,0.0,0.0,0.0,0.0,0.0,0.0,0.0
main__libcxx__E__alg_uset_n_1048576_u_524288,libcxx,E,uset,1048576,524288,__hash_table,/usr/lib/llvm-18/bin/../include/c++/v1/__memory/construct_at.h,"/usr/lib/llvm-18/bin/../include/c++/v1/__memory/construct_at.h:std::__1::pair<std::__1::__hash_iterator<std::__1::__hash_node<unsigned long, void*>*>, bool> std",1.0,0.5,0.5,0.0,0.0,0.0,0.0,0.0,0.0,0.0,0.0,0.0,0.0,0.0,0.0
main__libcxx__E__alg_uset_n_1048576_u_524288,libcxx,E,uset,1048576,524288,malloc,./malloc/./malloc/morecore.c,./malloc/./malloc/morecore.c:__glibc_morecore [/usr/lib/x86_64-linux-gnu/libc.so.6],0.0033,0.0009,0.0005,0.0,0.0002,0.0001,0.0,0.0,0.0,0.0006,0.0,0.0,0.0,0.0,0.0003
main__libcxx__E__alg_uset_n_1048576_u_524288,libcxx,E,uset,1048576,524288,rehash,/usr/lib/llvm-18/bin/../include/c++/v1/new,"/usr/lib/llvm-18/bin/../include/c++/v1/new:void std::__1::__hash_table<unsigned long, std::__1::hash<unsigned long>, std::__1::equal_to<unsigned long>, std::__1",0.0003,0.0001,0.0,0.0,0.0,0.0,0.0,0.0,0.0,0.0,0.0,0.0,0.0,0.0,0.0
main__libcxx__E__alg_uset_n_1048576_u_524288,libcxx,E,uset,1048576,524288,malloc,./malloc/./malloc/malloc.c,./malloc/./malloc/malloc.c:sysmalloc_mmap.isra.0 [/usr/lib/x86_64-linux-gnu/libc.so.6],0.0001,0.0,0.0,0.0,0.0,0.0,0.0,0.0,0.0,0.0,0.0,0.0,0.0,0.0,0.0
main__libcxx__E__alg_uset_n_1048576_u_524288,libcxx,E,uset,1048576,524288,__hash_table,=> /usr/lib/llvm-18/bin/../include/c++/v1/__hash_table,"=> /usr/lib/llvm-18/bin/../include/c++/v1/__hash_table:std::__1::pair<std::__1::__hash_iterator<std::__1::__hash_node<unsigned long, void*>*>, bool> std::__1::_",188.8697,38.8331,22.2885,0.0,2.0182,0.1251,0.0,1.5644,0.125,25.3702,0.8795,1.0,0.0,1.6894,2.1433
main__libcxx__E__alg_uset_n_1048576_u_524288,libcxx,E,uset,1048576,524288,operator new,=> ???,=> ???:operator new(unsigned long) (1x),0.0003,0.0001,0.0,0.0,0.0,0.0,0.0,0.0,0.0,0.0,0.0,0.0,0.0,0.0,0.0
main__libcxx__E__alg_uset_n_1048576_u_524288,libcxx,E,uset,1048576,524288,operator delete,=> ???,"=> ???:operator delete(void*) (524,289x)",56.4999,15.5,7.0,0.0,0.0269,0.0,0.0,0.0167,0.0,10.0,0.0,0.5,0.0,0.0167,0.0269
main__libcxx__E__alg_uset_phased_n_1048576_u_1048576,libcxx,E,uset_phased,1048576,1048576,measured_call,counters.cpp,counters.cpp:measured_call [/home/user/conference-hardfest-algorithms/bench/deep/counters/build/counters_libcxx],539.1317,124.1462,71.1124,0.0001,5.4381,0.3751,0.0001,4.4127,0.375,80.8552,2.141,4.0,0.0,4.7877,5.8132
main__libcxx__E__alg_uset_phased_n_1048576_u_1048576,libcxx,E,uset_phased,1048576,1048576,phase_insert,counters.cpp,"counters.cpp:void phase_insert<std::__1::unordered_set<unsigned long, std::__1::hash<unsigned long>, std::__1::equal_to<unsigned long>, std::__1::allocator<unsi",325.7994,65.6458,40.3288,0.0001,1.8713,0.3126,0.0001,1.5351,0.3125,45.5058,1.0982,2.0,0.0,1.8477,2.1839
main__libcxx__E__alg_uset_phased_n_1048576_u_1048576,libcxx,E,uset_phased,1048576,1048576,phase_insert,/usr/lib/llvm-18/bin/../include/c++/v1/__hash_table,"/usr/lib/llvm-18/bin/../include/c++/v1/__hash_table:void phase_insert<std::__1::unordered_set<unsigned long, std::__1::hash<unsigned long>, std::__1::equal_to<u",320.7986,64.6455,39.3287,0.0001,1.8087,0.3126,0.0001,1.4726,0.3125,44.5057,1.0981,2.0,0.0,1.7851,2.1213
main__libcxx__E__alg_uset_phased_n_1048576_u_1048576,libcxx,E,uset_phased,1048576,1048576,__hash_table,/usr/lib/llvm-18/bin/../include/c++/v1/__hash_table,"/usr/lib/llvm-18/bin/../include/c++/v1/__hash_table:std::__1::pair<std::__1::__hash_iterator<std::__1::__hash_node<unsigned long, void*>*>, bool> std::__1::__ha",314.0479,63.6454,37.3286,0.0,1.8087,0.2501,0.0,1.4726,0.25,44.2555,1.0981,2.0,0.0,1.7226,2.0588
main__libcxx__E__alg_uset_phased_n_1048576_u_1048576,libcxx,E,uset_phased,1048576,1048576,__hash_table,/usr/lib/llvm-18/bin/../include/c++/v1/new,"/usr/lib/llvm-18/bin/../include/c++/v1/new:std::__1::pair<std::__1::__hash_iterator<std::__1::__hash_node<unsigned long, void*>*>, bool> std::__1::__hash_table<",212.9313,43.016,23.0625,0.0,0.0005,0.2501,0.0,0.0002,0.25,32.0271,0.0002,2.0,0.0,0.2502,0.2505
main__libcxx__E__alg_uset_phased_n_1048576_u_1048576,libcxx,E,uset_phased,1048576,1048576,operator new,???,???:operator new(unsigned long) [???],208.9325,42.0162,22.0627,0.0001,0.0005,0.2501,0.0001,0.0002,0.25,32.0273,0.0003,1.0,0.0,0.2502,0.2506
main__libcxx__E__alg_uset_phased_n_1048576_u_1048576,libcxx,E,uset_phased,1048576,1048576,phase_dtor,counters.cpp,"counters.cpp:void phase_dtor<std::__1::unordered_set<unsigned long, std::__1::hash<unsigned long>, std::__1::equal_to<unsigned long>, std::__1::allocator<unsign",202.3317,55.5003,29.7835,0.0,2.2603,0.0,0.0,1.7149,0.0,33.3493,1.0428,2.0,0.0,1.7149,2.2603
main__libcxx__E__alg_uset_phased_n_1048576_u_1048576,libcxx,E,uset_phased,1048576,1048576,phase_dtor,/usr/lib/llvm-18/bin/../include/c++/v1/new,"/usr/lib/llvm-18/bin/../include/c++/v1/new:void phase_dtor<std::__1::unordered_set<unsigned long, std::__1::hash<unsigned long>, std::__1::equal_to<unsigned lon",199.3316,54.5002,29.7835,0.0,1.6592,0.0,0.0,1.181,0.0,32.3493,1.0428,2.0,0.0,1.181,1.6592
main__libcxx__E__alg_uset_phased_n_1048576_u_1048576,libcxx,E,uset_phased,1048576,1048576,operator delete,???,???:operator delete(void*) [/usr/lib/llvm-18/lib/libc++abi.so.1.0],196.3317,53.5003,28.7835,0.0,1.6592,0.0,0.0,1.181,0.0,32.3493,1.0428,1.0,0.0,1.181,1.6592
main__libcxx__E__alg_uset_phased_n_1048576_u_1048576,libcxx,E,uset_phased,1048576,1048576,malloc,./malloc/./malloc/malloc.c,./malloc/./malloc/malloc.c:malloc [/usr/lib/x86_64-linux-gnu/libc.so.6],189.9325,38.0162,18.0627,0.0001,0.0005,0.2501,0.0001,0.0002,0.25,31.0273,0.0003,0.0,0.0,0.2502,0.2506
main__libcxx__E__alg_uset_phased_n_1048576_u_1048576,libcxx,E,uset_phased,1048576,1048576,malloc,./malloc/./malloc/malloc.c,./malloc/./malloc/malloc.c:free [/usr/lib/x86_64-linux-gnu/libc.so.6],189.3317,51.5003,27.7835,0.0,1.6592,0.0,0.0,1.181,0.0,32.3493,1.0428,0.0,0.0,1.181,1.6592
main__libcxx__E__alg_uset_phased_n_1048576_u_1048576,libcxx,E,uset_phased,1048576,1048576,malloc,./malloc/./malloc/malloc.c,./malloc/./malloc/malloc.c:_int_free [/usr/lib/x86_64-linux-gnu/libc.so.6],158.3318,41.5003,21.7835,0.0,1.6552,0.0,0.0,1.177,0.0,28.3493,1.0428,0.0,0.0,1.177,1.6552
main__libcxx__E__alg_uset_phased_n_1048576_u_1048576,libcxx,E,uset_phased,1048576,1048576,malloc,./malloc/./malloc/malloc.c,./malloc/./malloc/malloc.c:_int_malloc [/usr/lib/x86_64-linux-gnu/libc.so.6],142.9324,26.0162,13.0626,0.0001,0.0005,0.2501,0.0001,0.0002,0.25,21.0273,0.0003,0.0,0.0,0.2502,0.2505
main__libcxx__E__alg_uset_phased_n_1048576_u_1048576,libcxx,E,uset_phased,1048576,1048576,malloc,./malloc/./malloc/malloc.c,./malloc/./malloc/malloc.c:_int_free_merge_chunk [/usr/lib/x86_64-linux-gnu/libc.so.6],83.3318,22.5003,14.7835,0.0,1.5588,0.0,0.0,1.0972,0.0,12.3494,1.0428,0.0,0.0,1.0972,1.5588
main__libcxx__E__alg_uset_phased_n_1048576_u_1048576,libcxx,E,uset_phased,1048576,1048576,malloc,./malloc/./malloc/malloc.c,./malloc/./malloc/malloc.c:_int_free_maybe_consolidate [/usr/lib/x86_64-linux-gnu/libc.so.6],83.3317,22.5002,14.7834,0.0,1.5588,0.0,0.0,1.0972,0.0,12.3494,1.0428,0.0,0.0,1.0972,1.5588
main__libcxx__E__alg_uset_phased_n_1048576_u_1048576,libcxx,E,uset_phased,1048576,1048576,malloc,./malloc/./malloc/malloc.c,./malloc/./malloc/malloc.c:malloc_consolidate [/usr/lib/x86_64-linux-gnu/libc.so.6],83.3316,22.5002,14.7834,0.0,1.5588,0.0,0.0,1.0972,0.0,12.3494,1.0427,0.0,0.0,1.0972,1.5588
main__libcxx__E__alg_uset_phased_n_1048576_u_1048576,libcxx,E,uset_phased,1048576,1048576,phase_dump,counters.cpp,"counters.cpp:void phase_dump<std::__1::unordered_set<unsigned long, std::__1::hash<unsigned long>, std::__1::equal_to<unsigned long>, std::__1::allocator<unsign",11.0,3.0,1.0,0.0,1.3065,0.0625,0.0,1.1626,0.0625,2.0,0.0,0.0,0.0,1.2251,1.369
main__libcxx__E__alg_uset_phased_n_1048576_u_1048576,libcxx,E,uset_phased,1048576,1048576,phase_dump,/usr/lib/llvm-18/bin/../include/c++/v1/vector,"/usr/lib/llvm-18/bin/../include/c++/v1/vector:void phase_dump<std::__1::unordered_set<unsigned long, std::__1::hash<unsigned long>, std::__1::equal_to<unsigned ",7.0,2.0,1.0,0.0,0.7015,0.0625,0.0,0.6249,0.0625,1.0,0.0,0.0,0.0,0.6874,0.764
main__libcxx__E__alg_uset_phased_n_1048576_u_1048576,libcxx,E,uset_phased,1048576,1048576,__hash_table,/usr/lib/llvm-18/bin/../include/c++/v1/__memory/unique_ptr.h,"/usr/lib/llvm-18/bin/../include/c++/v1/__memory/unique_ptr.h:std::__1::pair<std::__1::__hash_iterator<std::__1::__hash_node<unsigned long, void*>*>, bool> std::",3.2661,2.633,0.0,0.0,0.0,0.0,0.0,0.0,0.0,0.0,0.0,0.0,0.0,0.0,0.0
main__libcxx__E__alg_uset_phased_n_1048576_u_1048576,libcxx,E,uset_phased,1048576,1048576,rehash,/usr/lib/llvm-18/bin/../include/c++/v1/__hash_table,"/usr/lib/llvm-18/bin/../include/c++/v1/__hash_table:void std::__1::__hash_table<unsigned long, std::__1::hash<unsigned long>, std::__1::equal_to<unsigned long>,",2.7507,1.0002,1.0001,0.0,0.0,0.0625,0.0,0.0,0.0625,0.2501,0.0,0.0,0.0,0.0625,0.0625
main__libcxx__E__alg_uset_phased_n_1048576_u_1048576,libcxx,E,uset_phased,1048576,1048576,phase_insert,/usr/lib/llvm-18/bin/../include/c++/v1/__iterator/wrap_iter.h,"/usr/lib/llvm-18/bin/../include/c++/v1/__iterator/wrap_iter.h:void phase_insert<std::__1::unordered_set<unsigned long, std::__1::hash<unsigned long>, std::__1::",2.0,0.0,0.0,0.0,0.0,0.0,0.0,0.0,0.0,0.0,0.0,0.0,0.0,0.0,0.0
main__libcxx__E__alg_uset_phased_n_1048576_u_1048576,libcxx,E,uset_phased,1048576,1048576,__hash_table,/usr/lib/llvm-18/bin/../include/c++/v1/__memory/construct_at.h,"/usr/lib/llvm-18/bin/../include/c++/v1/__memory/construct_at.h:std::__1::pair<std::__1::__hash_iterator<std::__1::__hash_node<unsigned long, void*>*>, bool> std",2.0,1.0,1.0,0.0,0.0,0.0,0.0,0.0,0.0,0.0,0.0,0.0,0.0,0.0,0.0
main__libcxx__E__alg_uset_phased_n_1048576_u_1048576,libcxx,E,uset_phased,1048576,1048576,malloc,./malloc/./malloc/morecore.c,./malloc/./malloc/morecore.c:__glibc_morecore [/usr/lib/x86_64-linux-gnu/libc.so.6],0.0041,0.0011,0.0007,0.0,0.0002,0.0001,0.0,0.0001,0.0,0.0007,0.0,0.0,0.0,0.0001,0.0003
main__libcxx__E__alg_uset_phased_n_1048576_u_1048576,libcxx,E,uset_phased,1048576,1048576,phase_insert,/usr/lib/llvm-18/bin/../include/c++/v1/__math/rounding_functions.h,"/usr/lib/llvm-18/bin/../include/c++/v1/__math/rounding_functions.h:void phase_insert<std::__1::unordered_set<unsigned long, std::__1::hash<unsigned long>, std::",0.0008,0.0003,0.0001,0.0,0.0001,0.0,0.0,0.0001,0.0,0.0001,0.0,0.0,0.0,0.0001,0.0001
main__libcxx__E__alg_uset_phased_n_1048576_u_1048576,libcxx,E,uset_phased,1048576,1048576,rehash,/usr/lib/llvm-18/bin/../include/c++/v1/new,"/usr/lib/llvm-18/bin/../include/c++/v1/new:void std::__1::__hash_table<unsigned long, std::__1::hash<unsigned long>, std::__1::equal_to<unsigned long>, std::__1",0.0007,0.0002,0.0001,0.0,0.0,0.0,0.0,0.0,0.0,0.0001,0.0,0.0,0.0,0.0,0.0
main__libcxx__E__alg_uset_phased_n_1048576_u_1048576,libcxx,E,uset_phased,1048576,1048576,unique,/usr/lib/llvm-18/bin/../include/c++/v1/__memory/unique_ptr.h,"/usr/lib/llvm-18/bin/../include/c++/v1/__memory/unique_ptr.h:alg_uset_phased(std::__1::vector<unsigned long, std::__1::allocator<unsigned long> >&, Ctx const&)",0.0005,0.0001,0.0,0.0,0.0,0.0,0.0,0.0,0.0,0.0001,0.0,0.0,0.0,0.0,0.0
main__libcxx__E__alg_uset_phased_n_1048576_u_1048576,libcxx,E,uset_phased,1048576,1048576,phase_dump,,"__attribute__((noinline)) static void phase_dump(Set& s, Vec& v) {",0.0,0.0,0.0,0.0,0.0,0.0,0.0,0.0,0.0,0.0,0.0,0.0,0.0,0.0,0.0
main__libcxx__E__alg_uset_phased_n_1048576_u_1048576,libcxx,E,uset_phased,1048576,1048576,phase_insert,=> counters.cpp,"=> counters.cpp:void phase_insert<std::__1::unordered_set<unsigned long, std::__1::hash<unsigned long>, std::__1::equal_to<unsigned long>, std::__1::allocator<u",325.7994,65.6458,40.3288,0.0001,1.8713,0.3126,0.0001,1.5351,0.3125,45.5058,1.0982,2.0,0.0,1.8477,2.1839
main__libcxx__E__alg_uset_phased_n_1048576_u_1048576,libcxx,E,uset_phased,1048576,1048576,phase_dump,,"phase_dump(*p, v);",0.0,0.0,0.0,0.0,0.0,0.0,0.0,0.0,0.0,0.0,0.0,0.0,0.0,0.0,0.0
main__libcxx__E__alg_uset_phased_n_1048576_u_1048576,libcxx,E,uset_phased,1048576,1048576,phase_dump,=> counters.cpp,"=> counters.cpp:void phase_dump<std::__1::unordered_set<unsigned long, std::__1::hash<unsigned long>, std::__1::equal_to<unsigned long>, std::__1::allocator<uns",11.0,3.0,1.0,0.0,1.3065,0.0625,0.0,1.1626,0.0625,2.0,0.0,0.0,0.0,1.2251,1.369
main__libcxx__E__alg_uset_phased_n_1048576_u_1048576,libcxx,E,uset_phased,1048576,1048576,phase_dtor,=> counters.cpp,"=> counters.cpp:void phase_dtor<std::__1::unordered_set<unsigned long, std::__1::hash<unsigned long>, std::__1::equal_to<unsigned long>, std::__1::allocator<uns",202.3317,55.5003,29.7835,0.0,2.2603,0.0,0.0,1.7149,0.0,33.3493,1.0428,2.0,0.0,1.7149,2.2603
main__libcxx__E__alg_uset_phased_n_1048576_u_1048576,libcxx,E,uset_phased,1048576,1048576,__hash_table,=> /usr/lib/llvm-18/bin/../include/c++/v1/__hash_table,"=> /usr/lib/llvm-18/bin/../include/c++/v1/__hash_table:std::__1::pair<std::__1::__hash_iterator<std::__1::__hash_node<unsigned long, void*>*>, bool> std::__1::_",314.0479,63.6454,37.3286,0.0,1.8087,0.2501,0.0,1.4726,0.25,44.2555,1.0981,2.0,0.0,1.7226,2.0588
main__libcxx__E__alg_uset_phased_n_1048576_u_1048576,libcxx,E,uset_phased,1048576,1048576,operator new,=> ???,"=> ???:operator new(unsigned long) (1,048,576x)",208.9313,42.016,22.0625,0.0,0.0005,0.2501,0.0,0.0002,0.25,32.0271,0.0002,1.0,0.0,0.2502,0.2505
main__libcxx__E__alg_uset_phased_n_1048576_u_1048576,libcxx,E,uset_phased,1048576,1048576,operator delete,=> ???,"=> ???:operator delete(void*) (1,048,577x)",196.3316,53.5002,28.7835,0.0,1.6592,0.0,0.0,1.181,0.0,32.3493,1.0428,1.0,0.0,1.181,1.6592
main__libcxx__E__alg_uset_phased_n_1048576_u_1048576,libcxx,E,uset_phased,1048576,1048576,operator new,=> ???,=> ???:operator new(unsigned long) (1x),0.0005,0.0001,0.0,0.0,0.0,0.0,0.0,0.0,0.0,0.0001,0.0,0.0,0.0,0.0,0.0
main__libcxx__E__alg_uset_phased_n_1048576_u_524288,libcxx,E,uset_phased,1048576,524288,measured_call,counters.cpp,counters.cpp:measured_call [/home/user/conference-hardfest-algorithms/bench/deep/counters/build/counters_libcxx],265.6212,58.8336,33.2888,0.0001,2.8095,0.2188,0.0001,2.2157,0.2188,38.1204,0.8796,2.0,0.0,2.4345,3.0283
main__libcxx__E__alg_uset_phased_n_1048576_u_524288,libcxx,E,uset_phased,1048576,524288,phase_insert,counters.cpp,"counters.cpp:void phase_insert<std::__1::unordered_set<unsigned long, std::__1::hash<unsigned long>, std::__1::equal_to<unsigned long>, std::__1::allocator<unsi",200.6209,40.8335,25.2887,0.0001,2.0719,0.1876,0.0001,1.6196,0.1875,26.6204,0.8796,1.0,0.0,1.8072,2.2595
main__libcxx__E__alg_uset_phased_n_1048576_u_524288,libcxx,E,uset_phased,1048576,524288,phase_insert,/usr/lib/llvm-18/bin/../include/c++/v1/__hash_table,"/usr/lib/llvm-18/bin/../include/c++/v1/__hash_table:void phase_insert<std::__1::unordered_set<unsigned long, std::__1::hash<unsigned long>, std::__1::equal_to<u",195.6201,39.8332,24.2886,0.0,2.0093,0.1876,0.0,1.5571,0.1875,25.6203,0.8796,1.0,0.0,1.7446,2.1969
main__libcxx__E__alg_uset_phased_n_1048576_u_524288,libcxx,E,uset_phased,1048576,524288,__hash_table,/usr/lib/llvm-18/bin/../include/c++/v1/__hash_table,"/usr/lib/llvm-18/bin/../include/c++/v1/__hash_table:std::__1::pair<std::__1::__hash_iterator<std::__1::__hash_node<unsigned long, void*>*>, bool> std::__1::__ha",188.8697,38.8331,22.2885,0.0,2.0093,0.1251,0.0,1.5571,0.125,25.3702,0.8795,1.0,0.0,1.6821,2.1344
main__libcxx__E__alg_uset_phased_n_1048576_u_524288,libcxx,E,uset_phased,1048576,524288,__hash_table,/usr/lib/llvm-18/bin/../include/c++/v1/new,"/usr/lib/llvm-18/bin/../include/c++/v1/new:std::__1::pair<std::__1::__hash_iterator<std::__1::__hash_node<unsigned long, void*>*>, bool> std::__1::__hash_table<",106.511,21.503,11.5017,0.0,0.0004,0.1251,0.0,0.0001,0.125,16.002,0.0001,1.0,0.0,0.1251,0.1254
main__libcxx__E__alg_uset_phased_n_1048576_u_524288,libcxx,E,uset_phased,1048576,524288,operator new,???,???:operator new(unsigned long) [???],104.5115,21.0031,11.0017,0.0,0.0004,0.1251,0.0,0.0001,0.125,16.0021,0.0002,0.5,0.0,0.1251,0.1254
main__libcxx__E__alg_uset_phased_n_1048576_u_524288,libcxx,E,uset_phased,1048576,524288,malloc,./malloc/./malloc/malloc.c,./malloc/./malloc/malloc.c:malloc [/usr/lib/x86_64-linux-gnu/libc.so.6],95.0115,19.0031,9.0017,0.0,0.0004,0.1251,0.0,0.0001,0.125,15.5021,0.0002,0.0,0.0,0.1251,0.1254
main__libcxx__E__alg_uset_phased_n_1048576_u_524288,libcxx,E,uset_phased,1048576,524288,malloc,./malloc/./malloc/malloc.c,./malloc/./malloc/malloc.c:_int_malloc [/usr/lib/x86_64-linux-gnu/libc.so.6],71.5114,13.003,6.5017,0.0,0.0004,0.1251,0.0,0.0001,0.125,10.5021,0.0001,0.0,0.0,0.1251,0.1254
main__libcxx__E__alg_uset_phased_n_1048576_u_524288,libcxx,E,uset_phased,1048576,524288,phase_dtor,counters.cpp,"counters.cpp:void phase_dtor<std::__1::unordered_set<unsigned long, std::__1::hash<unsigned long>, std::__1::equal_to<unsigned long>, std::__1::allocator<unsign",59.5,16.5,7.5,0.0,0.2573,0.0,0.0,0.2035,0.0,10.5,0.0,1.0,0.0,0.2036,0.2573
main__libcxx__E__alg_uset_phased_n_1048576_u_524288,libcxx,E,uset_phased,1048576,524288,phase_dtor,/usr/lib/llvm-18/bin/../include/c++/v1/new,"/usr/lib/llvm-18/bin/../include/c++/v1/new:void phase_dtor<std::__1::unordered_set<unsigned long, std::__1::hash<unsigned long>, std::__1::equal_to<unsigned lon",57.9999,16.0,7.5,0.0,0.0823,0.0,0.0,0.0719,0.0,10.0,0.0,1.0,0.0,0.0719,0.0823
main__libcxx__E__alg_uset_phased_n_1048576_u_524288,libcxx,E,uset_phased,1048576,524288,operator delete,???,???:operator delete(void*) [/usr/lib/llvm-18/lib/libc++abi.so.1.0],56.5,15.5,7.0,0.0,0.0823,0.0,0.0,0.0719,0.0,10.0,0.0,0.5,0.0,0.0719,0.0823
main__libcxx__E__alg_uset_phased_n_1048576_u_524288,libcxx,E,uset_phased,1048576,524288,malloc,./malloc/./malloc/malloc.c,./malloc/./malloc/malloc.c:free [/usr/lib/x86_64-linux-gnu/libc.so.6],53.0,14.5,6.5,0.0,0.0823,0.0,0.0,0.0719,0.0,10.0,0.0,0.0,0.0,0.0719,0.0823
main__libcxx__E__alg_uset_phased_n_1048576_u_524288,libcxx,E,uset_phased,1048576,524288,malloc,./malloc/./malloc/malloc.c,./malloc/./malloc/malloc.c:_int_free [/usr/lib/x86_64-linux-gnu/libc.so.6],37.4999,9.5,3.5,0.0,0.0199,0.0,0.0,0.0129,0.0,8.0,0.0,0.0,0.0,0.0129,0.0199
main__libcxx__E__alg_uset_phased_n_1048576_u_524288,libcxx,E,uset_phased,1048576,524288,phase_dump,counters.cpp,"counters.cpp:void phase_dump<std::__1::unordered_set<unsigned long, std::__1::hash<unsigned long>, std::__1::equal_to<unsigned long>, std::__1::allocator<unsign",5.5,1.5,0.5,0.0,0.4803,0.0313,0.0,0.3925,0.0313,1.0,0.0,0.0,0.0,0.4237,0.5115
main__libcxx__E__alg_uset_phased_n_1048576_u_524288,libcxx,E,uset_phased,1048576,524288,phase_dump,/usr/lib/llvm-18/bin/../include/c++/v1/vector,"/usr/lib/llvm-18/bin/../include/c++/v1/vector:void phase_dump<std::__1::unordered_set<unsigned long, std::__1::hash<unsigned long>, std::__1::equal_to<unsigned ",3.5,1.0,0.5,0.0,0.2501,0.0313,0.0,0.2057,0.0313,0.5,0.0,0.0,0.0,0.2369,0.2814
main__libcxx__E__alg_uset_phased_n_1048576_u_524288,libcxx,E,uset_phased,1048576,524288,rehash,/usr/lib/llvm-18/bin/../include/c++/v1/__hash_table,"/usr/lib/llvm-18/bin/../include/c++/v1/__hash_table:void std::__1::__hash_table<unsigned long, std::__1::hash<unsigned long>, std::__1::equal_to<unsigned long>,",2.7503,1.0001,1.0,0.0,0.0,0.0625,0.0,0.0,0.0625,0.2501,0.0,0.0,0.0,0.0625,0.0625
main__libcxx__E__alg_uset_phased_n_1048576_u_524288,libcxx,E,uset_phased,1048576,524288,__hash_table,/usr/lib/llvm-18/bin/../include/c++/v1/__memory/unique_ptr.h,"/usr/lib/llvm-18/bin/../include/c++/v1/__memory/unique_ptr.h:std::__1::pair<std::__1::__hash_iterator<std::__1::__hash_node<unsigned long, void*>*>, bool> std::",2.2869,1.8934,0.0,0.0,0.0,0.0,0.0,0.0,0.0,0.0,0.0,0.0,0.0,0.0,0.0
main__libcxx__E__alg_uset_phased_n_1048576_u_524288,libcxx,E,uset_phased,1048576,524288,phase_insert,/usr/lib/llvm-18/bin/../include/c++/v1/__iterator/wrap_iter.h,"/usr/lib/llvm-18/bin/../include/c++/v1/__iterator/wrap_iter.h:void phase_insert<std::__1::unordered_set<unsigned long, std::__1::hash<unsigned long>, std::__1::",2.0,0.0,0.0,0.0,0.0,0.0,0.0,0.0,0.0,0.0,0.0,0.0,0.0,0.0,0.0
main__libcxx__E__alg_uset_phased_n_1048576_u_524288,libcxx,E,uset_phased,1048576,524288,__hash_table,/usr/lib/llvm-18/bin/../include/c++/v1/__memory/construct_at.h,"/usr/lib/llvm-18/bin/../include/c++/v1/__memory/construct_at.h:std::__1::pair<std::__1::__hash_iterator<std::__1::__hash_node<unsigned long, void*>*>, bool> std",1.0,0.5,0.5,0.0,0.0,0.0,0.0,0.0,0.0,0.0,0.0,0.0,0.0,0.0,0.0
main__libcxx__E__alg_uset_phased_n_1048576_u_524288,libcxx,E,uset_phased,1048576,524288,malloc,./malloc/./malloc/morecore.c,./malloc/./malloc/morecore.c:__glibc_morecore [/usr/lib/x86_64-linux-gnu/libc.so.6],0.0033,0.0009,0.0005,0.0,0.0002,0.0001,0.0,0.0,0.0,0.0006,0.0,0.0,0.0,0.0,0.0003
main__libcxx__E__alg_uset_phased_n_1048576_u_524288,libcxx,E,uset_phased,1048576,524288,phase_insert,/usr/lib/llvm-18/bin/../include/c++/v1/__math/rounding_functions.h,"/usr/lib/llvm-18/bin/../include/c++/v1/__math/rounding_functions.h:void phase_insert<std::__1::unordered_set<unsigned long, std::__1::hash<unsigned long>, std::",0.0008,0.0003,0.0001,0.0,0.0001,0.0,0.0,0.0001,0.0,0.0001,0.0,0.0,0.0,0.0001,0.0001
main__libcxx__E__alg_uset_phased_n_1048576_u_524288,libcxx,E,uset_phased,1048576,524288,rehash,/usr/lib/llvm-18/bin/../include/c++/v1/new,"/usr/lib/llvm-18/bin/../include/c++/v1/new:void std::__1::__hash_table<unsigned long, std::__1::hash<unsigned long>, std::__1::equal_to<unsigned long>, std::__1",0.0003,0.0001,0.0,0.0,0.0,0.0,0.0,0.0,0.0,0.0,0.0,0.0,0.0,0.0,0.0
main__libcxx__E__alg_uset_phased_n_1048576_u_524288,libcxx,E,uset_phased,1048576,524288,unique,/usr/lib/llvm-18/bin/../include/c++/v1/__memory/unique_ptr.h,"/usr/lib/llvm-18/bin/../include/c++/v1/__memory/unique_ptr.h:alg_uset_phased(std::__1::vector<unsigned long, std::__1::allocator<unsigned long> >&, Ctx const&)",0.0002,0.0,0.0,0.0,0.0,0.0,0.0,0.0,0.0,0.0,0.0,0.0,0.0,0.0,0.0
main__libcxx__E__alg_uset_phased_n_1048576_u_524288,libcxx,E,uset_phased,1048576,524288,malloc,./malloc/./malloc/malloc.c,./malloc/./malloc/malloc.c:sysmalloc_mmap.isra.0 [/usr/lib/x86_64-linux-gnu/libc.so.6],0.0001,0.0,0.0,0.0,0.0,0.0,0.0,0.0,0.0,0.0,0.0,0.0,0.0,0.0,0.0
main__libcxx__E__alg_uset_phased_n_1048576_u_524288,libcxx,E,uset_phased,1048576,524288,operator new,=> ???,=> ???:operator new(unsigned long) (1x),0.0002,0.0,0.0,0.0,0.0,0.0,0.0,0.0,0.0,0.0,0.0,0.0,0.0,0.0,0.0
main__libcxx__E__alg_uset_phased_n_1048576_u_524288,libcxx,E,uset_phased,1048576,524288,__hash_table,=> /usr/lib/llvm-18/bin/../include/c++/v1/__hash_table,"=> /usr/lib/llvm-18/bin/../include/c++/v1/__hash_table:std::__1::pair<std::__1::__hash_iterator<std::__1::__hash_node<unsigned long, void*>*>, bool> std::__1::_",188.8697,38.8331,22.2885,0.0,2.0093,0.1251,0.0,1.5571,0.125,25.3702,0.8795,1.0,0.0,1.6821,2.1344
main__libcxx__E__alg_uset_phased_n_1048576_u_524288,libcxx,E,uset_phased,1048576,524288,__hash_table,,<counts for unidentified lines in /usr/lib/llvm-18/bin/../include/c++/v1/__hash_table>,5.9315,0.8249,0.5,0.0,0.6047,0.0,0.0,0.4864,0.0,0.0,0.0,0.0,0.0,0.4864,0.6047
main__libcxx__E__alg_uset_phased_n_1048576_u_524288,libcxx,E,uset_phased,1048576,524288,phase_dump,,"__attribute__((noinline)) static void phase_dump(Set& s, Vec& v) {",0.0,0.0,0.0,0.0,0.0,0.0,0.0,0.0,0.0,0.0,0.0,0.0,0.0,0.0,0.0
main__libcxx__E__alg_uset_phased_n_1048576_u_524288,libcxx,E,uset_phased,1048576,524288,phase_insert,=> counters.cpp,"=> counters.cpp:void phase_insert<std::__1::unordered_set<unsigned long, std::__1::hash<unsigned long>, std::__1::equal_to<unsigned long>, std::__1::allocator<u",200.6209,40.8335,25.2887,0.0001,2.0719,0.1876,0.0001,1.6196,0.1875,26.6204,0.8796,1.0,0.0,1.8072,2.2595
main__libcxx__E__alg_uset_phased_n_1048576_u_524288,libcxx,E,uset_phased,1048576,524288,phase_dump,,"phase_dump(*p, v);",0.0,0.0,0.0,0.0,0.0,0.0,0.0,0.0,0.0,0.0,0.0,0.0,0.0,0.0,0.0
main__libcxx__E__alg_uset_phased_n_1048576_u_524288,libcxx,E,uset_phased,1048576,524288,phase_dump,=> counters.cpp,"=> counters.cpp:void phase_dump<std::__1::unordered_set<unsigned long, std::__1::hash<unsigned long>, std::__1::equal_to<unsigned long>, std::__1::allocator<uns",5.5,1.5,0.5,0.0,0.4803,0.0313,0.0,0.3925,0.0313,1.0,0.0,0.0,0.0,0.4237,0.5115
main__libcxx__E__alg_uset_phased_n_1048576_u_524288,libcxx,E,uset_phased,1048576,524288,phase_dtor,=> counters.cpp,"=> counters.cpp:void phase_dtor<std::__1::unordered_set<unsigned long, std::__1::hash<unsigned long>, std::__1::equal_to<unsigned long>, std::__1::allocator<uns",59.5,16.5,7.5,0.0,0.2573,0.0,0.0,0.2035,0.0,10.5,0.0,1.0,0.0,0.2036,0.2573
main__libcxx__E__alg_uset_phased_n_1048576_u_524288,libcxx,E,uset_phased,1048576,524288,operator new,=> ???,"=> ???:operator new(unsigned long) (524,288x)",104.511,21.003,11.0017,0.0,0.0004,0.1251,0.0,0.0001,0.125,16.002,0.0001,0.5,0.0,0.1251,0.1254
main__libcxx__E__alg_uset_phased_n_1048576_u_524288,libcxx,E,uset_phased,1048576,524288,operator delete,=> ???,"=> ???:operator delete(void*) (524,289x)",56.4999,15.5,7.0,0.0,0.0823,0.0,0.0,0.0719,0.0,10.0,0.0,0.5,0.0,0.0719,0.0823
main__libcxx__P__alg_flat_n_1048576_u_1048576,libcxx,P,flat,1048576,1048576,measured_call,counters.cpp,counters.cpp:measured_call [/home/user/conference-hardfest-algorithms/bench/deep/counters/build/counters_libcxx],116.9877,19.1598,10.071,0.0001,1.221,1.0576,0.0001,0.1611,0.3528,14.1042,1.8378,0.0,0.0,0.5139,2.2786
main__libcxx__P__alg_flat_n_1048576_u_1048576,libcxx,P,flat,1048576,1048576,raw_hash_set,../../build/abseil-cpp/absl/container/internal/raw_hash_set.h,"../../build/abseil-cpp/absl/container/internal/raw_hash_set.h:alg_flat(std::__1::vector<unsigned long, std::__1::allocator<unsigned long> >&, Ctx const&)",77.467,12.128,7.071,0.0001,0.0156,0.0156,0.0001,0.0,0.0156,9.1042,0.9402,0.0,0.0,0.0157,0.0313
main__libcxx__P__alg_flat_n_1048576_u_1048576,libcxx,P,flat,1048576,1048576,raw_hash_set,/usr/lib/llvm-18/bin/../include/c++/v1/vector,"/usr/lib/llvm-18/bin/../include/c++/v1/vector:void std::__1::vector<unsigned long, std::__1::allocator<unsigned long> >::__assign_with_size[abi:ne180100]<absl::",18.3933,3.0,1.0,0.0,0.1406,0.0625,0.0,0.0939,0.0625,4.0,0.8976,0.0,0.0,0.1564,0.2031
main__libcxx__P__alg_flat_n_1048576_u_1048576,libcxx,P,flat,1048576,1048576,raw_hash_set,../../build/abseil-cpp/absl/container/internal/hashtable_control_bytes.h,"../../build/abseil-cpp/absl/container/internal/hashtable_control_bytes.h:void std::__1::vector<unsigned long, std::__1::allocator<unsigned long> >::__assign_wit",2.0,0.0,0.0,0.0,0.0,0.0,0.0,0.0,0.0,0.0,0.0,0.0,0.0,0.0,0.0
main__libcxx__P__alg_flat_n_1048576_u_1048576,libcxx,P,flat,1048576,1048576,operator new,???,???:operator new(unsigned long) [???],0.0004,0.0001,0.0001,0.0,0.0,0.0,0.0,0.0,0.0,0.0001,0.0,0.0,0.0,0.0,0.0
main__libcxx__P__alg_flat_n_1048576_u_1048576,libcxx,P,flat,1048576,1048576,malloc,./malloc/./malloc/malloc.c,./malloc/./malloc/malloc.c:malloc [/usr/lib/x86_64-linux-gnu/libc.so.6],0.0004,0.0001,0.0001,0.0,0.0,0.0,0.0,0.0,0.0,0.0001,0.0,0.0,0.0,0.0,0.0
main__libcxx__P__alg_flat_n_1048576_u_1048576,libcxx,P,flat,1048576,1048576,malloc,./malloc/./malloc/malloc.c,./malloc/./malloc/malloc.c:_int_malloc [/usr/lib/x86_64-linux-gnu/libc.so.6],0.0004,0.0001,0.0,0.0,0.0,0.0,0.0,0.0,0.0,0.0001,0.0,0.0,0.0,0.0,0.0
main__libcxx__P__alg_flat_n_1048576_u_1048576,libcxx,P,flat,1048576,1048576,malloc,./malloc/./malloc/malloc.c,./malloc/./malloc/malloc.c:sysmalloc_mmap.isra.0 [/usr/lib/x86_64-linux-gnu/libc.so.6],0.0001,0.0,0.0,0.0,0.0,0.0,0.0,0.0,0.0,0.0,0.0,0.0,0.0,0.0,0.0
main__libcxx__P__alg_flat_n_1048576_u_1048576,libcxx,P,flat,1048576,1048576,raw_hash_set,=> /usr/lib/llvm-18/bin/../include/c++/v1/vector,"=> /usr/lib/llvm-18/bin/../include/c++/v1/vector:void std::__1::vector<unsigned long, std::__1::allocator<unsigned long> >::__assign_with_size[abi:ne180100]<abs",18.3933,3.0,1.0,0.0,0.1406,0.0625,0.0,0.0939,0.0625,4.0,0.8976,0.0,0.0,0.1564,0.2031
main__libcxx__P__alg_flat_n_1048576_u_524288,libcxx,P,flat,1048576,524288,measured_call,counters.cpp,counters.cpp:measured_call [/home/user/conference-hardfest-algorithms/bench/deep/counters/build/counters_libcxx],90.318,14.0719,6.5356,0.0001,1.6925,0.541,0.0001,0.2027,0.2188,12.0367,1.5449,0.0,0.0,0.4215,2.2336
main__libcxx__P__alg_flat_n_1048576_u_524288,libcxx,P,flat,1048576,524288,raw_hash_set,../../build/abseil-cpp/absl/container/internal/raw_hash_set.h,"../../build/abseil-cpp/absl/container/internal/raw_hash_set.h:alg_flat(std::__1::vector<unsigned long, std::__1::allocator<unsigned long> >&, Ctx const&)",56.9535,8.0636,4.5355,0.0001,0.0156,0.0156,0.0001,0.0,0.0156,8.0367,0.9511,0.0,0.0,0.0157,0.0313
main__libcxx__P__alg_flat_n_1048576_u_524288,libcxx,P,flat,1048576,524288,raw_hash_set,/usr/lib/llvm-18/bin/../include/c++/v1/vector,"/usr/lib/llvm-18/bin/../include/c++/v1/vector:void std::__1::vector<unsigned long, std::__1::allocator<unsigned long> >::__assign_with_size[abi:ne180100]<absl::",14.3314,2.5,0.5,0.0,0.1384,0.0313,0.0,0.0787,0.0313,3.0,0.5938,0.0,0.0,0.11,0.1697
main__libcxx__P__alg_flat_n_1048576_u_524288,libcxx,P,flat,1048576,524288,raw_hash_set,../../build/abseil-cpp/absl/container/internal/hashtable_control_bytes.h,"../../build/abseil-cpp/absl/container/internal/hashtable_control_bytes.h:void std::__1::vector<unsigned long, std::__1::allocator<unsigned long> >::__assign_wit",2.0,0.0,0.0,0.0,0.0,0.0,0.0,0.0,0.0,0.0,0.0,0.0,0.0,0.0,0.0
main__libcxx__P__alg_flat_n_1048576_u_524288,libcxx,P,flat,1048576,524288,operator new,???,???:operator new(unsigned long) [???],0.0003,0.0001,0.0,0.0,0.0,0.0,0.0,0.0,0.0,0.0,0.0,0.0,0.0,0.0,0.0
main__libcxx__P__alg_flat_n_1048576_u_524288,libcxx,P,flat,1048576,524288,malloc,./malloc/./malloc/malloc.c,./malloc/./malloc/malloc.c:malloc [/usr/lib/x86_64-linux-gnu/libc.so.6],0.0003,0.0001,0.0,0.0,0.0,0.0,0.0,0.0,0.0,0.0,0.0,0.0,0.0,0.0,0.0
main__libcxx__P__alg_flat_n_1048576_u_524288,libcxx,P,flat,1048576,524288,malloc,./malloc/./malloc/malloc.c,./malloc/./malloc/malloc.c:_int_malloc [/usr/lib/x86_64-linux-gnu/libc.so.6],0.0003,0.0001,0.0,0.0,0.0,0.0,0.0,0.0,0.0,0.0,0.0,0.0,0.0,0.0,0.0
main__libcxx__P__alg_flat_n_1048576_u_524288,libcxx,P,flat,1048576,524288,malloc,./malloc/./malloc/malloc.c,./malloc/./malloc/malloc.c:sysmalloc_mmap.isra.0 [/usr/lib/x86_64-linux-gnu/libc.so.6],0.0001,0.0,0.0,0.0,0.0,0.0,0.0,0.0,0.0,0.0,0.0,0.0,0.0,0.0,0.0
main__libcxx__P__alg_flat_n_1048576_u_524288,libcxx,P,flat,1048576,524288,raw_hash_set,=> /usr/lib/llvm-18/bin/../include/c++/v1/vector,"=> /usr/lib/llvm-18/bin/../include/c++/v1/vector:void std::__1::vector<unsigned long, std::__1::allocator<unsigned long> >::__assign_with_size[abi:ne180100]<abs",14.3314,2.5,0.5,0.0,0.1384,0.0313,0.0,0.0787,0.0313,3.0,0.5938,0.0,0.0,0.11,0.1697
main__libcxx__P__alg_flat_phased_n_1048576_u_1048576,libcxx,P,flat_phased,1048576,1048576,measured_call,counters.cpp,counters.cpp:measured_call [/home/user/conference-hardfest-algorithms/bench/deep/counters/build/counters_libcxx],116.9883,19.1599,10.0711,0.0001,1.221,1.0576,0.0001,0.1611,0.3528,14.1044,1.8378,0.0,0.0,0.5139,2.2786
main__libcxx__P__alg_flat_phased_n_1048576_u_1048576,libcxx,P,flat_phased,1048576,1048576,phase_insert,counters.cpp,"counters.cpp:void phase_insert<absl::lts_20260817::flat_hash_set<unsigned long, absl::lts_20260817::hash_internal::Hash<unsigned long>, std::__1::equal_to<unsig",86.8077,14.1598,9.071,0.0,1.0648,0.9951,0.0,0.0672,0.2903,7.1042,0.0428,0.0,0.0,0.3574,2.0598
main__libcxx__P__alg_flat_phased_n_1048576_u_1048576,libcxx,P,flat_phased,1048576,1048576,phase_insert,../../build/abseil-cpp/absl/container/internal/raw_hash_set.h,"../../build/abseil-cpp/absl/container/internal/raw_hash_set.h:void phase_insert<absl::lts_20260817::flat_hash_set<unsigned long, absl::lts_20260817::hash_intern",67.6803,10.128,7.071,0.0,0.0,0.0156,0.0,0.0,0.0156,6.1042,0.0428,0.0,0.0,0.0156,0.0156
main__libcxx__P__alg_flat_phased_n_1048576_u_1048576,libcxx,P,flat_phased,1048576,1048576,phase_dump,counters.cpp,"counters.cpp:void phase_dump<absl::lts_20260817::flat_hash_set<unsigned long, absl::lts_20260817::hash_internal::Hash<unsigned long>, std::__1::equal_to<unsigne",30.1798,5.0,1.0,0.0,0.1562,0.0625,0.0,0.0939,0.0625,7.0,1.7949,0.0,0.0,0.1564,0.2187
main__libcxx__P__alg_flat_phased_n_1048576_u_1048576,libcxx,P,flat_phased,1048576,1048576,phase_dump,/usr/lib/llvm-18/bin/../include/c++/v1/vector,"/usr/lib/llvm-18/bin/../include/c++/v1/vector:void phase_dump<absl::lts_20260817::flat_hash_set<unsigned long, absl::lts_20260817::hash_internal::Hash<unsigned ",18.3933,3.0,1.0,0.0,0.1406,0.0625,0.0,0.0939,0.0625,4.0,0.8975,0.0,0.0,0.1564,0.2031
main__libcxx__P__alg_flat_phased_n_1048576_u_1048576,libcxx,P,flat_phased,1048576,1048576,raw_hash_set,/usr/lib/llvm-18/bin/../include/c++/v1/vector,"/usr/lib/llvm-18/bin/../include/c++/v1/vector:void std::__1::vector<unsigned long, std::__1::allocator<unsigned long> >::__assign_with_size[abi:ne180100]<absl::",18.3933,3.0,1.0,0.0,0.1406,0.0625,0.0,0.0939,0.0625,4.0,0.8975,0.0,0.0,0.1564,0.2031
main__libcxx__P__alg_flat_phased_n_1048576_u_1048576,libcxx,P,flat_phased,1048576,1048576,phase_insert,/usr/lib/llvm-18/bin/../include/c++/v1/__iterator/wrap_iter.h,"/usr/lib/llvm-18/bin/../include/c++/v1/__iterator/wrap_iter.h:void phase_insert<absl::lts_20260817::flat_hash_set<unsigned long, absl::lts_20260817::hash_intern",2.0,0.0,0.0,0.0,0.0,0.0,0.0,0.0,0.0,0.0,0.0,0.0,0.0,0.0,0.0
main__libcxx__P__alg_flat_phased_n_1048576_u_1048576,libcxx,P,flat_phased,1048576,1048576,phase_insert,../../build/abseil-cpp/absl/hash/internal/hash.h,"../../build/abseil-cpp/absl/hash/internal/hash.h:void phase_insert<absl::lts_20260817::flat_hash_set<unsigned long, absl::lts_20260817::hash_internal::Hash<unsi",2.0,0.0,0.0,0.0,0.0,0.0,0.0,0.0,0.0,0.0,0.0,0.0,0.0,0.0,0.0
main__libcxx__P__alg_flat_phased_n_1048576_u_1048576,libcxx,P,flat_phased,1048576,1048576,phase_dump,../../build/abseil-cpp/absl/container/internal/hashtable_control_bytes.h,"../../build/abseil-cpp/absl/container/internal/hashtable_control_bytes.h:void phase_dump<absl::lts_20260817::flat_hash_set<unsigned long, absl::lts_20260817::ha",2.0,0.0,0.0,0.0,0.0,0.0,0.0,0.0,0.0,0.0,0.0,0.0,0.0,0.0,0.0
main__libcxx__P__alg_flat_phased_n_1048576_u_1048576,libcxx,P,flat_phased,1048576,1048576,raw_hash_set,../../build/abseil-cpp/absl/container/internal/hashtable_control_bytes.h,"../../build/abseil-cpp/absl/container/internal/hashtable_control_bytes.h:void std::__1::vector<unsigned long, std::__1::allocator<unsigned long> >::__assign_wit",2.0,0.0,0.0,0.0,0.0,0.0,0.0,0.0,0.0,0.0,0.0,0.0,0.0,0.0,0.0
main__libcxx__P__alg_flat_phased_n_1048576_u_1048576,libcxx,P,flat_phased,1048576,1048576,phase_insert,../../build/abseil-cpp/absl/base/prefetch.h,"../../build/abseil-cpp/absl/base/prefetch.h:void phase_insert<absl::lts_20260817::flat_hash_set<unsigned long, absl::lts_20260817::hash_internal::Hash<unsigned ",1.0003,0.0,0.0,0.0,0.0,0.0,0.0,0.0,0.0,0.0,0.0,0.0,0.0,0.0,0.0
main__libcxx__P__alg_flat_phased_n_1048576_u_1048576,libcxx,P,flat_phased,1048576,1048576,phase_insert,../../build/abseil-cpp/absl/numeric/int128.h,"../../build/abseil-cpp/absl/numeric/int128.h:void phase_insert<absl::lts_20260817::flat_hash_set<unsigned long, absl::lts_20260817::hash_internal::Hash<unsigned",1.0,0.0,0.0,0.0,0.0,0.0,0.0,0.0,0.0,0.0,0.0,0.0,0.0,0.0,0.0
main__libcxx__P__alg_flat_phased_n_1048576_u_1048576,libcxx,P,flat_phased,1048576,1048576,operator new,???,???:operator new(unsigned long) [???],0.0009,0.0002,0.0001,0.0,0.0,0.0,0.0,0.0,0.0,0.0002,0.0,0.0,0.0,0.0,0.0
main__libcxx__P__alg_flat_phased_n_1048576_u_1048576,libcxx,P,flat_phased,1048576,1048576,malloc,./malloc/./malloc/malloc.c,./malloc/./malloc/malloc.c:malloc [/usr/lib/x86_64-linux-gnu/libc.so.6],0.0009,0.0001,0.0001,0.0,0.0,0.0,0.0,0.0,0.0,0.0002,0.0,0.0,0.0,0.0,0.0
main__libcxx__P__alg_flat_phased_n_1048576_u_1048576,libcxx,P,flat_phased,1048576,1048576,malloc,./malloc/./malloc/malloc.c,./malloc/./malloc/malloc.c:_int_malloc [/usr/lib/x86_64-linux-gnu/libc.so.6],0.0008,0.0001,0.0001,0.0,0.0,0.0,0.0,0.0,0.0,0.0002,0.0,0.0,0.0,0.0,0.0
main__libcxx__P__alg_flat_phased_n_1048576_u_1048576,libcxx,P,flat_phased,1048576,1048576,unique,/usr/lib/llvm-18/bin/../include/c++/v1/__memory/unique_ptr.h,"/usr/lib/llvm-18/bin/../include/c++/v1/__memory/unique_ptr.h:alg_flat_phased(std::__1::vector<unsigned long, std::__1::allocator<unsigned long> >&, Ctx const&)",0.0005,0.0001,0.0,0.0,0.0,0.0,0.0,0.0,0.0,0.0001,0.0,0.0,0.0,0.0,0.0
main__libcxx__P__alg_flat_phased_n_1048576_u_1048576,libcxx,P,flat_phased,1048576,1048576,phase_dtor,counters.cpp,"counters.cpp:void phase_dtor<absl::lts_20260817::flat_hash_set<unsigned long, absl::lts_20260817::hash_internal::Hash<unsigned long>, std::__1::equal_to<unsigne",0.0002,0.0001,0.0,0.0,0.0,0.0,0.0,0.0,0.0,0.0,0.0,0.0,0.0,0.0,0.0
main__libcxx__P__alg_flat_phased_n_1048576_u_1048576,libcxx,P,flat_phased,1048576,1048576,operator delete,???,???:operator delete(void*) [/usr/lib/llvm-18/lib/libc++abi.so.1.0],0.0002,0.0,0.0,0.0,0.0,0.0,0.0,0.0,0.0,0.0,0.0,0.0,0.0,0.0,0.0
main__libcxx__P__alg_flat_phased_n_1048576_u_1048576,libcxx,P,flat_phased,1048576,1048576,malloc,./malloc/./malloc/malloc.c,./malloc/./malloc/malloc.c:free [/usr/lib/x86_64-linux-gnu/libc.so.6],0.0001,0.0,0.0,0.0,0.0,0.0,0.0,0.0,0.0,0.0,0.0,0.0,0.0,0.0,0.0
main__libcxx__P__alg_flat_phased_n_1048576_u_1048576,libcxx,P,flat_phased,1048576,1048576,phase_dtor,../../build/abseil-cpp/absl/container/internal/raw_hash_set.h,"../../build/abseil-cpp/absl/container/internal/raw_hash_set.h:void phase_dtor<absl::lts_20260817::flat_hash_set<unsigned long, absl::lts_20260817::hash_internal",0.0001,0.0,0.0,0.0,0.0,0.0,0.0,0.0,0.0,0.0,0.0,0.0,0.0,0.0,0.0
main__libcxx__P__alg_flat_phased_n_1048576_u_1048576,libcxx,P,flat_phased,1048576,1048576,malloc,./malloc/./malloc/malloc.c,./malloc/./malloc/malloc.c:sysmalloc_mmap.isra.0 [/usr/lib/x86_64-linux-gnu/libc.so.6],0.0001,0.0,0.0,0.0,0.0,0.0,0.0,0.0,0.0,0.0,0.0,0.0,0.0,0.0,0.0
main__libcxx__P__alg_flat_phased_n_1048576_u_1048576,libcxx,P,flat_phased,1048576,1048576,phase_insert,=> counters.cpp,"=> counters.cpp:void phase_insert<absl::lts_20260817::flat_hash_set<unsigned long, absl::lts_20260817::hash_internal::Hash<unsigned long>, std::__1::equal_to<un",86.8077,14.1598,9.071,0.0,1.0648,0.9951,0.0,0.0672,0.2903,7.1042,0.0428,0.0,0.0,0.3574,2.0598
main__libcxx__P__alg_flat_phased_n_1048576_u_1048576,libcxx,P,flat_phased,1048576,1048576,phase_dump,=> counters.cpp,"=> counters.cpp:void phase_dump<absl::lts_20260817::flat_hash_set<unsigned long, absl::lts_20260817::hash_internal::Hash<unsigned long>, std::__1::equal_to<unsi",30.1798,5.0,1.0,0.0,0.1562,0.0625,0.0,0.0939,0.0625,7.0,1.7949,0.0,0.0,0.1564,0.2187
main__libcxx__P__alg_flat_phased_n_1048576_u_1048576,libcxx,P,flat_phased,1048576,1048576,phase_dtor,=> counters.cpp,"=> counters.cpp:void phase_dtor<absl::lts_20260817::flat_hash_set<unsigned long, absl::lts_20260817::hash_internal::Hash<unsigned long>, std::__1::equal_to<unsi",0.0002,0.0001,0.0,0.0,0.0,0.0,0.0,0.0,0.0,0.0,0.0,0.0,0.0,0.0,0.0
main__libcxx__P__alg_flat_phased_n_1048576_u_1048576,libcxx,P,flat_phased,1048576,1048576,operator new,=> ???,=> ???:operator new(unsigned long) (1x),0.0005,0.0001,0.0,0.0,0.0,0.0,0.0,0.0,0.0,0.0001,0.0,0.0,0.0,0.0,0.0
main__libcxx__P__alg_flat_phased_n_1048576_u_1048576,libcxx,P,flat_phased,1048576,1048576,raw_hash_set,=> /usr/lib/llvm-18/bin/../include/c++/v1/vector,"=> /usr/lib/llvm-18/bin/../include/c++/v1/vector:void std::__1::vector<unsigned long, std::__1::allocator<unsigned long> >::__assign_with_size[abi:ne180100]<abs",18.3933,3.0,1.0,0.0,0.1406,0.0625,0.0,0.0939,0.0625,4.0,0.8975,0.0,0.0,0.1564,0.2031
main__libcxx__P__alg_flat_phased_n_1048576_u_1048576,libcxx,P,flat_phased,1048576,1048576,raw_hash_set,,<counts for unidentified lines in ../../build/abseil-cpp/absl/container/internal/raw_hash_set.h>,9.0314,0.0,0.0,0.0,0.0,0.0,0.0,0.0,0.0,0.0,0.0,0.0,0.0,0.0,0.0
main__libcxx__P__alg_flat_phased_n_1048576_u_524288,libcxx,P,flat_phased,1048576,524288,measured_call,counters.cpp,counters.cpp:measured_call [/home/user/conference-hardfest-algorithms/bench/deep/counters/build/counters_libcxx],90.3183,14.0719,6.5356,0.0001,1.6926,0.541,0.0001,0.2027,0.2188,12.0368,1.5449,0.0,0.0,0.4215,2.2336
main__libcxx__P__alg_flat_phased_n_1048576_u_524288,libcxx,P,flat_phased,1048576,524288,phase_insert,counters.cpp,"counters.cpp:void phase_insert<absl::lts_20260817::flat_hash_set<unsigned long, absl::lts_20260817::hash_internal::Hash<unsigned long>, std::__1::equal_to<unsig",65.8234,9.5718,6.0355,0.0,1.5385,0.5098,0.0,0.124,0.1876,6.5367,0.3568,0.0,0.0,0.3115,2.0483
main__libcxx__P__alg_flat_phased_n_1048576_u_524288,libcxx,P,flat_phased,1048576,524288,phase_insert,../../build/abseil-cpp/absl/container/internal/raw_hash_set.h,"../../build/abseil-cpp/absl/container/internal/raw_hash_set.h:void phase_insert<absl::lts_20260817::flat_hash_set<unsigned long, absl::lts_20260817::hash_intern",48.7904,6.0636,4.5355,0.0,0.0,0.0156,0.0,0.0,0.0156,5.5367,0.3568,0.0,0.0,0.0156,0.0156
main__libcxx__P__alg_flat_phased_n_1048576_u_524288,libcxx,P,flat_phased,1048576,524288,phase_dump,counters.cpp,"counters.cpp:void phase_dump<absl::lts_20260817::flat_hash_set<unsigned long, absl::lts_20260817::hash_internal::Hash<unsigned long>, std::__1::equal_to<unsigne",24.4944,4.5,0.5,0.0,0.154,0.0313,0.0,0.0787,0.0313,5.5,1.188,0.0,0.0,0.11,0.1853
main__libcxx__P__alg_flat_phased_n_1048576_u_524288,libcxx,P,flat_phased,1048576,524288,phase_dump,/usr/lib/llvm-18/bin/../include/c++/v1/vector,"/usr/lib/llvm-18/bin/../include/c++/v1/vector:void phase_dump<absl::lts_20260817::flat_hash_set<unsigned long, absl::lts_20260817::hash_internal::Hash<unsigned ",14.3315,2.5,0.5,0.0,0.1384,0.0313,0.0,0.0787,0.0313,3.0,0.5938,0.0,0.0,0.11,0.1697
main__libcxx__P__alg_flat_phased_n_1048576_u_524288,libcxx,P,flat_phased,1048576,524288,raw_hash_set,/usr/lib/llvm-18/bin/../include/c++/v1/vector,"/usr/lib/llvm-18/bin/../include/c++/v1/vector:void std::__1::vector<unsigned long, std::__1::allocator<unsigned long> >::__assign_with_size[abi:ne180100]<absl::",14.3314,2.5,0.5,0.0,0.1384,0.0313,0.0,0.0787,0.0313,3.0,0.5938,0.0,0.0,0.11,0.1697
main__libcxx__P__alg_flat_phased_n_1048576_u_524288,libcxx,P,flat_phased,1048576,524288,phase_insert,/usr/lib/llvm-18/bin/../include/c++/v1/__iterator/wrap_iter.h,"/usr/lib/llvm-18/bin/../include/c++/v1/__iterator/wrap_iter.h:void phase_insert<absl::lts_20260817::flat_hash_set<unsigned long, absl::lts_20260817::hash_intern",2.0,0.0,0.0,0.0,0.0,0.0,0.0,0.0,0.0,0.0,0.0,0.0,0.0,0.0,0.0
main__libcxx__P__alg_flat_phased_n_1048576_u_524288,libcxx,P,flat_phased,1048576,524288,phase_dump,../../build/abseil-cpp/absl/container/internal/hashtable_control_bytes.h,"../../build/abseil-cpp/absl/container/internal/hashtable_control_bytes.h:void phase_dump<absl::lts_20260817::flat_hash_set<unsigned long, absl::lts_20260817::ha",2.0,0.0,0.0,0.0,0.0,0.0,0.0,0.0,0.0,0.0,0.0,0.0,0.0,0.0,0.0
main__libcxx__P__alg_flat_phased_n_1048576_u_524288,libcxx,P,flat_phased,1048576,524288,phase_insert,../../build/abseil-cpp/absl/hash/internal/hash.h,"../../build/abseil-cpp/absl/hash/internal/hash.h:void phase_insert<absl::lts_20260817::flat_hash_set<unsigned long, absl::lts_20260817::hash_internal::Hash<unsi",2.0,0.0,0.0,0.0,0.0,0.0,0.0,0.0,0.0,0.0,0.0,0.0,0.0,0.0,0.0
main__libcxx__P__alg_flat_phased_n_1048576_u_524288,libcxx,P,flat_phased,1048576,524288,raw_hash_set,../../build/abseil-cpp/absl/container/internal/hashtable_control_bytes.h,"../../build/abseil-cpp/absl/container/internal/hashtable_control_bytes.h:void std::__1::vector<unsigned long, std::__1::allocator<unsigned long> >::__assign_wit",2.0,0.0,0.0,0.0,0.0,0.0,0.0,0.0,0.0,0.0,0.0,0.0,0.0,0.0,0.0
main__libcxx__P__alg_flat_phased_n_1048576_u_524288,libcxx,P,flat_phased,1048576,524288,phase_insert,../../build/abseil-cpp/absl/base/prefetch.h,"../../build/abseil-cpp/absl/base/prefetch.h:void phase_insert<absl::lts_20260817::flat_hash_set<unsigned long, absl::lts_20260817::hash_internal::Hash<unsigned ",1.0,0.0,0.0,0.0,0.0,0.0,0.0,0.0,0.0,0.0,0.0,0.0,0.0,0.0,0.0
main__libcxx__P__alg_flat_phased_n_1048576_u_524288,libcxx,P,flat_phased,1048576,524288,phase_insert,../../build/abseil-cpp/absl/numeric/int128.h,"../../build/abseil-cpp/absl/numeric/int128.h:void phase_insert<absl::lts_20260817::flat_hash_set<unsigned long, absl::lts_20260817::hash_internal::Hash<unsigned",1.0,0.0,0.0,0.0,0.0,0.0,0.0,0.0,0.0,0.0,0.0,0.0,0.0,0.0,0.0
main__libcxx__P__alg_flat_phased_n_1048576_u_524288,libcxx,P,flat_phased,1048576,524288,operator new,???,???:operator new(unsigned long) [???],0.0005,0.0001,0.0001,0.0,0.0,0.0,0.0,0.0,0.0,0.0001,0.0,0.0,0.0,0.0,0.0
main__libcxx__P__alg_flat_phased_n_1048576_u_524288,libcxx,P,flat_phased,1048576,524288,malloc,./malloc/./malloc/malloc.c,./malloc/./malloc/malloc.c:malloc [/usr/lib/x86_64-linux-gnu/libc.so.6],0.0005,0.0001,0.0001,0.0,0.0,0.0,0.0,0.0,0.0,0.0001,0.0,0.0,0.0,0.0,0.0
main__libcxx__P__alg_flat_phased_n_1048576_u_524288,libcxx,P,flat_phased,1048576,524288,malloc,./malloc/./malloc/malloc.c,./malloc/./malloc/malloc.c:_int_malloc [/usr/lib/x86_64-linux-gnu/libc.so.6],0.0004,0.0001,0.0,0.0,0.0,0.0,0.0,0.0,0.0,0.0001,0.0,0.0,0.0,0.0,0.0
main__libcxx__P__alg_flat_phased_n_1048576_u_524288,libcxx,P,flat_phased,1048576,524288,phase_dtor,counters.cpp,"counters.cpp:void phase_dtor<absl::lts_20260817::flat_hash_set<unsigned long, absl::lts_20260817::hash_internal::Hash<unsigned long>, std::__1::equal_to<unsigne",0.0002,0.0001,0.0,0.0,0.0,0.0,0.0,0.0,0.0,0.0,0.0,0.0,0.0,0.0,0.0
main__libcxx__P__alg_flat_phased_n_1048576_u_524288,libcxx,P,flat_phased,1048576,524288,unique,/usr/lib/llvm-18/bin/../include/c++/v1/__memory/unique_ptr.h,"/usr/lib/llvm-18/bin/../include/c++/v1/__memory/unique_ptr.h:alg_flat_phased(std::__1::vector<unsigned long, std::__1::allocator<unsigned long> >&, Ctx const&)",0.0002,0.0,0.0,0.0,0.0,0.0,0.0,0.0,0.0,0.0,0.0,0.0,0.0,0.0,0.0
main__libcxx__P__alg_flat_phased_n_1048576_u_524288,libcxx,P,flat_phased,1048576,524288,operator delete,???,???:operator delete(void*) [/usr/lib/llvm-18/lib/libc++abi.so.1.0],0.0002,0.0,0.0,0.0,0.0,0.0,0.0,0.0,0.0,0.0,0.0,0.0,0.0,0.0,0.0
main__libcxx__P__alg_flat_phased_n_1048576_u_524288,libcxx,P,flat_phased,1048576,524288,malloc,./malloc/./malloc/malloc.c,./malloc/./malloc/malloc.c:free [/usr/lib/x86_64-linux-gnu/libc.so.6],0.0001,0.0,0.0,0.0,0.0,0.0,0.0,0.0,0.0,0.0,0.0,0.0,0.0,0.0,0.0
main__libcxx__P__alg_flat_phased_n_1048576_u_524288,libcxx,P,flat_phased,1048576,524288,phase_dtor,../../build/abseil-cpp/absl/container/internal/raw_hash_set.h,"../../build/abseil-cpp/absl/container/internal/raw_hash_set.h:void phase_dtor<absl::lts_20260817::flat_hash_set<unsigned long, absl::lts_20260817::hash_internal",0.0001,0.0,0.0,0.0,0.0,0.0,0.0,0.0,0.0,0.0,0.0,0.0,0.0,0.0,0.0
main__libcxx__P__alg_flat_phased_n_1048576_u_524288,libcxx,P,flat_phased,1048576,524288,malloc,./malloc/./malloc/malloc.c,./malloc/./malloc/malloc.c:sysmalloc_mmap.isra.0 [/usr/lib/x86_64-linux-gnu/libc.so.6],0.0001,0.0,0.0,0.0,0.0,0.0,0.0,0.0,0.0,0.0,0.0,0.0,0.0,0.0,0.0
main__libcxx__P__alg_flat_phased_n_1048576_u_524288,libcxx,P,flat_phased,1048576,524288,raw_hash_set,=> /usr/lib/llvm-18/bin/../include/c++/v1/vector,"=> /usr/lib/llvm-18/bin/../include/c++/v1/vector:void std::__1::vector<unsigned long, std::__1::allocator<unsigned long> >::__assign_with_size[abi:ne180100]<abs",14.3314,2.5,0.5,0.0,0.1384,0.0313,0.0,0.0787,0.0313,3.0,0.5938,0.0,0.0,0.11,0.1697
main__libcxx__P__alg_flat_phased_n_1048576_u_524288,libcxx,P,flat_phased,1048576,524288,phase_insert,=> counters.cpp,"=> counters.cpp:void phase_insert<absl::lts_20260817::flat_hash_set<unsigned long, absl::lts_20260817::hash_internal::Hash<unsigned long>, std::__1::equal_to<un",65.8234,9.5718,6.0355,0.0,1.5385,0.5098,0.0,0.124,0.1876,6.5367,0.3568,0.0,0.0,0.3115,2.0483
main__libcxx__P__alg_flat_phased_n_1048576_u_524288,libcxx,P,flat_phased,1048576,524288,phase_dump,=> counters.cpp,"=> counters.cpp:void phase_dump<absl::lts_20260817::flat_hash_set<unsigned long, absl::lts_20260817::hash_internal::Hash<unsigned long>, std::__1::equal_to<unsi",24.4944,4.5,0.5,0.0,0.154,0.0313,0.0,0.0787,0.0313,5.5,1.188,0.0,0.0,0.11,0.1853
main__libcxx__P__alg_flat_phased_n_1048576_u_524288,libcxx,P,flat_phased,1048576,524288,phase_dtor,=> counters.cpp,"=> counters.cpp:void phase_dtor<absl::lts_20260817::flat_hash_set<unsigned long, absl::lts_20260817::hash_internal::Hash<unsigned long>, std::__1::equal_to<unsi",0.0002,0.0001,0.0,0.0,0.0,0.0,0.0,0.0,0.0,0.0,0.0,0.0,0.0,0.0,0.0
main__libcxx__P__alg_flat_phased_n_1048576_u_524288,libcxx,P,flat_phased,1048576,524288,operator new,=> ???,=> ???:operator new(unsigned long) (1x),0.0002,0.0,0.0,0.0,0.0,0.0,0.0,0.0,0.0,0.0,0.0,0.0,0.0,0.0,0.0
main__libcxx__P__alg_flat_phased_n_1048576_u_524288,libcxx,P,flat_phased,1048576,524288,raw_hash_set,,<counts for unidentified lines in ../../build/abseil-cpp/absl/container/internal/raw_hash_set.h>,8.5082,0.0,0.0,0.0,0.0,0.0,0.0,0.0,0.0,0.0,0.0,0.0,0.0,0.0,0.0
main__libcxx__P__alg_radix_n_1048576_u_1048576,libcxx,P,radix,1048576,1048576,measured_call,counters.cpp,counters.cpp:measured_call [/home/user/conference-hardfest-algorithms/bench/deep/counters/build/counters_libcxx],106.0175,19.0027,24.0102,0.0001,0.6255,0.9715,0.0001,0.0005,0.0629,7.0086,0.0002,0.0,0.0,0.0634,1.5971
main__libcxx__P__alg_radix_n_1048576_u_1048576,libcxx,P,radix,1048576,1048576,unique,/usr/lib/llvm-18/bin/../include/c++/v1/__memory/unique_ptr.h,"/usr/lib/llvm-18/bin/../include/c++/v1/__memory/unique_ptr.h:alg_radix(std::__1::vector<unsigned long, std::__1::allocator<unsigned long> >&, Ctx const&)",0.0008,0.0003,0.0002,0.0,0.0001,0.0,0.0,0.0001,0.0,0.0001,0.0,0.0,0.0,0.0001,0.0001
main__libcxx__P__alg_radix_n_1048576_u_1048576,libcxx,P,radix,1048576,1048576,operator new,???,???:operator new[](unsigned long) [???],0.0007,0.0002,0.0001,0.0001,0.0,0.0,0.0001,0.0,0.0,0.0001,0.0,0.0,0.0,0.0,0.0
main__libcxx__P__alg_radix_n_1048576_u_1048576,libcxx,P,radix,1048576,1048576,operator new,???,???:operator new(unsigned long) [???],0.0007,0.0002,0.0001,0.0001,0.0,0.0,0.0001,0.0,0.0,0.0001,0.0,0.0,0.0,0.0,0.0
main__libcxx__P__alg_radix_n_1048576_u_1048576,libcxx,P,radix,1048576,1048576,malloc,./malloc/./malloc/malloc.c,./malloc/./malloc/malloc.c:malloc [/usr/lib/x86_64-linux-gnu/libc.so.6],0.0007,0.0002,0.0001,0.0001,0.0,0.0,0.0001,0.0,0.0,0.0001,0.0,0.0,0.0,0.0,0.0
main__libcxx__P__alg_radix_n_1048576_u_1048576,libcxx,P,radix,1048576,1048576,malloc,./malloc/./malloc/malloc.c,./malloc/./malloc/malloc.c:_int_malloc [/usr/lib/x86_64-linux-gnu/libc.so.6],0.0006,0.0001,0.0001,0.0,0.0,0.0,0.0,0.0,0.0,0.0001,0.0,0.0,0.0,0.0,0.0
main__libcxx__P__alg_radix_n_1048576_u_1048576,libcxx,P,radix,1048576,1048576,operator new,=> ???,=> ???:operator new[](unsigned long) (1x),0.0007,0.0002,0.0001,0.0001,0.0,0.0,0.0001,0.0,0.0,0.0001,0.0,0.0,0.0,0.0,0.0
main__libcxx__P__alg_radix_n_1048576_u_524288,libcxx,P,radix,1048576,524288,measured_call,counters.cpp,counters.cpp:measured_call [/home/user/conference-hardfest-algorithms/bench/deep/counters/build/counters_libcxx],107.5171,18.0025,24.5101,0.0001,0.6252,0.6147,0.0001,0.0005,0.0628,7.0086,0.4299,0.0,0.0,0.0633,1.2399
main__libcxx__P__alg_radix_n_1048576_u_524288,libcxx,P,radix,1048576,524288,unique,/usr/lib/llvm-18/bin/../include/c++/v1/__memory/unique_ptr.h,"/usr/lib/llvm-18/bin/../include/c++/v1/__memory/unique_ptr.h:alg_radix(std::__1::vector<unsigned long, std::__1::allocator<unsigned long> >&, Ctx const&)",0.0008,0.0003,0.0001,0.0,0.0001,0.0,0.0,0.0001,0.0,0.0001,0.0,0.0,0.0,0.0001,0.0001
main__libcxx__P__alg_radix_n_1048576_u_524288,libcxx,P,radix,1048576,524288,operator new,???,???:operator new[](unsigned long) [???],0.0003,0.0001,0.0,0.0,0.0,0.0,0.0,0.0,0.0,0.0,0.0,0.0,0.0,0.0,0.0
main__libcxx__P__alg_radix_n_1048576_u_524288,libcxx,P,radix,1048576,524288,operator new,???,???:operator new(unsigned long) [???],0.0003,0.0001,0.0,0.0,0.0,0.0,0.0,0.0,0.0,0.0,0.0,0.0,0.0,0.0,0.0
main__libcxx__P__alg_radix_n_1048576_u_524288,libcxx,P,radix,1048576,524288,malloc,./malloc/./malloc/malloc.c,./malloc/./malloc/malloc.c:malloc [/usr/lib/x86_64-linux-gnu/libc.so.6],0.0003,0.0001,0.0,0.0,0.0,0.0,0.0,0.0,0.0,0.0,0.0,0.0,0.0,0.0,0.0
main__libcxx__P__alg_radix_n_1048576_u_524288,libcxx,P,radix,1048576,524288,malloc,./malloc/./malloc/malloc.c,./malloc/./malloc/malloc.c:_int_malloc [/usr/lib/x86_64-linux-gnu/libc.so.6],0.0003,0.0001,0.0,0.0,0.0,0.0,0.0,0.0,0.0,0.0,0.0,0.0,0.0,0.0,0.0
main__libcxx__P__alg_radix_n_1048576_u_524288,libcxx,P,radix,1048576,524288,malloc,./malloc/./malloc/malloc.c,./malloc/./malloc/malloc.c:sysmalloc_mmap.isra.0 [/usr/lib/x86_64-linux-gnu/libc.so.6],0.0001,0.0,0.0,0.0,0.0,0.0,0.0,0.0,0.0,0.0,0.0,0.0,0.0,0.0,0.0
main__libcxx__P__alg_radix_n_1048576_u_524288,libcxx,P,radix,1048576,524288,operator new,=> ???,=> ???:operator new[](unsigned long) (1x),0.0003,0.0001,0.0,0.0,0.0,0.0,0.0,0.0,0.0,0.0,0.0,0.0,0.0,0.0,0.0
main__libcxx__P__alg_sort_n_1048576_u_1048576,libcxx,P,sort,1048576,1048576,measured_call,counters.cpp,counters.cpp:measured_call [/home/user/conference-hardfest-algorithms/bench/deep/counters/build/counters_libcxx],136.2625,26.4496,12.9309,0.0,0.5257,0.0006,0.0,0.0,0.0,30.0809,8.6851,0.0069,0.005,0.0,0.5263
main__libcxx__P__alg_sort_n_1048576_u_1048576,libcxx,P,sort,1048576,1048576,__sort,???,"???:void std::__1::__sort<std::__1::__less<unsigned long, unsigned long>&, unsigned long*>(unsigned long*, unsigned long*, std::__1::__less<unsigned long, unsig",129.2625,24.4496,12.9309,0.0,0.4632,0.0006,0.0,0.0,0.0,28.0809,8.6851,0.0069,0.005,0.0,0.4638
main__libcxx__P__alg_sort_n_1048576_u_1048576,libcxx,P,sort,1048576,1048576,__sort,=> ???,"=> ???:void std::__1::__sort<std::__1::__less<unsigned long, unsigned long>&, unsigned long*>(unsigned long*, unsigned long*, std::__1::__less<unsigned long, un",129.2625,24.4496,12.9309,0.0,0.4632,0.0006,0.0,0.0,0.0,28.0809,8.6851,0.0069,0.005,0.0,0.4638
main__libcxx__P__alg_sort_n_1048576_u_524288,libcxx,P,sort,1048576,524288,measured_call,counters.cpp,counters.cpp:measured_call [/home/user/conference-hardfest-algorithms/bench/deep/counters/build/counters_libcxx],135.7449,25.0821,13.0152,0.0,0.526,0.0311,0.0,0.0,0.0,29.7283,9.0993,0.0067,0.005,0.0,0.5571
main__libcxx__P__alg_sort_n_1048576_u_524288,libcxx,P,sort,1048576,524288,__sort,???,"???:void std::__1::__sort<std::__1::__less<unsigned long, unsigned long>&, unsigned long*>(unsigned long*, unsigned long*, std::__1::__less<unsigned long, unsig",127.2449,24.0821,12.5152,0.0,0.4635,0.0006,0.0,0.0,0.0,27.7283,8.6696,0.0067,0.005,0.0,0.4641
main__libcxx__P__alg_sort_n_1048576_u_524288,libcxx,P,sort,1048576,524288,__sort,=> ???,"=> ???:void std::__1::__sort<std::__1::__less<unsigned long, unsigned long>&, unsigned long*>(unsigned long*, unsigned long*, std::__1::__less<unsigned long, un",127.2449,24.0821,12.5152,0.0,0.4635,0.0006,0.0,0.0,0.0,27.7283,8.6696,0.0067,0.005,0.0,0.4641
main__libcxx__P__alg_uset_n_1048576_u_1048576,libcxx,P,uset,1048576,1048576,measured_call,counters.cpp,counters.cpp:measured_call [/home/user/conference-hardfest-algorithms/bench/deep/counters/build/counters_libcxx],539.1305,124.1458,71.1122,0.0001,5.4187,0.3751,0.0001,2.1099,0.375,80.855,2.1409,4.0,0.0,2.4849,5.7938
main__libcxx__P__alg_uset_n_1048576_u_1048576,libcxx,P,uset,1048576,1048576,__hash_table,/usr/lib/llvm-18/bin/../include/c++/v1/__hash_table,"/usr/lib/llvm-18/bin/../include/c++/v1/__hash_table:alg_uset(std::__1::vector<unsigned long, std::__1::allocator<unsigned long> >&, Ctx const&)",325.7987,66.6456,39.3287,0.0001,3.0079,0.3126,0.0001,1.2733,0.3125,45.5057,1.0982,2.0,0.0,1.5858,3.3205
main__libcxx__P__alg_uset_n_1048576_u_1048576,libcxx,P,uset,1048576,1048576,__hash_table,/usr/lib/llvm-18/bin/../include/c++/v1/__hash_table,"/usr/lib/llvm-18/bin/../include/c++/v1/__hash_table:std::__1::pair<std::__1::__hash_iterator<std::__1::__hash_node<unsigned long, void*>*>, bool> std::__1::__ha",314.0479,63.6454,37.3286,0.0,1.8031,0.2501,0.0,0.6022,0.25,44.2555,1.0981,2.0,0.0,0.8522,2.0531
main__libcxx__P__alg_uset_n_1048576_u_1048576,libcxx,P,uset,1048576,1048576,__hash_table,/usr/lib/llvm-18/bin/../include/c++/v1/new,"/usr/lib/llvm-18/bin/../include/c++/v1/new:std::__1::pair<std::__1::__hash_iterator<std::__1::__hash_node<unsigned long, void*>*>, bool> std::__1::__hash_table<",212.9314,43.016,23.0625,0.0,0.0005,0.2501,0.0,0.0,0.25,32.0271,0.0002,2.0,0.0,0.25,0.2505
main__libcxx__P__alg_uset_n_1048576_u_1048576,libcxx,P,uset,1048576,1048576,operator new,???,???:operator new(unsigned long) [???],208.9321,42.0162,22.0626,0.0001,0.0005,0.2501,0.0001,0.0,0.25,32.0272,0.0003,1.0,0.0,0.25,0.2506
main__libcxx__P__alg_uset_n_1048576_u_1048576,libcxx,P,uset,1048576,1048576,operator delete,???,???:operator delete(void*) [/usr/lib/llvm-18/lib/libc++abi.so.1.0],196.3318,53.5003,28.7835,0.0,1.6477,0.0,0.0,0.3727,0.0,32.3493,1.0427,1.0,0.0,0.3727,1.6477
main__libcxx__P__alg_uset_n_1048576_u_1048576,libcxx,P,uset,1048576,1048576,malloc,./malloc/./malloc/malloc.c,./malloc/./malloc/malloc.c:malloc [/usr/lib/x86_64-linux-gnu/libc.so.6],189.9321,38.0162,18.0626,0.0001,0.0005,0.2501,0.0001,0.0,0.25,31.0272,0.0003,0.0,0.0,0.25,0.2506
main__libcxx__P__alg_uset_n_1048576_u_1048576,libcxx,P,uset,1048576,1048576,malloc,./malloc/./malloc/malloc.c,./malloc/./malloc/malloc.c:free [/usr/lib/x86_64-linux-gnu/libc.so.6],189.3317,51.5003,27.7835,0.0,1.6477,0.0,0.0,0.3727,0.0,32.3493,1.0427,0.0,0.0,0.3727,1.6477
main__libcxx__P__alg_uset_n_1048576_u_1048576,libcxx,P,uset,1048576,1048576,malloc,./malloc/./malloc/malloc.c,./malloc/./malloc/malloc.c:_int_free [/usr/lib/x86_64-linux-gnu/libc.so.6],158.3319,41.5003,21.7835,0.0,1.6447,0.0,0.0,0.3697,0.0,28.3494,1.0428,0.0,0.0,0.3697,1.6447
main__libcxx__P__alg_uset_n_1048576_u_1048576,libcxx,P,uset,1048576,1048576,malloc,./malloc/./malloc/malloc.c,./malloc/./malloc/malloc.c:_int_malloc [/usr/lib/x86_64-linux-gnu/libc.so.6],142.932,26.0162,13.0626,0.0001,0.0005,0.2501,0.0001,0.0,0.25,21.0272,0.0003,0.0,0.0,0.25,0.2505
main__libcxx__P__alg_uset_n_1048576_u_1048576,libcxx,P,uset,1048576,1048576,malloc,./malloc/./malloc/malloc.c,./malloc/./malloc/malloc.c:_int_free_merge_chunk [/usr/lib/x86_64-linux-gnu/libc.so.6],83.332,22.5003,14.7835,0.0,1.5482,0.0,0.0,0.335,0.0,12.3494,1.0427,0.0,0.0,0.335,1.5482
main__libcxx__P__alg_uset_n_1048576_u_1048576,libcxx,P,uset,1048576,1048576,malloc,./malloc/./malloc/malloc.c,./malloc/./malloc/malloc.c:_int_free_maybe_consolidate [/usr/lib/x86_64-linux-gnu/libc.so.6],83.3318,22.5003,14.7835,0.0,1.5482,0.0,0.0,0.335,0.0,12.3494,1.0427,0.0,0.0,0.335,1.5482
main__libcxx__P__alg_uset_n_1048576_u_1048576,libcxx,P,uset,1048576,1048576,malloc,./malloc/./malloc/malloc.c,./malloc/./malloc/malloc.c:malloc_consolidate [/usr/lib/x86_64-linux-gnu/libc.so.6],83.3318,22.5003,14.7834,0.0,1.5482,0.0,0.0,0.335,0.0,12.3494,1.0427,0.0,0.0,0.335,1.5482
main__libcxx__P__alg_uset_n_1048576_u_1048576,libcxx,P,uset,1048576,1048576,__hash_table,/usr/lib/llvm-18/bin/../include/c++/v1/__memory/unique_ptr.h,"/usr/lib/llvm-18/bin/../include/c++/v1/__memory/unique_ptr.h:std::__1::pair<std::__1::__hash_iterator<std::__1::__hash_node<unsigned long, void*>*>, bool> std::",3.2661,2.633,0.0,0.0,0.0,0.0,0.0,0.0,0.0,0.0,0.0,0.0,0.0,0.0,0.0
main__libcxx__P__alg_uset_n_1048576_u_1048576,libcxx,P,uset,1048576,1048576,rehash,/usr/lib/llvm-18/bin/../include/c++/v1/__hash_table,"/usr/lib/llvm-18/bin/../include/c++/v1/__hash_table:void std::__1::__hash_table<unsigned long, std::__1::hash<unsigned long>, std::__1::equal_to<unsigned long>,",2.7507,1.0002,1.0001,0.0001,0.0,0.0625,0.0001,0.0,0.0625,0.2501,0.0001,0.0,0.0,0.0625,0.0625
main__libcxx__P__alg_uset_n_1048576_u_1048576,libcxx,P,uset,1048576,1048576,__hash_table,/usr/lib/llvm-18/bin/../include/c++/v1/__memory/construct_at.h,"/usr/lib/llvm-18/bin/../include/c++/v1/__memory/construct_at.h:std::__1::pair<std::__1::__hash_iterator<std::__1::__hash_node<unsigned long, void*>*>, bool> std",2.0,1.0,1.0,0.0,0.0,0.0,0.0,0.0,0.0,0.0,0.0,0.0,0.0,0.0,0.0
main__libcxx__P__alg_uset_n_1048576_u_1048576,libcxx,P,uset,1048576,1048576,malloc,./malloc/./malloc/malloc.c,./malloc/./malloc/malloc.c:sysmalloc_mmap_fallback.constprop.0 [/usr/lib/x86_64-linux-gnu/libc.so.6],0.0024,0.0005,0.0004,0.0,0.0,0.0,0.0,0.0,0.0,0.0003,0.0,0.0,0.0,0.0,0.0
main__libcxx__P__alg_uset_n_1048576_u_1048576,libcxx,P,uset,1048576,1048576,rehash,/usr/lib/llvm-18/bin/../include/c++/v1/new,"/usr/lib/llvm-18/bin/../include/c++/v1/new:void std::__1::__hash_table<unsigned long, std::__1::hash<unsigned long>, std::__1::equal_to<unsigned long>, std::__1",0.0007,0.0002,0.0001,0.0001,0.0,0.0,0.0001,0.0,0.0,0.0001,0.0,0.0,0.0,0.0,0.0
main__libcxx__P__alg_uset_n_1048576_u_1048576,libcxx,P,uset,1048576,1048576,__hash_table,=> /usr/lib/llvm-18/bin/../include/c++/v1/__hash_table,"=> /usr/lib/llvm-18/bin/../include/c++/v1/__hash_table:std::__1::pair<std::__1::__hash_iterator<std::__1::__hash_node<unsigned long, void*>*>, bool> std::__1::_",314.0479,63.6454,37.3286,0.0,1.8031,0.2501,0.0,0.6022,0.25,44.2555,1.0981,2.0,0.0,0.8522,2.0531
main__libcxx__P__alg_uset_n_1048576_u_1048576,libcxx,P,uset,1048576,1048576,operator new,=> ???,"=> ???:operator new(unsigned long) (1,048,576x)",208.9314,42.016,22.0625,0.0,0.0005,0.2501,0.0,0.0,0.25,32.0271,0.0002,1.0,0.0,0.25,0.2505
main__libcxx__P__alg_uset_n_1048576_u_1048576,libcxx,P,uset,1048576,1048576,operator delete,=> ???,"=> ???:operator delete(void*) (1,048,577x)",196.3318,53.5003,28.7835,0.0,1.6477,0.0,0.0,0.3727,0.0,32.3493,1.0427,1.0,0.0,0.3727,1.6477
main__libcxx__P__alg_uset_n_1048576_u_524288,libcxx,P,uset,1048576,524288,measured_call,counters.cpp,counters.cpp:measured_call [/home/user/conference-hardfest-algorithms/bench/deep/counters/build/counters_libcxx],265.6201,58.8332,33.2886,0.0001,2.8156,0.2188,0.0001,0.6543,0.2188,38.1203,0.8796,2.0,0.0,0.8731,3.0344
main__libcxx__P__alg_uset_n_1048576_u_524288,libcxx,P,uset,1048576,524288,__hash_table,/usr/lib/llvm-18/bin/../include/c++/v1/__hash_table,"/usr/lib/llvm-18/bin/../include/c++/v1/__hash_table:alg_uset(std::__1::vector<unsigned long, std::__1::allocator<unsigned long> >&, Ctx const&)",198.1201,40.8332,24.2886,0.0001,2.47,0.1876,0.0001,0.5197,0.1875,26.1203,0.8796,1.0,0.0,0.7072,2.6576
main__libcxx__P__alg_uset_n_1048576_u_524288,libcxx,P,uset,1048576,524288,__hash_table,/usr/lib/llvm-18/bin/../include/c++/v1/__hash_table,"/usr/lib/llvm-18/bin/../include/c++/v1/__hash_table:std::__1::pair<std::__1::__hash_iterator<std::__1::__hash_node<unsigned long, void*>*>, bool> std::__1::__ha",188.8697,38.8331,22.2885,0.0,2.011,0.1251,0.0,0.3939,0.125,25.3702,0.8795,1.0,0.0,0.5189,2.1361
main__libcxx__P__alg_uset_n_1048576_u_524288,libcxx,P,uset,1048576,524288,__hash_table,/usr/lib/llvm-18/bin/../include/c++/v1/new,"/usr/lib/llvm-18/bin/../include/c++/v1/new:std::__1::pair<std::__1::__hash_iterator<std::__1::__hash_node<unsigned long, void*>*>, bool> std::__1::__hash_table<",106.511,21.503,11.5017,0.0,0.0004,0.1251,0.0,0.0,0.125,16.002,0.0001,1.0,0.0,0.125,0.1254
main__libcxx__P__alg_uset_n_1048576_u_524288,libcxx,P,uset,1048576,524288,operator new,???,???:operator new(unsigned long) [???],104.5113,21.003,11.0017,0.0,0.0004,0.1251,0.0,0.0,0.125,16.0021,0.0002,0.5,0.0,0.125,0.1254
main__libcxx__P__alg_uset_n_1048576_u_524288,libcxx,P,uset,1048576,524288,malloc,./malloc/./malloc/malloc.c,./malloc/./malloc/malloc.c:malloc [/usr/lib/x86_64-linux-gnu/libc.so.6],95.0113,19.003,9.0017,0.0,0.0004,0.1251,0.0,0.0,0.125,15.5021,0.0002,0.0,0.0,0.125,0.1254
main__libcxx__P__alg_uset_n_1048576_u_524288,libcxx,P,uset,1048576,524288,malloc,./malloc/./malloc/malloc.c,./malloc/./malloc/malloc.c:_int_malloc [/usr/lib/x86_64-linux-gnu/libc.so.6],71.5113,13.003,6.5017,0.0,0.0004,0.1251,0.0,0.0,0.125,10.5021,0.0001,0.0,0.0,0.125,0.1254
main__libcxx__P__alg_uset_n_1048576_u_524288,libcxx,P,uset,1048576,524288,operator delete,???,???:operator delete(void*) [/usr/lib/llvm-18/lib/libc++abi.so.1.0],56.4999,15.5,7.0,0.0,0.0267,0.0,0.0,0.0,0.0,10.0,0.0,0.5,0.0,0.0,0.0267
main__libcxx__P__alg_uset_n_1048576_u_524288,libcxx,P,uset,1048576,524288,malloc,./malloc/./malloc/malloc.c,./malloc/./malloc/malloc.c:free [/usr/lib/x86_64-linux-gnu/libc.so.6],52.9999,14.5,6.5,0.0,0.0267,0.0,0.0,0.0,0.0,10.0,0.0,0.0,0.0,0.0,0.0267
main__libcxx__P__alg_uset_n_1048576_u_524288,libcxx,P,uset,1048576,524288,malloc,./malloc/./malloc/malloc.c,./malloc/./malloc/malloc.c:_int_free [/usr/lib/x86_64-linux-gnu/libc.so.6],37.4999,9.5,3.5,0.0,0.0267,0.0,0.0,0.0,0.0,7.9999,0.0,0.0,0.0,0.0,0.0267
main__libcxx__P__alg_uset_n_1048576_u_524288,libcxx,P,uset,1048576,524288,rehash,/usr/lib/llvm-18/bin/../include/c++/v1/__hash_table,"/usr/lib/llvm-18/bin/../include/c++/v1/__hash_table:void std::__1::__hash_table<unsigned long, std::__1::hash<unsigned long>, std::__1::equal_to<unsigned long>,",2.7503,1.0001,1.0,0.0,0.0,0.0625,0.0,0.0,0.0625,0.2501,0.0,0.0,0.0,0.0625,0.0625
main__libcxx__P__alg_uset_n_1048576_u_524288,libcxx,P,uset,1048576,524288,__hash_table,/usr/lib/llvm-18/bin/../include/c++/v1/__memory/unique_ptr.h,"/usr/lib/llvm-18/bin/../include/c++/v1/__memory/unique_ptr.h:std::__1::pair<std::__1::__hash_iterator<std::__1::__hash_node<unsigned long, void*>*>, bool> std::",2.2869,1.8934,0.0,0.0,0.0,0.0,0.0,0.0,0.0,0.0,0.0,0.0,0.0,0.0,0.0
main__libcxx__P__alg_uset_n_1048576_u_524288,libcxx,P,uset,1048576,524288,__hash_table,/usr/lib/llvm-18/bin/../include/c++/v1/__memory/construct_at.h,"/usr/lib/llvm-18/bin/../include/c++/v1/__memory/construct_at.h:std::__1::pair<std::__1::__hash_iterator<std::__1::__hash_node<unsigned long, void*>*>, bool> std",1.0,0.5,0.5,0.0,0.0,0.0,0.0,0.0,0.0,0.0,0.0,0.0,0.0,0.0,0.0
main__libcxx__P__alg_uset_n_1048576_u_524288,libcxx,P,uset,1048576,524288,malloc,./malloc/./malloc/morecore.c,./malloc/./malloc/morecore.c:__glibc_morecore [/usr/lib/x86_64-linux-gnu/libc.so.6],0.0033,0.0009,0.0005,0.0,0.0002,0.0001,0.0,0.0,0.0,0.0006,0.0,0.0,0.0,0.0,0.0003
main__libcxx__P__alg_uset_n_1048576_u_524288,libcxx,P,uset,1048576,524288,rehash,/usr/lib/llvm-18/bin/../include/c++/v1/new,"/usr/lib/llvm-18/bin/../include/c++/v1/new:void std::__1::__hash_table<unsigned long, std::__1::hash<unsigned long>, std::__1::equal_to<unsigned long>, std::__1",0.0003,0.0001,0.0,0.0,0.0,0.0,0.0,0.0,0.0,0.0,0.0,0.0,0.0,0.0,0.0
main__libcxx__P__alg_uset_n_1048576_u_524288,libcxx,P,uset,1048576,524288,malloc,./malloc/./malloc/malloc.c,./malloc/./malloc/malloc.c:sysmalloc_mmap.isra.0 [/usr/lib/x86_64-linux-gnu/libc.so.6],0.0001,0.0,0.0,0.0,0.0,0.0,0.0,0.0,0.0,0.0,0.0,0.0,0.0,0.0,0.0
main__libcxx__P__alg_uset_n_1048576_u_524288,libcxx,P,uset,1048576,524288,__hash_table,=> /usr/lib/llvm-18/bin/../include/c++/v1/__hash_table,"=> /usr/lib/llvm-18/bin/../include/c++/v1/__hash_table:std::__1::pair<std::__1::__hash_iterator<std::__1::__hash_node<unsigned long, void*>*>, bool> std::__1::_",188.8697,38.8331,22.2885,0.0,2.011,0.1251,0.0,0.3939,0.125,25.3702,0.8795,1.0,0.0,0.5189,2.1361
main__libcxx__P__alg_uset_n_1048576_u_524288,libcxx,P,uset,1048576,524288,operator new,=> ???,"=> ???:operator new(unsigned long) (524,288x)",104.511,21.003,11.0017,0.0,0.0004,0.1251,0.0,0.0,0.125,16.002,0.0001,0.5,0.0,0.125,0.1254
main__libcxx__P__alg_uset_n_1048576_u_524288,libcxx,P,uset,1048576,524288,operator delete,=> ???,"=> ???:operator delete(void*) (524,289x)",56.4999,15.5,7.0,0.0,0.0267,0.0,0.0,0.0,0.0,10.0,0.0,0.5,0.0,0.0,0.0267
main__libcxx__P__alg_uset_phased_n_1048576_u_1048576,libcxx,P,uset_phased,1048576,1048576,measured_call,counters.cpp,counters.cpp:measured_call [/home/user/conference-hardfest-algorithms/bench/deep/counters/build/counters_libcxx],539.1317,124.1462,71.1124,0.0001,5.4183,0.3751,0.0001,2.1089,0.375,80.8552,2.141,4.0,0.0,2.4839,5.7934
main__libcxx__P__alg_uset_phased_n_1048576_u_1048576,libcxx,P,uset_phased,1048576,1048576,phase_insert,counters.cpp,"counters.cpp:void phase_insert<std::__1::unordered_set<unsigned long, std::__1::hash<unsigned long>, std::__1::equal_to<unsigned long>, std::__1::allocator<unsi",325.7994,65.6458,40.3288,0.0001,1.866,0.3126,0.0001,0.6644,0.3125,45.5058,1.0982,2.0,0.0,0.977,2.1786
main__libcxx__P__alg_uset_phased_n_1048576_u_1048576,libcxx,P,uset_phased,1048576,1048576,phase_insert,/usr/lib/llvm-18/bin/../include/c++/v1/__hash_table,"/usr/lib/llvm-18/bin/../include/c++/v1/__hash_table:void phase_insert<std::__1::unordered_set<unsigned long, std::__1::hash<unsigned long>, std::__1::equal_to<u",320.7986,64.6455,39.3287,0.0001,1.8034,0.3126,0.0001,0.6019,0.3125,44.5057,1.0981,2.0,0.0,0.9144,2.116
main__libcxx__P__alg_uset_phased_n_1048576_u_1048576,libcxx,P,uset_phased,1048576,1048576,__hash_table,/usr/lib/llvm-18/bin/../include/c++/v1/__hash_table,"/usr/lib/llvm-18/bin/../include/c++/v1/__hash_table:std::__1::pair<std::__1::__hash_iterator<std::__1::__hash_node<unsigned long, void*>*>, bool> std::__1::__ha",314.0479,63.6454,37.3286,0.0,1.8034,0.2501,0.0,0.6019,0.25,44.2555,1.0981,2.0,0.0,0.8519,2.0535
main__libcxx__P__alg_uset_phased_n_1048576_u_1048576,libcxx,P,uset_phased,1048576,1048576,__hash_table,/usr/lib/llvm-18/bin/../include/c++/v1/new,"/usr/lib/llvm-18/bin/../include/c++/v1/new:std::__1::pair<std::__1::__hash_iterator<std::__1::__hash_node<unsigned long, void*>*>, bool> std::__1::__hash_table<",212.9313,43.016,23.0625,0.0,0.0005,0.2501,0.0,0.0,0.25,32.0271,0.0002,2.0,0.0,0.25,0.2505
main__libcxx__P__alg_uset_phased_n_1048576_u_1048576,libcxx,P,uset_phased,1048576,1048576,operator new,???,???:operator new(unsigned long) [???],208.9325,42.0162,22.0627,0.0001,0.0005,0.2501,0.0001,0.0,0.25,32.0273,0.0003,1.0,0.0,0.25,0.2506
main__libcxx__P__alg_uset_phased_n_1048576_u_1048576,libcxx,P,uset_phased,1048576,1048576,phase_dtor,counters.cpp,"counters.cpp:void phase_dtor<std::__1::unordered_set<unsigned long, std::__1::hash<unsigned long>, std::__1::equal_to<unsigned long>, std::__1::allocator<unsign",202.3317,55.5003,29.7835,0.0,2.248,0.0,0.0,0.7063,0.0,33.3493,1.0428,2.0,0.0,0.7063,2.248
main__libcxx__P__alg_uset_phased_n_1048576_u_1048576,libcxx,P,uset_phased,1048576,1048576,phase_dtor,/usr/lib/llvm-18/bin/../include/c++/v1/new,"/usr/lib/llvm-18/bin/../include/c++/v1/new:void phase_dtor<std::__1::unordered_set<unsigned long, std::__1::hash<unsigned long>, std::__1::equal_to<unsigned lon",199.3316,54.5002,29.7835,0.0,1.6481,0.0,0.0,0.3724,0.0,32.3493,1.0428,2.0,0.0,0.3724,1.6481
main__libcxx__P__alg_uset_phased_n_1048576_u_1048576,libcxx,P,uset_phased,1048576,1048576,operator delete,???,???:operator delete(void*) [/usr/lib/llvm-18/lib/libc++abi.so.1.0],196.3317,53.5003,28.7835,0.0,1.6481,0.0,0.0,0.3724,0.0,32.3493,1.0428,1.0,0.0,0.3724,1.6481
main__libcxx__P__alg_uset_phased_n_1048576_u_1048576,libcxx,P,uset_phased,1048576,1048576,malloc,./malloc/./malloc/malloc.c,./malloc/./malloc/malloc.c:malloc [/usr/lib/x86_64-linux-gnu/libc.so.6],189.9325,38.0162,18.0627,0.0001,0.0005,0.2501,0.0001,0.0,0.25,31.0273,0.0003,0.0,0.0,0.25,0.2506
main__libcxx__P__alg_uset_phased_n_1048576_u_1048576,libcxx,P,uset_phased,1048576,1048576,malloc,./malloc/./malloc/malloc.c,./malloc/./malloc/malloc.c:free [/usr/lib/x86_64-linux-gnu/libc.so.6],189.3317,51.5003,27.7835,0.0,1.6481,0.0,0.0,0.3724,0.0,32.3493,1.0428,0.0,0.0,0.3724,1.6481
main__libcxx__P__alg_uset_phased_n_1048576_u_1048576,libcxx,P,uset_phased,1048576,1048576,malloc,./malloc/./malloc/malloc.c,./malloc/./malloc/malloc.c:_int_free [/usr/lib/x86_64-linux-gnu/libc.so.6],158.3318,41.5003,21.7835,0.0,1.6441,0.0,0.0,0.3684,0.0,28.3493,1.0428,0.0,0.0,0.3684,1.6441
main__libcxx__P__alg_uset_phased_n_1048576_u_1048576,libcxx,P,uset_phased,1048576,1048576,malloc,./malloc/./malloc/malloc.c,./malloc/./malloc/malloc.c:_int_malloc [/usr/lib/x86_64-linux-gnu/libc.so.6],142.9324,26.0162,13.0626,0.0001,0.0005,0.2501,0.0001,0.0,0.25,21.0273,0.0003,0.0,0.0,0.25,0.2505
main__libcxx__P__alg_uset_phased_n_1048576_u_1048576,libcxx,P,uset_phased,1048576,1048576,malloc,./malloc/./malloc/malloc.c,./malloc/./malloc/malloc.c:_int_free_merge_chunk [/usr/lib/x86_64-linux-gnu/libc.so.6],83.3318,22.5003,14.7835,0.0,1.5479,0.0,0.0,0.334,0.0,12.3494,1.0428,0.0,0.0,0.334,1.5479
main__libcxx__P__alg_uset_phased_n_1048576_u_1048576,libcxx,P,uset_phased,1048576,1048576,malloc,./malloc/./malloc/malloc.c,./malloc/./malloc/malloc.c:_int_free_maybe_consolidate [/usr/lib/x86_64-linux-gnu/libc.so.6],83.3317,22.5002,14.7834,0.0,1.5479,0.0,0.0,0.334,0.0,12.3494,1.0428,0.0,0.0,0.334,1.5479
main__libcxx__P__alg_uset_phased_n_1048576_u_1048576,libcxx,P,uset_phased,1048576,1048576,malloc,./malloc/./malloc/malloc.c,./malloc/./malloc/malloc.c:malloc_consolidate [/usr/lib/x86_64-linux-gnu/libc.so.6],83.3316,22.5002,14.7834,0.0,1.5479,0.0,0.0,0.334,0.0,12.3494,1.0427,0.0,0.0,0.334,1.5479
main__libcxx__P__alg_uset_phased_n_1048576_u_1048576,libcxx,P,uset_phased,1048576,1048576,phase_dump,counters.cpp,"counters.cpp:void phase_dump<std::__1::unordered_set<unsigned long, std::__1::hash<unsigned long>, std::__1::equal_to<unsigned long>, std::__1::allocator<unsign",11.0,3.0,1.0,0.0,1.3042,0.0625,0.0,0.7381,0.0625,2.0,0.0,0.0,0.0,0.8006,1.3667
main__libcxx__P__alg_uset_phased_n_1048576_u_1048576,libcxx,P,uset_phased,1048576,1048576,phase_dump,/usr/lib/llvm-18/bin/../include/c++/v1/vector,"/usr/lib/llvm-18/bin/../include/c++/v1/vector:void phase_dump<std::__1::unordered_set<unsigned long, std::__1::hash<unsigned long>, std::__1::equal_to<unsigned ",7.0,2.0,1.0,0.0,0.7003,0.0625,0.0,0.4014,0.0625,1.0,0.0,0.0,0.0,0.4639,0.7628
main__libcxx__P__alg_uset_phased_n_1048576_u_1048576,libcxx,P,uset_phased,1048576,1048576,__hash_table,/usr/lib/llvm-18/bin/../include/c++/v1/__memory/unique_ptr.h,"/usr/lib/llvm-18/bin/../include/c++/v1/__memory/unique_ptr.h:std::__1::pair<std::__1::__hash_iterator<std::__1::__hash_node<unsigned long, void*>*>, bool> std::",3.2661,2.633,0.0,0.0,0.0,0.0,0.0,0.0,0.0,0.0,0.0,0.0,0.0,0.0,0.0
main__libcxx__P__alg_uset_phased_n_1048576_u_1048576,libcxx,P,uset_phased,1048576,1048576,rehash,/usr/lib/llvm-18/bin/../include/c++/v1/__hash_table,"/usr/lib/llvm-18/bin/../include/c++/v1/__hash_table:void std::__1::__hash_table<unsigned long, std::__1::hash<unsigned long>, std::__1::equal_to<unsigned long>,",2.7507,1.0002,1.0001,0.0,0.0,0.0625,0.0,0.0,0.0625,0.2501,0.0,0.0,0.0,0.0625,0.0625
main__libcxx__P__alg_uset_phased_n_1048576_u_1048576,libcxx,P,uset_phased,1048576,1048576,phase_insert,/usr/lib/llvm-18/bin/../include/c++/v1/__iterator/wrap_iter.h,"/usr/lib/llvm-18/bin/../include/c++/v1/__iterator/wrap_iter.h:void phase_insert<std::__1::unordered_set<unsigned long, std::__1::hash<unsigned long>, std::__1::",2.0,0.0,0.0,0.0,0.0,0.0,0.0,0.0,0.0,0.0,0.0,0.0,0.0,0.0,0.0
main__libcxx__P__alg_uset_phased_n_1048576_u_1048576,libcxx,P,uset_phased,1048576,1048576,__hash_table,/usr/lib/llvm-18/bin/../include/c++/v1/__memory/construct_at.h,"/usr/lib/llvm-18/bin/../include/c++/v1/__memory/construct_at.h:std::__1::pair<std::__1::__hash_iterator<std::__1::__hash_node<unsigned long, void*>*>, bool> std",2.0,1.0,1.0,0.0,0.0,0.0,0.0,0.0,0.0,0.0,0.0,0.0,0.0,0.0,0.0
main__libcxx__P__alg_uset_phased_n_1048576_u_1048576,libcxx,P,uset_phased,1048576,1048576,phase_insert,/usr/lib/llvm-18/bin/../include/c++/v1/__math/rounding_functions.h,"/usr/lib/llvm-18/bin/../include/c++/v1/__math/rounding_functions.h:void phase_insert<std::__1::unordered_set<unsigned long, std::__1::hash<unsigned long>, std::",0.0008,0.0003,0.0001,0.0,0.0001,0.0,0.0,0.0001,0.0,0.0001,0.0,0.0,0.0,0.0001,0.0001
main__libcxx__P__alg_uset_phased_n_1048576_u_1048576,libcxx,P,uset_phased,1048576,1048576,rehash,/usr/lib/llvm-18/bin/../include/c++/v1/new,"/usr/lib/llvm-18/bin/../include/c++/v1/new:void std::__1::__hash_table<unsigned long, std::__1::hash<unsigned long>, std::__1::equal_to<unsigned long>, std::__1",0.0007,0.0002,0.0001,0.0,0.0,0.0,0.0,0.0,0.0,0.0001,0.0,0.0,0.0,0.0,0.0
main__libcxx__P__alg_uset_phased_n_1048576_u_1048576,libcxx,P,uset_phased,1048576,1048576,unique,/usr/lib/llvm-18/bin/../include/c++/v1/__memory/unique_ptr.h,"/usr/lib/llvm-18/bin/../include/c++/v1/__memory/unique_ptr.h:alg_uset_phased(std::__1::vector<unsigned long, std::__1::allocator<unsigned long> >&, Ctx const&)",0.0005,0.0001,0.0,0.0,0.0,0.0,0.0,0.0,0.0,0.0001,0.0,0.0,0.0,0.0,0.0
main__libcxx__P__alg_uset_phased_n_1048576_u_1048576,libcxx,P,uset_phased,1048576,1048576,operator new,=> ???,=> ???:operator new(unsigned long) (1x),0.0005,0.0001,0.0,0.0,0.0,0.0,0.0,0.0,0.0,0.0001,0.0,0.0,0.0,0.0,0.0
main__libcxx__P__alg_uset_phased_n_1048576_u_1048576,libcxx,P,uset_phased,1048576,1048576,phase_dump,,"__attribute__((noinline)) static void phase_dump(Set& s, Vec& v) {",0.0,0.0,0.0,0.0,0.0,0.0,0.0,0.0,0.0,0.0,0.0,0.0,0.0,0.0,0.0
main__libcxx__P__alg_uset_phased_n_1048576_u_1048576,libcxx,P,uset_phased,1048576,1048576,phase_insert,=> counters.cpp,"=> counters.cpp:void phase_insert<std::__1::unordered_set<unsigned long, std::__1::hash<unsigned long>, std::__1::equal_to<unsigned long>, std::__1::allocator<u",325.7994,65.6458,40.3288,0.0001,1.866,0.3126,0.0001,0.6644,0.3125,45.5058,1.0982,2.0,0.0,0.977,2.1786
main__libcxx__P__alg_uset_phased_n_1048576_u_1048576,libcxx,P,uset_phased,1048576,1048576,phase_dump,,"phase_dump(*p, v);",0.0,0.0,0.0,0.0,0.0,0.0,0.0,0.0,0.0,0.0,0.0,0.0,0.0,0.0,0.0
main__libcxx__P__alg_uset_phased_n_1048576_u_1048576,libcxx,P,uset_phased,1048576,1048576,phase_dump,=> counters.cpp,"=> counters.cpp:void phase_dump<std::__1::unordered_set<unsigned long, std::__1::hash<unsigned long>, std::__1::equal_to<unsigned long>, std::__1::allocator<uns",11.0,3.0,1.0,0.0,1.3042,0.0625,0.0,0.7381,0.0625,2.0,0.0,0.0,0.0,0.8006,1.3667
main__libcxx__P__alg_uset_phased_n_1048576_u_1048576,libcxx,P,uset_phased,1048576,1048576,phase_dtor,=> counters.cpp,"=> counters.cpp:void phase_dtor<std::__1::unordered_set<unsigned long, std::__1::hash<unsigned long>, std::__1::equal_to<unsigned long>, std::__1::allocator<uns",202.3317,55.5003,29.7835,0.0,2.248,0.0,0.0,0.7063,0.0,33.3493,1.0428,2.0,0.0,0.7063,2.248
main__libcxx__P__alg_uset_phased_n_1048576_u_1048576,libcxx,P,uset_phased,1048576,1048576,operator new,=> ???,"=> ???:operator new(unsigned long) (1,048,576x)",208.9313,42.016,22.0625,0.0,0.0005,0.2501,0.0,0.0,0.25,32.0271,0.0002,1.0,0.0,0.25,0.2505
main__libcxx__P__alg_uset_phased_n_1048576_u_1048576,libcxx,P,uset_phased,1048576,1048576,operator delete,=> ???,"=> ???:operator delete(void*) (1,048,577x)",196.3316,53.5002,28.7835,0.0,1.6481,0.0,0.0,0.3724,0.0,32.3493,1.0428,1.0,0.0,0.3724,1.6481
main__libcxx__P__alg_uset_phased_n_1048576_u_1048576,libcxx,P,uset_phased,1048576,1048576,__hash_table,=> /usr/lib/llvm-18/bin/../include/c++/v1/__hash_table,"=> /usr/lib/llvm-18/bin/../include/c++/v1/__hash_table:std::__1::pair<std::__1::__hash_iterator<std::__1::__hash_node<unsigned long, void*>*>, bool> std::__1::_",314.0479,63.6454,37.3286,0.0,1.8034,0.2501,0.0,0.6019,0.25,44.2555,1.0981,2.0,0.0,0.8519,2.0535
main__libcxx__P__alg_uset_phased_n_1048576_u_524288,libcxx,P,uset_phased,1048576,524288,measured_call,counters.cpp,counters.cpp:measured_call [/home/user/conference-hardfest-algorithms/bench/deep/counters/build/counters_libcxx],265.6212,58.8336,33.2888,0.0001,2.8001,0.2188,0.0001,0.6545,0.2188,38.1204,0.8796,2.0,0.0,0.8733,3.019
main__libcxx__P__alg_uset_phased_n_1048576_u_524288,libcxx,P,uset_phased,1048576,524288,phase_insert,counters.cpp,"counters.cpp:void phase_insert<std::__1::unordered_set<unsigned long, std::__1::hash<unsigned long>, std::__1::equal_to<unsigned long>, std::__1::allocator<unsi",200.6209,40.8335,25.2887,0.0001,2.0648,0.1876,0.0001,0.4545,0.1875,26.6204,0.8796,1.0,0.0,0.642,2.2523
main__libcxx__P__alg_uset_phased_n_1048576_u_524288,libcxx,P,uset_phased,1048576,524288,phase_insert,/usr/lib/llvm-18/bin/../include/c++/v1/__hash_table,"/usr/lib/llvm-18/bin/../include/c++/v1/__hash_table:void phase_insert<std::__1::unordered_set<unsigned long, std::__1::hash<unsigned long>, std::__1::equal_to<u",195.6201,39.8332,24.2886,0.0,2.0022,0.1876,0.0,0.3919,0.1875,25.6203,0.8796,1.0,0.0,0.5794,2.1898
main__libcxx__P__alg_uset_phased_n_1048576_u_524288,libcxx,P,uset_phased,1048576,524288,__hash_table,/usr/lib/llvm-18/bin/../include/c++/v1/__hash_table,"/usr/lib/llvm-18/bin/../include/c++/v1/__hash_table:std::__1::pair<std::__1::__hash_iterator<std::__1::__hash_node<unsigned long, void*>*>, bool> std::__1::__ha",188.8697,38.8331,22.2885,0.0,2.0022,0.1251,0.0,0.3919,0.125,25.3702,0.8795,1.0,0.0,0.5169,2.1273
main__libcxx__P__alg_uset_phased_n_1048576_u_524288,libcxx,P,uset_phased,1048576,524288,__hash_table,/usr/lib/llvm-18/bin/../include/c++/v1/new,"/usr/lib/llvm-18/bin/../include/c++/v1/new:std::__1::pair<std::__1::__hash_iterator<std::__1::__hash_node<unsigned long, void*>*>, bool> std::__1::__hash_table<",106.511,21.503,11.5017,0.0,0.0004,0.1251,0.0,0.0,0.125,16.002,0.0001,1.0,0.0,0.125,0.1254
main__libcxx__P__alg_uset_phased_n_1048576_u_524288,libcxx,P,uset_phased,1048576,524288,operator new,???,???:operator new(unsigned long) [???],104.5115,21.0031,11.0017,0.0,0.0004,0.1251,0.0,0.0,0.125,16.0021,0.0002,0.5,0.0,0.125,0.1254
main__libcxx__P__alg_uset_phased_n_1048576_u_524288,libcxx,P,uset_phased,1048576,524288,malloc,./malloc/./malloc/malloc.c,./malloc/./malloc/malloc.c:malloc [/usr/lib/x86_64-linux-gnu/libc.so.6],95.0115,19.0031,9.0017,0.0,0.0004,0.1251,0.0,0.0,0.125,15.5021,0.0002,0.0,0.0,0.125,0.1254
main__libcxx__P__alg_uset_phased_n_1048576_u_524288,libcxx,P,uset_phased,1048576,524288,malloc,./malloc/./malloc/malloc.c,./malloc/./malloc/malloc.c:_int_malloc [/usr/lib/x86_64-linux-gnu/libc.so.6],71.5114,13.003,6.5017,0.0,0.0004,0.1251,0.0,0.0,0.125,10.5021,0.0001,0.0,0.0,0.125,0.1254
main__libcxx__P__alg_uset_phased_n_1048576_u_524288,libcxx,P,uset_phased,1048576,524288,phase_dtor,counters.cpp,"counters.cpp:void phase_dtor<std::__1::unordered_set<unsigned long, std::__1::hash<unsigned long>, std::__1::equal_to<unsigned long>, std::__1::allocator<unsign",59.5,16.5,7.5,0.0,0.2564,0.0,0.0,0.058,0.0,10.5,0.0,1.0,0.0,0.058,0.2564
main__libcxx__P__alg_uset_phased_n_1048576_u_524288,libcxx,P,uset_phased,1048576,524288,phase_dtor,/usr/lib/llvm-18/bin/../include/c++/v1/new,"/usr/lib/llvm-18/bin/../include/c++/v1/new:void phase_dtor<std::__1::unordered_set<unsigned long, std::__1::hash<unsigned long>, std::__1::equal_to<unsigned lon",57.9999,16.0,7.5,0.0,0.0821,0.0,0.0,0.0313,0.0,10.0,0.0,1.0,0.0,0.0313,0.0821
main__libcxx__P__alg_uset_phased_n_1048576_u_524288,libcxx,P,uset_phased,1048576,524288,operator delete,???,???:operator delete(void*) [/usr/lib/llvm-18/lib/libc++abi.so.1.0],56.5,15.5,7.0,0.0,0.0821,0.0,0.0,0.0313,0.0,10.0,0.0,0.5,0.0,0.0313,0.0821
main__libcxx__P__alg_uset_phased_n_1048576_u_524288,libcxx,P,uset_phased,1048576,524288,malloc,./malloc/./malloc/malloc.c,./malloc/./malloc/malloc.c:free [/usr/lib/x86_64-linux-gnu/libc.so.6],53.0,14.5,6.5,0.0,0.0821,0.0,0.0,0.0313,0.0,10.0,0.0,0.0,0.0,0.0313,0.0821
main__libcxx__P__alg_uset_phased_n_1048576_u_524288,libcxx,P,uset_phased,1048576,524288,malloc,./malloc/./malloc/malloc.c,./malloc/./malloc/malloc.c:_int_free [/usr/lib/x86_64-linux-gnu/libc.so.6],37.4999,9.5,3.5,0.0,0.0198,0.0,0.0,0.0,0.0,8.0,0.0,0.0,0.0,0.0,0.0198
main__libcxx__P__alg_uset_phased_n_1048576_u_524288,libcxx,P,uset_phased,1048576,524288,phase_dump,counters.cpp,"counters.cpp:void phase_dump<std::__1::unordered_set<unsigned long, std::__1::hash<unsigned long>, std::__1::equal_to<unsigned long>, std::__1::allocator<unsign",5.5,1.5,0.5,0.0,0.4789,0.0313,0.0,0.142,0.0313,1.0,0.0,0.0,0.0,0.1732,0.5102
main__libcxx__P__alg_uset_phased_n_1048576_u_524288,libcxx,P,uset_phased,1048576,524288,phase_dump,/usr/lib/llvm-18/bin/../include/c++/v1/vector,"/usr/lib/llvm-18/bin/../include/c++/v1/vector:void phase_dump<std::__1::unordered_set<unsigned long, std::__1::hash<unsigned long>, std::__1::equal_to<unsigned ",3.5,1.0,0.5,0.0,0.2494,0.0313,0.0,0.072,0.0313,0.5,0.0,0.0,0.0,0.1032,0.2807
main__libcxx__P__alg_uset_phased_n_1048576_u_524288,libcxx,P,uset_phased,1048576,524288,rehash,/usr/lib/llvm-18/bin/../include/c++/v1/__hash_table,"/usr/lib/llvm-18/bin/../include/c++/v1/__hash_table:void std::__1::__hash_table<unsigned long, std::__1::hash<unsigned long>, std::__1::equal_to<unsigned long>,",2.7503,1.0001,1.0,0.0,0.0,0.0625,0.0,0.0,0.0625,0.2501,0.0,0.0,0.0,0.0625,0.0625
main__libcxx__P__alg_uset_phased_n_1048576_u_524288,libcxx,P,uset_phased,1048576,524288,__hash_table,/usr/lib/llvm-18/bin/../include/c++/v1/__memory/unique_ptr.h,"/usr/lib/llvm-18/bin/../include/c++/v1/__memory/unique_ptr.h:std::__1::pair<std::__1::__hash_iterator<std::__1::__hash_node<unsigned long, void*>*>, bool> std::",2.2869,1.8934,0.0,0.0,0.0,0.0,0.0,0.0,0.0,0.0,0.0,0.0,0.0,0.0,0.0
main__libcxx__P__alg_uset_phased_n_1048576_u_524288,libcxx,P,uset_phased,1048576,524288,phase_insert,/usr/lib/llvm-18/bin/../include/c++/v1/__iterator/wrap_iter.h,"/usr/lib/llvm-18/bin/../include/c++/v1/__iterator/wrap_iter.h:void phase_insert<std::__1::unordered_set<unsigned long, std::__1::hash<unsigned long>, std::__1::",2.0,0.0,0.0,0.0,0.0,0.0,0.0,0.0,0.0,0.0,0.0,0.0,0.0,0.0,0.0
main__libcxx__P__alg_uset_phased_n_1048576_u_524288,libcxx,P,uset_phased,1048576,524288,__hash_table,/usr/lib/llvm-18/bin/../include/c++/v1/__memory/construct_at.h,"/usr/lib/llvm-18/bin/../include/c++/v1/__memory/construct_at.h:std::__1::pair<std::__1::__hash_iterator<std::__1::__hash_node<unsigned long, void*>*>, bool> std",1.0,0.5,0.5,0.0,0.0,0.0,0.0,0.0,0.0,0.0,0.0,0.0,0.0,0.0,0.0
main__libcxx__P__alg_uset_phased_n_1048576_u_524288,libcxx,P,uset_phased,1048576,524288,malloc,./malloc/./malloc/morecore.c,./malloc/./malloc/morecore.c:__glibc_morecore [/usr/lib/x86_64-linux-gnu/libc.so.6],0.0033,0.0009,0.0005,0.0,0.0002,0.0001,0.0,0.0,0.0,0.0006,0.0,0.0,0.0,0.0,0.0003
main__libcxx__P__alg_uset_phased_n_1048576_u_524288,libcxx,P,uset_phased,1048576,524288,phase_insert,/usr/lib/llvm-18/bin/../include/c++/v1/__math/rounding_functions.h,"/usr/lib/llvm-18/bin/../include/c++/v1/__math/rounding_functions.h:void phase_insert<std::__1::unordered_set<unsigned long, std::__1::hash<unsigned long>, std::",0.0008,0.0003,0.0001,0.0,0.0001,0.0,0.0,0.0001,0.0,0.0001,0.0,0.0,0.0,0.0001,0.0001
main__libcxx__P__alg_uset_phased_n_1048576_u_524288,libcxx,P,uset_phased,1048576,524288,rehash,/usr/lib/llvm-18/bin/../include/c++/v1/new,"/usr/lib/llvm-18/bin/../include/c++/v1/new:void std::__1::__hash_table<unsigned long, std::__1::hash<unsigned long>, std::__1::equal_to<unsigned long>, std::__1",0.0003,0.0001,0.0,0.0,0.0,0.0,0.0,0.0,0.0,0.0,0.0,0.0,0.0,0.0,0.0
main__libcxx__P__alg_uset_phased_n_1048576_u_524288,libcxx,P,uset_phased,1048576,524288,unique,/usr/lib/llvm-18/bin/../include/c++/v1/__memory/unique_ptr.h,"/usr/lib/llvm-18/bin/../include/c++/v1/__memory/unique_ptr.h:alg_uset_phased(std::__1::vector<unsigned long, std::__1::allocator<unsigned long> >&, Ctx const&)",0.0002,0.0,0.0,0.0,0.0,0.0,0.0,0.0,0.0,0.0,0.0,0.0,0.0,0.0,0.0
main__libcxx__P__alg_uset_phased_n_1048576_u_524288,libcxx,P,uset_phased,1048576,524288,malloc,./malloc/./malloc/malloc.c,./malloc/./malloc/malloc.c:sysmalloc_mmap.isra.0 [/usr/lib/x86_64-linux-gnu/libc.so.6],0.0001,0.0,0.0,0.0,0.0,0.0,0.0,0.0,0.0,0.0,0.0,0.0,0.0,0.0,0.0
main__libcxx__P__alg_uset_phased_n_1048576_u_524288,libcxx,P,uset_phased,1048576,524288,operator new,=> ???,=> ???:operator new(unsigned long) (1x),0.0002,0.0,0.0,0.0,0.0,0.0,0.0,0.0,0.0,0.0,0.0,0.0,0.0,0.0,0.0
main__libcxx__P__alg_uset_phased_n_1048576_u_524288,libcxx,P,uset_phased,1048576,524288,__hash_table,=> /usr/lib/llvm-18/bin/../include/c++/v1/__hash_table,"=> /usr/lib/llvm-18/bin/../include/c++/v1/__hash_table:std::__1::pair<std::__1::__hash_iterator<std::__1::__hash_node<unsigned long, void*>*>, bool> std::__1::_",188.8697,38.8331,22.2885,0.0,2.0022,0.1251,0.0,0.3919,0.125,25.3702,0.8795,1.0,0.0,0.5169,2.1273
main__libcxx__P__alg_uset_phased_n_1048576_u_524288,libcxx,P,uset_phased,1048576,524288,operator new,=> ???,"=> ???:operator new(unsigned long) (524,288x)",104.511,21.003,11.0017,0.0,0.0004,0.1251,0.0,0.0,0.125,16.002,0.0001,0.5,0.0,0.125,0.1254
main__libcxx__P__alg_uset_phased_n_1048576_u_524288,libcxx,P,uset_phased,1048576,524288,operator delete,=> ???,"=> ???:operator delete(void*) (524,289x)",56.4999,15.5,7.0,0.0,0.0821,0.0,0.0,0.0313,0.0,10.0,0.0,0.5,0.0,0.0313,0.0821
main__libcxx__P__alg_uset_phased_n_1048576_u_524288,libcxx,P,uset_phased,1048576,524288,phase_dump,,"__attribute__((noinline)) static void phase_dump(Set& s, Vec& v) {",0.0,0.0,0.0,0.0,0.0,0.0,0.0,0.0,0.0,0.0,0.0,0.0,0.0,0.0,0.0
main__libcxx__P__alg_uset_phased_n_1048576_u_524288,libcxx,P,uset_phased,1048576,524288,phase_insert,=> counters.cpp,"=> counters.cpp:void phase_insert<std::__1::unordered_set<unsigned long, std::__1::hash<unsigned long>, std::__1::equal_to<unsigned long>, std::__1::allocator<u",200.6209,40.8335,25.2887,0.0001,2.0648,0.1876,0.0001,0.4545,0.1875,26.6204,0.8796,1.0,0.0,0.642,2.2523
main__libcxx__P__alg_uset_phased_n_1048576_u_524288,libcxx,P,uset_phased,1048576,524288,phase_dump,,"phase_dump(*p, v);",0.0,0.0,0.0,0.0,0.0,0.0,0.0,0.0,0.0,0.0,0.0,0.0,0.0,0.0,0.0
main__libcxx__P__alg_uset_phased_n_1048576_u_524288,libcxx,P,uset_phased,1048576,524288,phase_dump,=> counters.cpp,"=> counters.cpp:void phase_dump<std::__1::unordered_set<unsigned long, std::__1::hash<unsigned long>, std::__1::equal_to<unsigned long>, std::__1::allocator<uns",5.5,1.5,0.5,0.0,0.4789,0.0313,0.0,0.142,0.0313,1.0,0.0,0.0,0.0,0.1732,0.5102
main__libcxx__P__alg_uset_phased_n_1048576_u_524288,libcxx,P,uset_phased,1048576,524288,phase_dtor,=> counters.cpp,"=> counters.cpp:void phase_dtor<std::__1::unordered_set<unsigned long, std::__1::hash<unsigned long>, std::__1::equal_to<unsigned long>, std::__1::allocator<uns",59.5,16.5,7.5,0.0,0.2564,0.0,0.0,0.058,0.0,10.5,0.0,1.0,0.0,0.058,0.2564
main__libcxx__X__alg_flat_n_1048576_u_1048576,libcxx,X,flat,1048576,1048576,measured_call,counters.cpp,counters.cpp:measured_call [/home/user/conference-hardfest-algorithms/bench/deep/counters/build/counters_libcxx],116.9877,19.1598,10.071,0.0001,1.455,1.1459,0.0001,1.0432,1.0888,14.1042,1.8378,0.0,0.0,2.132,2.6009
main__libcxx__X__alg_flat_n_1048576_u_1048576,libcxx,X,flat,1048576,1048576,raw_hash_set,../../build/abseil-cpp/absl/container/internal/raw_hash_set.h,"../../build/abseil-cpp/absl/container/internal/raw_hash_set.h:alg_flat(std::__1::vector<unsigned long, std::__1::allocator<unsigned long> >&, Ctx const&)",77.467,12.128,7.071,0.0001,0.0313,0.0313,0.0001,0.0219,0.0313,9.1042,0.9402,0.0,0.0,0.0532,0.0626
main__libcxx__X__alg_flat_n_1048576_u_1048576,libcxx,X,flat,1048576,1048576,raw_hash_set,/usr/lib/llvm-18/bin/../include/c++/v1/vector,"/usr/lib/llvm-18/bin/../include/c++/v1/vector:void std::__1::vector<unsigned long, std::__1::allocator<unsigned long> >::__assign_with_size[abi:ne180100]<absl::",18.3933,3.0,1.0,0.0,0.2775,0.125,0.0,0.2775,0.125,4.0,0.8976,0.0,0.0,0.4025,0.4025
main__libcxx__X__alg_flat_n_1048576_u_1048576,libcxx,X,flat,1048576,1048576,raw_hash_set,../../build/abseil-cpp/absl/container/internal/hashtable_control_bytes.h,"../../build/abseil-cpp/absl/container/internal/hashtable_control_bytes.h:void std::__1::vector<unsigned long, std::__1::allocator<unsigned long> >::__assign_wit",2.0,0.0,0.0,0.0,0.0,0.0,0.0,0.0,0.0,0.0,0.0,0.0,0.0,0.0,0.0
main__libcxx__X__alg_flat_n_1048576_u_1048576,libcxx,X,flat,1048576,1048576,operator new,???,???:operator new(unsigned long) [???],0.0004,0.0001,0.0001,0.0,0.0,0.0,0.0,0.0,0.0,0.0001,0.0,0.0,0.0,0.0,0.0
main__libcxx__X__alg_flat_n_1048576_u_1048576,libcxx,X,flat,1048576,1048576,malloc,./malloc/./malloc/malloc.c,./malloc/./malloc/malloc.c:malloc [/usr/lib/x86_64-linux-gnu/libc.so.6],0.0004,0.0001,0.0001,0.0,0.0,0.0,0.0,0.0,0.0,0.0001,0.0,0.0,0.0,0.0,0.0
main__libcxx__X__alg_flat_n_1048576_u_1048576,libcxx,X,flat,1048576,1048576,malloc,./malloc/./malloc/malloc.c,./malloc/./malloc/malloc.c:_int_malloc [/usr/lib/x86_64-linux-gnu/libc.so.6],0.0004,0.0001,0.0,0.0,0.0,0.0,0.0,0.0,0.0,0.0001,0.0,0.0,0.0,0.0,0.0
main__libcxx__X__alg_flat_n_1048576_u_1048576,libcxx,X,flat,1048576,1048576,malloc,./malloc/./malloc/malloc.c,./malloc/./malloc/malloc.c:sysmalloc_mmap.isra.0 [/usr/lib/x86_64-linux-gnu/libc.so.6],0.0001,0.0,0.0,0.0,0.0,0.0,0.0,0.0,0.0,0.0,0.0,0.0,0.0,0.0,0.0
main__libcxx__X__alg_flat_n_1048576_u_1048576,libcxx,X,flat,1048576,1048576,operator delete,???,???:operator delete(void*) [/usr/lib/llvm-18/lib/libc++abi.so.1.0],0.0001,0.0,0.0,0.0,0.0,0.0,0.0,0.0,0.0,0.0,0.0,0.0,0.0,0.0,0.0
main__libcxx__X__alg_flat_n_1048576_u_1048576,libcxx,X,flat,1048576,1048576,malloc,./malloc/./malloc/malloc.c,./malloc/./malloc/malloc.c:free [/usr/lib/x86_64-linux-gnu/libc.so.6],0.0001,0.0,0.0,0.0,0.0,0.0,0.0,0.0,0.0,0.0,0.0,0.0,0.0,0.0,0.0
main__libcxx__X__alg_flat_n_1048576_u_1048576,libcxx,X,flat,1048576,1048576,raw_hash_set,=> /usr/lib/llvm-18/bin/../include/c++/v1/vector,"=> /usr/lib/llvm-18/bin/../include/c++/v1/vector:void std::__1::vector<unsigned long, std::__1::allocator<unsigned long> >::__assign_with_size[abi:ne180100]<abs",18.3933,3.0,1.0,0.0,0.2775,0.125,0.0,0.2775,0.125,4.0,0.8976,0.0,0.0,0.4025,0.4025
main__libcxx__X__alg_flat_n_1048576_u_524288,libcxx,X,flat,1048576,524288,measured_call,counters.cpp,counters.cpp:measured_call [/home/user/conference-hardfest-algorithms/bench/deep/counters/build/counters_libcxx],90.318,14.0719,6.5356,0.0001,1.9013,0.5921,0.0001,1.4267,0.563,12.0367,1.5449,0.0,0.0,1.9897,2.4934
main__libcxx__X__alg_flat_n_1048576_u_524288,libcxx,X,flat,1048576,524288,raw_hash_set,../../build/abseil-cpp/absl/container/internal/raw_hash_set.h,"../../build/abseil-cpp/absl/container/internal/raw_hash_set.h:alg_flat(std::__1::vector<unsigned long, std::__1::allocator<unsigned long> >&, Ctx const&)",56.9535,8.0636,4.5355,0.0001,0.0313,0.0323,0.0001,0.0218,0.0313,8.0367,0.9511,0.0,0.0,0.0531,0.0636
main__libcxx__X__alg_flat_n_1048576_u_524288,libcxx,X,flat,1048576,524288,raw_hash_set,/usr/lib/llvm-18/bin/../include/c++/v1/vector,"/usr/lib/llvm-18/bin/../include/c++/v1/vector:void std::__1::vector<unsigned long, std::__1::allocator<unsigned long> >::__assign_with_size[abi:ne180100]<absl::",14.3314,2.5,0.5,0.0,0.2486,0.0625,0.0,0.2486,0.0625,3.0,0.5938,0.0,0.0,0.3111,0.3111
main__libcxx__X__alg_flat_n_1048576_u_524288,libcxx,X,flat,1048576,524288,raw_hash_set,../../build/abseil-cpp/absl/container/internal/hashtable_control_bytes.h,"../../build/abseil-cpp/absl/container/internal/hashtable_control_bytes.h:void std::__1::vector<unsigned long, std::__1::allocator<unsigned long> >::__assign_wit",2.0,0.0,0.0,0.0,0.0,0.0,0.0,0.0,0.0,0.0,0.0,0.0,0.0,0.0,0.0
main__libcxx__X__alg_flat_n_1048576_u_524288,libcxx,X,flat,1048576,524288,operator new,???,???:operator new(unsigned long) [???],0.0003,0.0001,0.0,0.0,0.0,0.0,0.0,0.0,0.0,0.0,0.0,0.0,0.0,0.0,0.0
main__libcxx__X__alg_flat_n_1048576_u_524288,libcxx,X,flat,1048576,524288,malloc,./malloc/./malloc/malloc.c,./malloc/./malloc/malloc.c:malloc [/usr/lib/x86_64-linux-gnu/libc.so.6],0.0003,0.0001,0.0,0.0,0.0,0.0,0.0,0.0,0.0,0.0,0.0,0.0,0.0,0.0,0.0
main__libcxx__X__alg_flat_n_1048576_u_524288,libcxx,X,flat,1048576,524288,malloc,./malloc/./malloc/malloc.c,./malloc/./malloc/malloc.c:_int_malloc [/usr/lib/x86_64-linux-gnu/libc.so.6],0.0003,0.0001,0.0,0.0,0.0,0.0,0.0,0.0,0.0,0.0,0.0,0.0,0.0,0.0,0.0
main__libcxx__X__alg_flat_n_1048576_u_524288,libcxx,X,flat,1048576,524288,malloc,./malloc/./malloc/malloc.c,./malloc/./malloc/malloc.c:sysmalloc_mmap.isra.0 [/usr/lib/x86_64-linux-gnu/libc.so.6],0.0001,0.0,0.0,0.0,0.0,0.0,0.0,0.0,0.0,0.0,0.0,0.0,0.0,0.0,0.0
main__libcxx__X__alg_flat_n_1048576_u_524288,libcxx,X,flat,1048576,524288,operator delete,???,???:operator delete(void*) [/usr/lib/llvm-18/lib/libc++abi.so.1.0],0.0001,0.0,0.0,0.0,0.0,0.0,0.0,0.0,0.0,0.0,0.0,0.0,0.0,0.0,0.0
main__libcxx__X__alg_flat_n_1048576_u_524288,libcxx,X,flat,1048576,524288,malloc,./malloc/./malloc/malloc.c,./malloc/./malloc/malloc.c:free [/usr/lib/x86_64-linux-gnu/libc.so.6],0.0001,0.0,0.0,0.0,0.0,0.0,0.0,0.0,0.0,0.0,0.0,0.0,0.0,0.0,0.0
main__libcxx__X__alg_flat_n_1048576_u_524288,libcxx,X,flat,1048576,524288,raw_hash_set,=> /usr/lib/llvm-18/bin/../include/c++/v1/vector,"=> /usr/lib/llvm-18/bin/../include/c++/v1/vector:void std::__1::vector<unsigned long, std::__1::allocator<unsigned long> >::__assign_with_size[abi:ne180100]<abs",14.3314,2.5,0.5,0.0,0.2486,0.0625,0.0,0.2486,0.0625,3.0,0.5938,0.0,0.0,0.3111,0.3111
main__libcxx__X__alg_flat_phased_n_1048576_u_1048576,libcxx,X,flat_phased,1048576,1048576,measured_call,counters.cpp,counters.cpp:measured_call [/home/user/conference-hardfest-algorithms/bench/deep/counters/build/counters_libcxx],116.9883,19.1599,10.0711,0.0001,1.455,1.1459,0.0001,1.0432,1.0888,14.1044,1.8378,0.0,0.0,2.132,2.6009
main__libcxx__X__alg_flat_phased_n_1048576_u_1048576,libcxx,X,flat_phased,1048576,1048576,phase_insert,counters.cpp,"counters.cpp:void phase_insert<absl::lts_20260817::flat_hash_set<unsigned long, absl::lts_20260817::hash_internal::Hash<unsigned long>, std::__1::equal_to<unsig",86.8077,14.1598,9.071,0.0001,1.1462,1.0209,0.0001,0.7438,0.9638,7.1042,0.0428,0.0,0.0,1.7076,2.1671
main__libcxx__X__alg_flat_phased_n_1048576_u_1048576,libcxx,X,flat_phased,1048576,1048576,phase_insert,../../build/abseil-cpp/absl/container/internal/raw_hash_set.h,"../../build/abseil-cpp/absl/container/internal/raw_hash_set.h:void phase_insert<absl::lts_20260817::flat_hash_set<unsigned long, absl::lts_20260817::hash_intern",67.6803,10.128,7.071,0.0,0.0,0.0313,0.0,0.0,0.0313,6.1042,0.0428,0.0,0.0,0.0313,0.0313
main__libcxx__X__alg_flat_phased_n_1048576_u_1048576,libcxx,X,flat_phased,1048576,1048576,phase_dump,counters.cpp,"counters.cpp:void phase_dump<absl::lts_20260817::flat_hash_set<unsigned long, absl::lts_20260817::hash_internal::Hash<unsigned long>, std::__1::equal_to<unsigne",30.1798,5.0,1.0,0.0,0.3087,0.125,0.0,0.2993,0.125,7.0,1.7949,0.0,0.0,0.4243,0.4337
main__libcxx__X__alg_flat_phased_n_1048576_u_1048576,libcxx,X,flat_phased,1048576,1048576,phase_dump,/usr/lib/llvm-18/bin/../include/c++/v1/vector,"/usr/lib/llvm-18/bin/../include/c++/v1/vector:void phase_dump<absl::lts_20260817::flat_hash_set<unsigned long, absl::lts_20260817::hash_internal::Hash<unsigned ",18.3933,3.0,1.0,0.0,0.2775,0.125,0.0,0.2775,0.125,4.0,0.8975,0.0,0.0,0.4025,0.4025
main__libcxx__X__alg_flat_phased_n_1048576_u_1048576,libcxx,X,flat_phased,1048576,1048576,raw_hash_set,/usr/lib/llvm-18/bin/../include/c++/v1/vector,"/usr/lib/llvm-18/bin/../include/c++/v1/vector:void std::__1::vector<unsigned long, std::__1::allocator<unsigned long> >::__assign_with_size[abi:ne180100]<absl::",18.3933,3.0,1.0,0.0,0.2775,0.125,0.0,0.2775,0.125,4.0,0.8975,0.0,0.0,0.4025,0.4025
main__libcxx__X__alg_flat_phased_n_1048576_u_1048576,libcxx,X,flat_phased,1048576,1048576,phase_insert,/usr/lib/llvm-18/bin/../include/c++/v1/__iterator/wrap_iter.h,"/usr/lib/llvm-18/bin/../include/c++/v1/__iterator/wrap_iter.h:void phase_insert<absl::lts_20260817::flat_hash_set<unsigned long, absl::lts_20260817::hash_intern",2.0,0.0,0.0,0.0,0.0,0.0,0.0,0.0,0.0,0.0,0.0,0.0,0.0,0.0,0.0
main__libcxx__X__alg_flat_phased_n_1048576_u_1048576,libcxx,X,flat_phased,1048576,1048576,phase_insert,../../build/abseil-cpp/absl/hash/internal/hash.h,"../../build/abseil-cpp/absl/hash/internal/hash.h:void phase_insert<absl::lts_20260817::flat_hash_set<unsigned long, absl::lts_20260817::hash_internal::Hash<unsi",2.0,0.0,0.0,0.0,0.0,0.0,0.0,0.0,0.0,0.0,0.0,0.0,0.0,0.0,0.0
main__libcxx__X__alg_flat_phased_n_1048576_u_1048576,libcxx,X,flat_phased,1048576,1048576,phase_dump,../../build/abseil-cpp/absl/container/internal/hashtable_control_bytes.h,"../../build/abseil-cpp/absl/container/internal/hashtable_control_bytes.h:void phase_dump<absl::lts_20260817::flat_hash_set<unsigned long, absl::lts_20260817::ha",2.0,0.0,0.0,0.0,0.0,0.0,0.0,0.0,0.0,0.0,0.0,0.0,0.0,0.0,0.0
main__libcxx__X__alg_flat_phased_n_1048576_u_1048576,libcxx,X,flat_phased,1048576,1048576,raw_hash_set,../../build/abseil-cpp/absl/container/internal/hashtable_control_bytes.h,"../../build/abseil-cpp/absl/container/internal/hashtable_control_bytes.h:void std::__1::vector<unsigned long, std::__1::allocator<unsigned long> >::__assign_wit",2.0,0.0,0.0,0.0,0.0,0.0,0.0,0.0,0.0,0.0,0.0,0.0,0.0,0.0,0.0
main__libcxx__X__alg_flat_phased_n_1048576_u_1048576,libcxx,X,flat_phased,1048576,1048576,phase_insert,../../build/abseil-cpp/absl/base/prefetch.h,"../../build/abseil-cpp/absl/base/prefetch.h:void phase_insert<absl::lts_20260817::flat_hash_set<unsigned long, absl::lts_20260817::hash_internal::Hash<unsigned ",1.0003,0.0,0.0,0.0,0.0,0.0,0.0,0.0,0.0,0.0,0.0,0.0,0.0,0.0,0.0
main__libcxx__X__alg_flat_phased_n_1048576_u_1048576,libcxx,X,flat_phased,1048576,1048576,phase_insert,../../build/abseil-cpp/absl/numeric/int128.h,"../../build/abseil-cpp/absl/numeric/int128.h:void phase_insert<absl::lts_20260817::flat_hash_set<unsigned long, absl::lts_20260817::hash_internal::Hash<unsigned",1.0,0.0,0.0,0.0,0.0,0.0,0.0,0.0,0.0,0.0,0.0,0.0,0.0,0.0,0.0
main__libcxx__X__alg_flat_phased_n_1048576_u_1048576,libcxx,X,flat_phased,1048576,1048576,operator new,???,???:operator new(unsigned long) [???],0.0009,0.0002,0.0001,0.0001,0.0,0.0,0.0001,0.0,0.0,0.0002,0.0,0.0,0.0,0.0,0.0
main__libcxx__X__alg_flat_phased_n_1048576_u_1048576,libcxx,X,flat_phased,1048576,1048576,malloc,./malloc/./malloc/malloc.c,./malloc/./malloc/malloc.c:malloc [/usr/lib/x86_64-linux-gnu/libc.so.6],0.0009,0.0001,0.0001,0.0001,0.0,0.0,0.0001,0.0,0.0,0.0002,0.0,0.0,0.0,0.0,0.0
main__libcxx__X__alg_flat_phased_n_1048576_u_1048576,libcxx,X,flat_phased,1048576,1048576,malloc,./malloc/./malloc/malloc.c,./malloc/./malloc/malloc.c:_int_malloc [/usr/lib/x86_64-linux-gnu/libc.so.6],0.0008,0.0001,0.0001,0.0,0.0,0.0,0.0,0.0,0.0,0.0002,0.0,0.0,0.0,0.0,0.0
main__libcxx__X__alg_flat_phased_n_1048576_u_1048576,libcxx,X,flat_phased,1048576,1048576,unique,/usr/lib/llvm-18/bin/../include/c++/v1/__memory/unique_ptr.h,"/usr/lib/llvm-18/bin/../include/c++/v1/__memory/unique_ptr.h:alg_flat_phased(std::__1::vector<unsigned long, std::__1::allocator<unsigned long> >&, Ctx const&)",0.0005,0.0001,0.0,0.0,0.0,0.0,0.0,0.0,0.0,0.0001,0.0,0.0,0.0,0.0,0.0
main__libcxx__X__alg_flat_phased_n_1048576_u_1048576,libcxx,X,flat_phased,1048576,1048576,phase_dtor,counters.cpp,"counters.cpp:void phase_dtor<absl::lts_20260817::flat_hash_set<unsigned long, absl::lts_20260817::hash_internal::Hash<unsigned long>, std::__1::equal_to<unsigne",0.0002,0.0001,0.0,0.0,0.0,0.0,0.0,0.0,0.0,0.0,0.0,0.0,0.0,0.0,0.0
main__libcxx__X__alg_flat_phased_n_1048576_u_1048576,libcxx,X,flat_phased,1048576,1048576,operator delete,???,???:operator delete(void*) [/usr/lib/llvm-18/lib/libc++abi.so.1.0],0.0002,0.0,0.0,0.0,0.0,0.0,0.0,0.0,0.0,0.0,0.0,0.0,0.0,0.0,0.0
main__libcxx__X__alg_flat_phased_n_1048576_u_1048576,libcxx,X,flat_phased,1048576,1048576,malloc,./malloc/./malloc/malloc.c,./malloc/./malloc/malloc.c:free [/usr/lib/x86_64-linux-gnu/libc.so.6],0.0001,0.0,0.0,0.0,0.0,0.0,0.0,0.0,0.0,0.0,0.0,0.0,0.0,0.0,0.0
main__libcxx__X__alg_flat_phased_n_1048576_u_1048576,libcxx,X,flat_phased,1048576,1048576,phase_dtor,../../build/abseil-cpp/absl/container/internal/raw_hash_set.h,"../../build/abseil-cpp/absl/container/internal/raw_hash_set.h:void phase_dtor<absl::lts_20260817::flat_hash_set<unsigned long, absl::lts_20260817::hash_internal",0.0001,0.0,0.0,0.0,0.0,0.0,0.0,0.0,0.0,0.0,0.0,0.0,0.0,0.0,0.0
main__libcxx__X__alg_flat_phased_n_1048576_u_1048576,libcxx,X,flat_phased,1048576,1048576,malloc,./malloc/./malloc/malloc.c,./malloc/./malloc/malloc.c:sysmalloc_mmap.isra.0 [/usr/lib/x86_64-linux-gnu/libc.so.6],0.0001,0.0,0.0,0.0,0.0,0.0,0.0,0.0,0.0,0.0,0.0,0.0,0.0,0.0,0.0
main__libcxx__X__alg_flat_phased_n_1048576_u_1048576,libcxx,X,flat_phased,1048576,1048576,raw_hash_set,=> /usr/lib/llvm-18/bin/../include/c++/v1/vector,"=> /usr/lib/llvm-18/bin/../include/c++/v1/vector:void std::__1::vector<unsigned long, std::__1::allocator<unsigned long> >::__assign_with_size[abi:ne180100]<abs",18.3933,3.0,1.0,0.0,0.2775,0.125,0.0,0.2775,0.125,4.0,0.8975,0.0,0.0,0.4025,0.4025
main__libcxx__X__alg_flat_phased_n_1048576_u_1048576,libcxx,X,flat_phased,1048576,1048576,phase_insert,=> counters.cpp,"=> counters.cpp:void phase_insert<absl::lts_20260817::flat_hash_set<unsigned long, absl::lts_20260817::hash_internal::Hash<unsigned long>, std::__1::equal_to<un",86.8077,14.1598,9.071,0.0001,1.1462,1.0209,0.0001,0.7438,0.9638,7.1042,0.0428,0.0,0.0,1.7076,2.1671
main__libcxx__X__alg_flat_phased_n_1048576_u_1048576,libcxx,X,flat_phased,1048576,1048576,phase_dump,=> counters.cpp,"=> counters.cpp:void phase_dump<absl::lts_20260817::flat_hash_set<unsigned long, absl::lts_20260817::hash_internal::Hash<unsigned long>, std::__1::equal_to<unsi",30.1798,5.0,1.0,0.0,0.3087,0.125,0.0,0.2993,0.125,7.0,1.7949,0.0,0.0,0.4243,0.4337
main__libcxx__X__alg_flat_phased_n_1048576_u_1048576,libcxx,X,flat_phased,1048576,1048576,phase_dtor,=> counters.cpp,"=> counters.cpp:void phase_dtor<absl::lts_20260817::flat_hash_set<unsigned long, absl::lts_20260817::hash_internal::Hash<unsigned long>, std::__1::equal_to<unsi",0.0002,0.0001,0.0,0.0,0.0,0.0,0.0,0.0,0.0,0.0,0.0,0.0,0.0,0.0,0.0
main__libcxx__X__alg_flat_phased_n_1048576_u_1048576,libcxx,X,flat_phased,1048576,1048576,raw_hash_set,,<counts for unidentified lines in ../../build/abseil-cpp/absl/container/internal/raw_hash_set.h>,9.0314,0.0,0.0,0.0,0.0,0.0,0.0,0.0,0.0,0.0,0.0,0.0,0.0,0.0,0.0
main__libcxx__X__alg_flat_phased_n_1048576_u_1048576,libcxx,X,flat_phased,1048576,1048576,operator new,=> ???,=> ???:operator new(unsigned long) (1x),0.0005,0.0001,0.0,0.0,0.0,0.0,0.0,0.0,0.0,0.0001,0.0,0.0,0.0,0.0,0.0
main__libcxx__X__alg_flat_phased_n_1048576_u_524288,libcxx,X,flat_phased,1048576,524288,measured_call,counters.cpp,counters.cpp:measured_call [/home/user/conference-hardfest-algorithms/bench/deep/counters/build/counters_libcxx],90.3183,14.0719,6.5356,0.0001,1.9013,0.5921,0.0001,1.4267,0.563,12.0368,1.5449,0.0,0.0,1.9897,2.4934
main__libcxx__X__alg_flat_phased_n_1048576_u_524288,libcxx,X,flat_phased,1048576,524288,phase_insert,counters.cpp,"counters.cpp:void phase_insert<absl::lts_20260817::flat_hash_set<unsigned long, absl::lts_20260817::hash_internal::Hash<unsigned long>, std::__1::equal_to<unsig",65.8234,9.5718,6.0355,0.0,1.6215,0.5296,0.0,1.1563,0.5005,6.5367,0.3568,0.0,0.0,1.6568,2.151
main__libcxx__X__alg_flat_phased_n_1048576_u_524288,libcxx,X,flat_phased,1048576,524288,phase_insert,../../build/abseil-cpp/absl/container/internal/raw_hash_set.h,"../../build/abseil-cpp/absl/container/internal/raw_hash_set.h:void phase_insert<absl::lts_20260817::flat_hash_set<unsigned long, absl::lts_20260817::hash_intern",48.7904,6.0636,4.5355,0.0,0.0,0.0323,0.0,0.0,0.0313,5.5367,0.3568,0.0,0.0,0.0313,0.0323
main__libcxx__X__alg_flat_phased_n_1048576_u_524288,libcxx,X,flat_phased,1048576,524288,phase_dump,counters.cpp,"counters.cpp:void phase_dump<absl::lts_20260817::flat_hash_set<unsigned long, absl::lts_20260817::hash_internal::Hash<unsigned long>, std::__1::equal_to<unsigne",24.4944,4.5,0.5,0.0,0.2799,0.0625,0.0,0.2704,0.0625,5.5,1.188,0.0,0.0,0.3329,0.3424
main__libcxx__X__alg_flat_phased_n_1048576_u_524288,libcxx,X,flat_phased,1048576,524288,phase_dump,/usr/lib/llvm-18/bin/../include/c++/v1/vector,"/usr/lib/llvm-18/bin/../include/c++/v1/vector:void phase_dump<absl::lts_20260817::flat_hash_set<unsigned long, absl::lts_20260817::hash_internal::Hash<unsigned ",14.3315,2.5,0.5,0.0,0.2486,0.0625,0.0,0.2486,0.0625,3.0,0.5938,0.0,0.0,0.3111,0.3111
main__libcxx__X__alg_flat_phased_n_1048576_u_524288,libcxx,X,flat_phased,1048576,524288,raw_hash_set,/usr/lib/llvm-18/bin/../include/c++/v1/vector,"/usr/lib/llvm-18/bin/../include/c++/v1/vector:void std::__1::vector<unsigned long, std::__1::allocator<unsigned long> >::__assign_with_size[abi:ne180100]<absl::",14.3314,2.5,0.5,0.0,0.2486,0.0625,0.0,0.2486,0.0625,3.0,0.5938,0.0,0.0,0.3111,0.3111
main__libcxx__X__alg_flat_phased_n_1048576_u_524288,libcxx,X,flat_phased,1048576,524288,phase_insert,/usr/lib/llvm-18/bin/../include/c++/v1/__iterator/wrap_iter.h,"/usr/lib/llvm-18/bin/../include/c++/v1/__iterator/wrap_iter.h:void phase_insert<absl::lts_20260817::flat_hash_set<unsigned long, absl::lts_20260817::hash_intern",2.0,0.0,0.0,0.0,0.0,0.0,0.0,0.0,0.0,0.0,0.0,0.0,0.0,0.0,0.0
main__libcxx__X__alg_flat_phased_n_1048576_u_524288,libcxx,X,flat_phased,1048576,524288,phase_dump,../../build/abseil-cpp/absl/container/internal/hashtable_control_bytes.h,"../../build/abseil-cpp/absl/container/internal/hashtable_control_bytes.h:void phase_dump<absl::lts_20260817::flat_hash_set<unsigned long, absl::lts_20260817::ha",2.0,0.0,0.0,0.0,0.0,0.0,0.0,0.0,0.0,0.0,0.0,0.0,0.0,0.0,0.0
main__libcxx__X__alg_flat_phased_n_1048576_u_524288,libcxx,X,flat_phased,1048576,524288,phase_insert,../../build/abseil-cpp/absl/hash/internal/hash.h,"../../build/abseil-cpp/absl/hash/internal/hash.h:void phase_insert<absl::lts_20260817::flat_hash_set<unsigned long, absl::lts_20260817::hash_internal::Hash<unsi",2.0,0.0,0.0,0.0,0.0,0.0,0.0,0.0,0.0,0.0,0.0,0.0,0.0,0.0,0.0
main__libcxx__X__alg_flat_phased_n_1048576_u_524288,libcxx,X,flat_phased,1048576,524288,raw_hash_set,../../build/abseil-cpp/absl/container/internal/hashtable_control_bytes.h,"../../build/abseil-cpp/absl/container/internal/hashtable_control_bytes.h:void std::__1::vector<unsigned long, std::__1::allocator<unsigned long> >::__assign_wit",2.0,0.0,0.0,0.0,0.0,0.0,0.0,0.0,0.0,0.0,0.0,0.0,0.0,0.0,0.0
main__libcxx__X__alg_flat_phased_n_1048576_u_524288,libcxx,X,flat_phased,1048576,524288,phase_insert,../../build/abseil-cpp/absl/base/prefetch.h,"../../build/abseil-cpp/absl/base/prefetch.h:void phase_insert<absl::lts_20260817::flat_hash_set<unsigned long, absl::lts_20260817::hash_internal::Hash<unsigned ",1.0,0.0,0.0,0.0,0.0,0.0,0.0,0.0,0.0,0.0,0.0,0.0,0.0,0.0,0.0
main__libcxx__X__alg_flat_phased_n_1048576_u_524288,libcxx,X,flat_phased,1048576,524288,phase_insert,../../build/abseil-cpp/absl/numeric/int128.h,"../../build/abseil-cpp/absl/numeric/int128.h:void phase_insert<absl::lts_20260817::flat_hash_set<unsigned long, absl::lts_20260817::hash_internal::Hash<unsigned",1.0,0.0,0.0,0.0,0.0,0.0,0.0,0.0,0.0,0.0,0.0,0.0,0.0,0.0,0.0
main__libcxx__X__alg_flat_phased_n_1048576_u_524288,libcxx,X,flat_phased,1048576,524288,operator new,???,???:operator new(unsigned long) [???],0.0005,0.0001,0.0001,0.0,0.0,0.0,0.0,0.0,0.0,0.0001,0.0,0.0,0.0,0.0,0.0
main__libcxx__X__alg_flat_phased_n_1048576_u_524288,libcxx,X,flat_phased,1048576,524288,malloc,./malloc/./malloc/malloc.c,./malloc/./malloc/malloc.c:malloc [/usr/lib/x86_64-linux-gnu/libc.so.6],0.0005,0.0001,0.0001,0.0,0.0,0.0,0.0,0.0,0.0,0.0001,0.0,0.0,0.0,0.0,0.0
main__libcxx__X__alg_flat_phased_n_1048576_u_524288,libcxx,X,flat_phased,1048576,524288,malloc,./malloc/./malloc/malloc.c,./malloc/./malloc/malloc.c:_int_malloc [/usr/lib/x86_64-linux-gnu/libc.so.6],0.0004,0.0001,0.0,0.0,0.0,0.0,0.0,0.0,0.0,0.0001,0.0,0.0,0.0,0.0,0.0
main__libcxx__X__alg_flat_phased_n_1048576_u_524288,libcxx,X,flat_phased,1048576,524288,phase_dtor,counters.cpp,"counters.cpp:void phase_dtor<absl::lts_20260817::flat_hash_set<unsigned long, absl::lts_20260817::hash_internal::Hash<unsigned long>, std::__1::equal_to<unsigne",0.0002,0.0001,0.0,0.0,0.0,0.0,0.0,0.0,0.0,0.0,0.0,0.0,0.0,0.0,0.0
main__libcxx__X__alg_flat_phased_n_1048576_u_524288,libcxx,X,flat_phased,1048576,524288,unique,/usr/lib/llvm-18/bin/../include/c++/v1/__memory/unique_ptr.h,"/usr/lib/llvm-18/bin/../include/c++/v1/__memory/unique_ptr.h:alg_flat_phased(std::__1::vector<unsigned long, std::__1::allocator<unsigned long> >&, Ctx const&)",0.0002,0.0,0.0,0.0,0.0,0.0,0.0,0.0,0.0,0.0,0.0,0.0,0.0,0.0,0.0
main__libcxx__X__alg_flat_phased_n_1048576_u_524288,libcxx,X,flat_phased,1048576,524288,operator delete,???,???:operator delete(void*) [/usr/lib/llvm-18/lib/libc++abi.so.1.0],0.0002,0.0,0.0,0.0,0.0,0.0,0.0,0.0,0.0,0.0,0.0,0.0,0.0,0.0,0.0
main__libcxx__X__alg_flat_phased_n_1048576_u_524288,libcxx,X,flat_phased,1048576,524288,malloc,./malloc/./malloc/malloc.c,./malloc/./malloc/malloc.c:free [/usr/lib/x86_64-linux-gnu/libc.so.6],0.0001,0.0,0.0,0.0,0.0,0.0,0.0,0.0,0.0,0.0,0.0,0.0,0.0,0.0,0.0
main__libcxx__X__alg_flat_phased_n_1048576_u_524288,libcxx,X,flat_phased,1048576,524288,phase_dtor,../../build/abseil-cpp/absl/container/internal/raw_hash_set.h,"../../build/abseil-cpp/absl/container/internal/raw_hash_set.h:void phase_dtor<absl::lts_20260817::flat_hash_set<unsigned long, absl::lts_20260817::hash_internal",0.0001,0.0,0.0,0.0,0.0,0.0,0.0,0.0,0.0,0.0,0.0,0.0,0.0,0.0,0.0
main__libcxx__X__alg_flat_phased_n_1048576_u_524288,libcxx,X,flat_phased,1048576,524288,malloc,./malloc/./malloc/malloc.c,./malloc/./malloc/malloc.c:sysmalloc_mmap.isra.0 [/usr/lib/x86_64-linux-gnu/libc.so.6],0.0001,0.0,0.0,0.0,0.0,0.0,0.0,0.0,0.0,0.0,0.0,0.0,0.0,0.0,0.0
main__libcxx__X__alg_flat_phased_n_1048576_u_524288,libcxx,X,flat_phased,1048576,524288,phase_insert,=> counters.cpp,"=> counters.cpp:void phase_insert<absl::lts_20260817::flat_hash_set<unsigned long, absl::lts_20260817::hash_internal::Hash<unsigned long>, std::__1::equal_to<un",65.8234,9.5718,6.0355,0.0,1.6215,0.5296,0.0,1.1563,0.5005,6.5367,0.3568,0.0,0.0,1.6568,2.151
main__libcxx__X__alg_flat_phased_n_1048576_u_524288,libcxx,X,flat_phased,1048576,524288,phase_dump,=> counters.cpp,"=> counters.cpp:void phase_dump<absl::lts_20260817::flat_hash_set<unsigned long, absl::lts_20260817::hash_internal::Hash<unsigned long>, std::__1::equal_to<unsi",24.4944,4.5,0.5,0.0,0.2799,0.0625,0.0,0.2704,0.0625,5.5,1.188,0.0,0.0,0.3329,0.3424
main__libcxx__X__alg_flat_phased_n_1048576_u_524288,libcxx,X,flat_phased,1048576,524288,phase_dtor,=> counters.cpp,"=> counters.cpp:void phase_dtor<absl::lts_20260817::flat_hash_set<unsigned long, absl::lts_20260817::hash_internal::Hash<unsigned long>, std::__1::equal_to<unsi",0.0002,0.0001,0.0,0.0,0.0,0.0,0.0,0.0,0.0,0.0,0.0,0.0,0.0,0.0,0.0
main__libcxx__X__alg_flat_phased_n_1048576_u_524288,libcxx,X,flat_phased,1048576,524288,operator new,=> ???,=> ???:operator new(unsigned long) (1x),0.0002,0.0,0.0,0.0,0.0,0.0,0.0,0.0,0.0,0.0,0.0,0.0,0.0,0.0,0.0
main__libcxx__X__alg_flat_phased_n_1048576_u_524288,libcxx,X,flat_phased,1048576,524288,raw_hash_set,=> /usr/lib/llvm-18/bin/../include/c++/v1/vector,"=> /usr/lib/llvm-18/bin/../include/c++/v1/vector:void std::__1::vector<unsigned long, std::__1::allocator<unsigned long> >::__assign_with_size[abi:ne180100]<abs",14.3314,2.5,0.5,0.0,0.2486,0.0625,0.0,0.2486,0.0625,3.0,0.5938,0.0,0.0,0.3111,0.3111
main__libcxx__X__alg_flat_phased_n_1048576_u_524288,libcxx,X,flat_phased,1048576,524288,raw_hash_set,,<counts for unidentified lines in ../../build/abseil-cpp/absl/container/internal/raw_hash_set.h>,8.5082,0.0,0.0,0.0,0.0,0.0,0.0,0.0,0.0,0.0,0.0,0.0,0.0,0.0,0.0
main__libcxx__X__alg_radix_n_1048576_u_1048576,libcxx,X,radix,1048576,1048576,measured_call,counters.cpp,counters.cpp:measured_call [/home/user/conference-hardfest-algorithms/bench/deep/counters/build/counters_libcxx],106.0175,19.0027,24.0102,0.0002,1.2503,1.069,0.0002,1.2448,0.9962,7.0086,0.0002,0.0,0.0,2.241,2.3193
main__libcxx__X__alg_radix_n_1048576_u_1048576,libcxx,X,radix,1048576,1048576,unique,/usr/lib/llvm-18/bin/../include/c++/v1/__memory/unique_ptr.h,"/usr/lib/llvm-18/bin/../include/c++/v1/__memory/unique_ptr.h:alg_radix(std::__1::vector<unsigned long, std::__1::allocator<unsigned long> >&, Ctx const&)",0.0008,0.0003,0.0002,0.0,0.0001,0.0,0.0,0.0001,0.0,0.0001,0.0,0.0,0.0,0.0001,0.0001
main__libcxx__X__alg_radix_n_1048576_u_1048576,libcxx,X,radix,1048576,1048576,operator new,???,???:operator new[](unsigned long) [???],0.0007,0.0002,0.0001,0.0001,0.0,0.0,0.0001,0.0,0.0,0.0001,0.0,0.0,0.0,0.0,0.0
main__libcxx__X__alg_radix_n_1048576_u_1048576,libcxx,X,radix,1048576,1048576,operator new,???,???:operator new(unsigned long) [???],0.0007,0.0002,0.0001,0.0001,0.0,0.0,0.0001,0.0,0.0,0.0001,0.0,0.0,0.0,0.0,0.0
main__libcxx__X__alg_radix_n_1048576_u_1048576,libcxx,X,radix,1048576,1048576,malloc,./malloc/./malloc/malloc.c,./malloc/./malloc/malloc.c:malloc [/usr/lib/x86_64-linux-gnu/libc.so.6],0.0007,0.0002,0.0001,0.0001,0.0,0.0,0.0001,0.0,0.0,0.0001,0.0,0.0,0.0,0.0,0.0
main__libcxx__X__alg_radix_n_1048576_u_1048576,libcxx,X,radix,1048576,1048576,malloc,./malloc/./malloc/malloc.c,./malloc/./malloc/malloc.c:_int_malloc [/usr/lib/x86_64-linux-gnu/libc.so.6],0.0006,0.0001,0.0001,0.0001,0.0,0.0,0.0001,0.0,0.0,0.0001,0.0,0.0,0.0,0.0,0.0
main__libcxx__X__alg_radix_n_1048576_u_1048576,libcxx,X,radix,1048576,1048576,malloc,./malloc/./malloc/morecore.c,./malloc/./malloc/morecore.c:__glibc_morecore [/usr/lib/x86_64-linux-gnu/libc.so.6],0.0001,0.0,0.0,0.0,0.0,0.0,0.0,0.0,0.0,0.0,0.0,0.0,0.0,0.0,0.0
main__libcxx__X__alg_radix_n_1048576_u_1048576,libcxx,X,radix,1048576,1048576,operator new,=> ???,=> ???:operator new[](unsigned long) (1x),0.0007,0.0002,0.0001,0.0001,0.0,0.0,0.0001,0.0,0.0,0.0001,0.0,0.0,0.0,0.0,0.0
main__libcxx__X__alg_radix_n_1048576_u_524288,libcxx,X,radix,1048576,524288,measured_call,counters.cpp,counters.cpp:measured_call [/home/user/conference-hardfest-algorithms/bench/deep/counters/build/counters_libcxx],107.5171,18.0025,24.5101,0.0001,1.2503,1.1835,0.0001,1.2439,1.0392,7.0086,0.4299,0.0,0.0,2.2831,2.4338
main__libcxx__X__alg_radix_n_1048576_u_524288,libcxx,X,radix,1048576,524288,unique,/usr/lib/llvm-18/bin/../include/c++/v1/__memory/unique_ptr.h,"/usr/lib/llvm-18/bin/../include/c++/v1/__memory/unique_ptr.h:alg_radix(std::__1::vector<unsigned long, std::__1::allocator<unsigned long> >&, Ctx const&)",0.0008,0.0003,0.0001,0.0,0.0001,0.0,0.0,0.0001,0.0,0.0001,0.0,0.0,0.0,0.0001,0.0001
main__libcxx__X__alg_radix_n_1048576_u_524288,libcxx,X,radix,1048576,524288,operator new,???,???:operator new[](unsigned long) [???],0.0003,0.0001,0.0,0.0,0.0,0.0,0.0,0.0,0.0,0.0,0.0,0.0,0.0,0.0,0.0
main__libcxx__X__alg_radix_n_1048576_u_524288,libcxx,X,radix,1048576,524288,operator new,???,???:operator new(unsigned long) [???],0.0003,0.0001,0.0,0.0,0.0,0.0,0.0,0.0,0.0,0.0,0.0,0.0,0.0,0.0,0.0
main__libcxx__X__alg_radix_n_1048576_u_524288,libcxx,X,radix,1048576,524288,malloc,./malloc/./malloc/malloc.c,./malloc/./malloc/malloc.c:malloc [/usr/lib/x86_64-linux-gnu/libc.so.6],0.0003,0.0001,0.0,0.0,0.0,0.0,0.0,0.0,0.0,0.0,0.0,0.0,0.0,0.0,0.0
main__libcxx__X__alg_radix_n_1048576_u_524288,libcxx,X,radix,1048576,524288,malloc,./malloc/./malloc/malloc.c,./malloc/./malloc/malloc.c:_int_malloc [/usr/lib/x86_64-linux-gnu/libc.so.6],0.0003,0.0001,0.0,0.0,0.0,0.0,0.0,0.0,0.0,0.0,0.0,0.0,0.0,0.0,0.0
main__libcxx__X__alg_radix_n_1048576_u_524288,libcxx,X,radix,1048576,524288,malloc,./malloc/./malloc/malloc.c,./malloc/./malloc/malloc.c:sysmalloc_mmap.isra.0 [/usr/lib/x86_64-linux-gnu/libc.so.6],0.0001,0.0,0.0,0.0,0.0,0.0,0.0,0.0,0.0,0.0,0.0,0.0,0.0,0.0,0.0
main__libcxx__X__alg_radix_n_1048576_u_524288,libcxx,X,radix,1048576,524288,operator new,=> ???,=> ???:operator new[](unsigned long) (1x),0.0003,0.0001,0.0,0.0,0.0,0.0,0.0,0.0,0.0,0.0,0.0,0.0,0.0,0.0,0.0
main__libcxx__X__alg_sort_n_1048576_u_1048576,libcxx,X,sort,1048576,1048576,measured_call,counters.cpp,counters.cpp:measured_call [/home/user/conference-hardfest-algorithms/bench/deep/counters/build/counters_libcxx],136.2625,26.4496,12.9309,0.0,1.2518,0.0027,0.0,0.5153,0.0001,30.0809,8.6851,0.0069,0.005,0.5154,1.2545
main__libcxx__X__alg_sort_n_1048576_u_1048576,libcxx,X,sort,1048576,1048576,__sort,???,"???:void std::__1::__sort<std::__1::__less<unsigned long, unsigned long>&, unsigned long*>(unsigned long*, unsigned long*, std::__1::__less<unsigned long, unsig",129.2625,24.4496,12.9309,0.0,1.1268,0.0027,0.0,0.3903,0.0001,28.0809,8.6851,0.0069,0.005,0.3904,1.1295
main__libcxx__X__alg_sort_n_1048576_u_1048576,libcxx,X,sort,1048576,1048576,__sort,=> ???,"=> ???:void std::__1::__sort<std::__1::__less<unsigned long, unsigned long>&, unsigned long*>(unsigned long*, unsigned long*, std::__1::__less<unsigned long, un",129.2625,24.4496,12.9309,0.0,1.1268,0.0027,0.0,0.3903,0.0001,28.0809,8.6851,0.0069,0.005,0.3904,1.1295
main__libcxx__X__alg_sort_n_1048576_u_524288,libcxx,X,sort,1048576,524288,measured_call,counters.cpp,counters.cpp:measured_call [/home/user/conference-hardfest-algorithms/bench/deep/counters/build/counters_libcxx],135.7449,25.0821,13.0152,0.0,1.25,0.0646,0.0,0.5102,0.0412,29.7283,9.0993,0.0067,0.005,0.5514,1.3146
main__libcxx__X__alg_sort_n_1048576_u_524288,libcxx,X,sort,1048576,524288,__sort,???,"???:void std::__1::__sort<std::__1::__less<unsigned long, unsigned long>&, unsigned long*>(unsigned long*, unsigned long*, std::__1::__less<unsigned long, unsig",127.2449,24.0821,12.5152,0.0,1.125,0.0026,0.0,0.3852,0.0001,27.7283,8.6696,0.0067,0.005,0.3853,1.1276
main__libcxx__X__alg_sort_n_1048576_u_524288,libcxx,X,sort,1048576,524288,__sort,=> ???,"=> ???:void std::__1::__sort<std::__1::__less<unsigned long, unsigned long>&, unsigned long*>(unsigned long*, unsigned long*, std::__1::__less<unsigned long, un",127.2449,24.0821,12.5152,0.0,1.125,0.0026,0.0,0.3852,0.0001,27.7283,8.6696,0.0067,0.005,0.3853,1.1276
main__libcxx__X__alg_uset_n_1048576_u_1048576,libcxx,X,uset,1048576,1048576,measured_call,counters.cpp,counters.cpp:measured_call [/home/user/conference-hardfest-algorithms/bench/deep/counters/build/counters_libcxx],539.1305,124.1458,71.1122,0.0001,6.8945,0.7501,0.0001,6.2881,0.7501,80.855,2.1409,4.0,0.0,7.0382,7.6446
main__libcxx__X__alg_uset_n_1048576_u_1048576,libcxx,X,uset,1048576,1048576,__hash_table,/usr/lib/llvm-18/bin/../include/c++/v1/__hash_table,"/usr/lib/llvm-18/bin/../include/c++/v1/__hash_table:alg_uset(std::__1::vector<unsigned long, std::__1::allocator<unsigned long> >&, Ctx const&)",325.7987,66.6456,39.3287,0.0001,3.5468,0.6251,0.0001,3.3238,0.6251,45.5057,1.0982,2.0,0.0,3.9489,4.172
main__libcxx__X__alg_uset_n_1048576_u_1048576,libcxx,X,uset,1048576,1048576,__hash_table,/usr/lib/llvm-18/bin/../include/c++/v1/__hash_table,"/usr/lib/llvm-18/bin/../include/c++/v1/__hash_table:std::__1::pair<std::__1::__hash_iterator<std::__1::__hash_node<unsigned long, void*>*>, bool> std::__1::__ha",314.0479,63.6454,37.3286,0.0,1.9874,0.5001,0.0,1.8219,0.5001,44.2555,1.0981,2.0,0.0,2.322,2.4875
main__libcxx__X__alg_uset_n_1048576_u_1048576,libcxx,X,uset,1048576,1048576,__hash_table,/usr/lib/llvm-18/bin/../include/c++/v1/new,"/usr/lib/llvm-18/bin/../include/c++/v1/new:std::__1::pair<std::__1::__hash_iterator<std::__1::__hash_node<unsigned long, void*>*>, bool> std::__1::__hash_table<",212.9314,43.016,23.0625,0.0,0.0006,0.5001,0.0,0.0002,0.5001,32.0271,0.0002,2.0,0.0,0.5003,0.5007
main__libcxx__X__alg_uset_n_1048576_u_1048576,libcxx,X,uset,1048576,1048576,operator new,???,???:operator new(unsigned long) [???],208.9321,42.0162,22.0626,0.0001,0.0006,0.5001,0.0001,0.0002,0.5001,32.0272,0.0003,1.0,0.0,0.5003,0.5007
main__libcxx__X__alg_uset_n_1048576_u_1048576,libcxx,X,uset,1048576,1048576,operator delete,???,???:operator delete(void*) [/usr/lib/llvm-18/lib/libc++abi.so.1.0],196.3318,53.5003,28.7835,0.0,2.2147,0.0,0.0,1.8711,0.0,32.3493,1.0427,1.0,0.0,1.8711,2.2148
main__libcxx__X__alg_uset_n_1048576_u_1048576,libcxx,X,uset,1048576,1048576,malloc,./malloc/./malloc/malloc.c,./malloc/./malloc/malloc.c:malloc [/usr/lib/x86_64-linux-gnu/libc.so.6],189.9321,38.0162,18.0626,0.0001,0.0006,0.5001,0.0001,0.0002,0.5001,31.0272,0.0003,0.0,0.0,0.5003,0.5007
main__libcxx__X__alg_uset_n_1048576_u_1048576,libcxx,X,uset,1048576,1048576,malloc,./malloc/./malloc/malloc.c,./malloc/./malloc/malloc.c:free [/usr/lib/x86_64-linux-gnu/libc.so.6],189.3317,51.5003,27.7835,0.0,2.2147,0.0,0.0,1.8711,0.0,32.3493,1.0427,0.0,0.0,1.8711,2.2148
main__libcxx__X__alg_uset_n_1048576_u_1048576,libcxx,X,uset,1048576,1048576,malloc,./malloc/./malloc/malloc.c,./malloc/./malloc/malloc.c:_int_free [/usr/lib/x86_64-linux-gnu/libc.so.6],158.3319,41.5003,21.7835,0.0,2.2087,0.0,0.0,1.8651,0.0,28.3494,1.0428,0.0,0.0,1.8651,2.2087
main__libcxx__X__alg_uset_n_1048576_u_1048576,libcxx,X,uset,1048576,1048576,malloc,./malloc/./malloc/malloc.c,./malloc/./malloc/malloc.c:_int_malloc [/usr/lib/x86_64-linux-gnu/libc.so.6],142.932,26.0162,13.0626,0.0001,0.0006,0.5001,0.0001,0.0002,0.5001,21.0272,0.0003,0.0,0.0,0.5003,0.5007
main__libcxx__X__alg_uset_n_1048576_u_1048576,libcxx,X,uset,1048576,1048576,malloc,./malloc/./malloc/malloc.c,./malloc/./malloc/malloc.c:_int_free_merge_chunk [/usr/lib/x86_64-linux-gnu/libc.so.6],83.332,22.5003,14.7835,0.0,1.9835,0.0,0.0,1.6549,0.0,12.3494,1.0427,0.0,0.0,1.6549,1.9835
main__libcxx__X__alg_uset_n_1048576_u_1048576,libcxx,X,uset,1048576,1048576,malloc,./malloc/./malloc/malloc.c,./malloc/./malloc/malloc.c:_int_free_maybe_consolidate [/usr/lib/x86_64-linux-gnu/libc.so.6],83.3318,22.5003,14.7835,0.0,1.9835,0.0,0.0,1.6549,0.0,12.3494,1.0427,0.0,0.0,1.6549,1.9835
main__libcxx__X__alg_uset_n_1048576_u_1048576,libcxx,X,uset,1048576,1048576,malloc,./malloc/./malloc/malloc.c,./malloc/./malloc/malloc.c:malloc_consolidate [/usr/lib/x86_64-linux-gnu/libc.so.6],83.3318,22.5003,14.7834,0.0,1.9835,0.0,0.0,1.6549,0.0,12.3494,1.0427,0.0,0.0,1.6549,1.9835
main__libcxx__X__alg_uset_n_1048576_u_1048576,libcxx,X,uset,1048576,1048576,rehash,/usr/lib/llvm-18/bin/../include/c++/v1/__hash_table,"/usr/lib/llvm-18/bin/../include/c++/v1/__hash_table:void std::__1::__hash_table<unsigned long, std::__1::hash<unsigned long>, std::__1::equal_to<unsigned long>,",2.7507,1.0002,1.0001,0.0001,0.0,0.125,0.0001,0.0,0.125,0.2501,0.0001,0.0,0.0,0.125,0.125
main__libcxx__X__alg_uset_n_1048576_u_1048576,libcxx,X,uset,1048576,1048576,__hash_table,/usr/lib/llvm-18/bin/../include/c++/v1/__memory/construct_at.h,"/usr/lib/llvm-18/bin/../include/c++/v1/__memory/construct_at.h:std::__1::pair<std::__1::__hash_iterator<std::__1::__hash_node<unsigned long, void*>*>, bool> std",2.0,1.0,1.0,0.0,0.0,0.0,0.0,0.0,0.0,0.0,0.0,0.0,0.0,0.0,0.0
main__libcxx__X__alg_uset_n_1048576_u_1048576,libcxx,X,uset,1048576,1048576,malloc,./malloc/./malloc/morecore.c,./malloc/./malloc/morecore.c:__glibc_morecore [/usr/lib/x86_64-linux-gnu/libc.so.6],0.0041,0.0011,0.0007,0.0,0.0003,0.0001,0.0,0.0001,0.0,0.0007,0.0,0.0,0.0,0.0001,0.0004
main__libcxx__X__alg_uset_n_1048576_u_1048576,libcxx,X,uset,1048576,1048576,malloc,./malloc/./malloc/malloc.c,./malloc/./malloc/malloc.c:sysmalloc_mmap_fallback.constprop.0 [/usr/lib/x86_64-linux-gnu/libc.so.6],0.0024,0.0005,0.0004,0.0,0.0,0.0,0.0,0.0,0.0,0.0003,0.0,0.0,0.0,0.0,0.0
main__libcxx__X__alg_uset_n_1048576_u_1048576,libcxx,X,uset,1048576,1048576,rehash,/usr/lib/llvm-18/bin/../include/c++/v1/new,"/usr/lib/llvm-18/bin/../include/c++/v1/new:void std::__1::__hash_table<unsigned long, std::__1::hash<unsigned long>, std::__1::equal_to<unsigned long>, std::__1",0.0007,0.0002,0.0001,0.0001,0.0,0.0,0.0001,0.0,0.0,0.0001,0.0,0.0,0.0,0.0,0.0
main__libcxx__X__alg_uset_n_1048576_u_1048576,libcxx,X,uset,1048576,1048576,operator new,=> ???,"=> ???:operator new(unsigned long) (1,048,576x)",208.9314,42.016,22.0625,0.0,0.0006,0.5001,0.0,0.0002,0.5001,32.0271,0.0002,1.0,0.0,0.5003,0.5007
main__libcxx__X__alg_uset_n_1048576_u_1048576,libcxx,X,uset,1048576,1048576,operator delete,=> ???,"=> ???:operator delete(void*) (1,048,577x)",196.3318,53.5003,28.7835,0.0,2.2147,0.0,0.0,1.8711,0.0,32.3493,1.0427,1.0,0.0,1.8711,2.2148
main__libcxx__X__alg_uset_n_1048576_u_1048576,libcxx,X,uset,1048576,1048576,__hash_table,=> /usr/lib/llvm-18/bin/../include/c++/v1/__hash_table,"=> /usr/lib/llvm-18/bin/../include/c++/v1/__hash_table:std::__1::pair<std::__1::__hash_iterator<std::__1::__hash_node<unsigned long, void*>*>, bool> std::__1::_",314.0479,63.6454,37.3286,0.0,1.9874,0.5001,0.0,1.8219,0.5001,44.2555,1.0981,2.0,0.0,2.322,2.4875
main__libcxx__X__alg_uset_n_1048576_u_524288,libcxx,X,uset,1048576,524288,measured_call,counters.cpp,counters.cpp:measured_call [/home/user/conference-hardfest-algorithms/bench/deep/counters/build/counters_libcxx],265.6201,58.8332,33.2886,0.0001,3.4941,0.4376,0.0001,3.1666,0.4375,38.1203,0.8796,2.0,0.0,3.6041,3.9317
main__libcxx__X__alg_uset_n_1048576_u_524288,libcxx,X,uset,1048576,524288,__hash_table,/usr/lib/llvm-18/bin/../include/c++/v1/__hash_table,"/usr/lib/llvm-18/bin/../include/c++/v1/__hash_table:alg_uset(std::__1::vector<unsigned long, std::__1::allocator<unsigned long> >&, Ctx const&)",198.1201,40.8332,24.2886,0.0001,2.9009,0.3751,0.0001,2.6102,0.375,26.1203,0.8796,1.0,0.0,2.9853,3.276
main__libcxx__X__alg_uset_n_1048576_u_524288,libcxx,X,uset,1048576,524288,__hash_table,/usr/lib/llvm-18/bin/../include/c++/v1/__hash_table,"/usr/lib/llvm-18/bin/../include/c++/v1/__hash_table:std::__1::pair<std::__1::__hash_iterator<std::__1::__hash_node<unsigned long, void*>*>, bool> std::__1::__ha",188.8697,38.8331,22.2885,0.0,2.218,0.2501,0.0,1.9677,0.25,25.3702,0.8795,1.0,0.0,2.2177,2.4681
main__libcxx__X__alg_uset_n_1048576_u_524288,libcxx,X,uset,1048576,524288,__hash_table,/usr/lib/llvm-18/bin/../include/c++/v1/new,"/usr/lib/llvm-18/bin/../include/c++/v1/new:std::__1::pair<std::__1::__hash_iterator<std::__1::__hash_node<unsigned long, void*>*>, bool> std::__1::__hash_table<",106.511,21.503,11.5017,0.0,0.0004,0.2501,0.0,0.0001,0.25,16.002,0.0001,1.0,0.0,0.2501,0.2505
main__libcxx__X__alg_uset_n_1048576_u_524288,libcxx,X,uset,1048576,524288,operator new,???,???:operator new(unsigned long) [???],104.5113,21.003,11.0017,0.0001,0.0004,0.2501,0.0001,0.0001,0.25,16.0021,0.0002,0.5,0.0,0.2501,0.2505
main__libcxx__X__alg_uset_n_1048576_u_524288,libcxx,X,uset,1048576,524288,malloc,./malloc/./malloc/malloc.c,./malloc/./malloc/malloc.c:malloc [/usr/lib/x86_64-linux-gnu/libc.so.6],95.0113,19.003,9.0017,0.0001,0.0004,0.2501,0.0001,0.0001,0.25,15.5021,0.0002,0.0,0.0,0.2501,0.2505
main__libcxx__X__alg_uset_n_1048576_u_524288,libcxx,X,uset,1048576,524288,malloc,./malloc/./malloc/malloc.c,./malloc/./malloc/malloc.c:_int_malloc [/usr/lib/x86_64-linux-gnu/libc.so.6],71.5113,13.003,6.5017,0.0001,0.0004,0.2501,0.0001,0.0001,0.25,10.5021,0.0001,0.0,0.0,0.2501,0.2505
main__libcxx__X__alg_uset_n_1048576_u_524288,libcxx,X,uset,1048576,524288,operator delete,???,???:operator delete(void*) [/usr/lib/llvm-18/lib/libc++abi.so.1.0],56.4999,15.5,7.0,0.0,0.0634,0.0,0.0,0.0533,0.0,10.0,0.0,0.5,0.0,0.0533,0.0634
main__libcxx__X__alg_uset_n_1048576_u_524288,libcxx,X,uset,1048576,524288,malloc,./malloc/./malloc/malloc.c,./malloc/./malloc/malloc.c:free [/usr/lib/x86_64-linux-gnu/libc.so.6],52.9999,14.5,6.5,0.0,0.0634,0.0,0.0,0.0533,0.0,10.0,0.0,0.0,0.0,0.0533,0.0634
main__libcxx__X__alg_uset_n_1048576_u_524288,libcxx,X,uset,1048576,524288,malloc,./malloc/./malloc/malloc.c,./malloc/./malloc/malloc.c:_int_free [/usr/lib/x86_64-linux-gnu/libc.so.6],37.4999,9.5,3.5,0.0,0.0634,0.0,0.0,0.0533,0.0,7.9999,0.0,0.0,0.0,0.0533,0.0634
main__libcxx__X__alg_uset_n_1048576_u_524288,libcxx,X,uset,1048576,524288,rehash,/usr/lib/llvm-18/bin/../include/c++/v1/__hash_table,"/usr/lib/llvm-18/bin/../include/c++/v1/__hash_table:void std::__1::__hash_table<unsigned long, std::__1::hash<unsigned long>, std::__1::equal_to<unsigned long>,",2.7503,1.0001,1.0,0.0,0.0,0.125,0.0,0.0,0.125,0.2501,0.0,0.0,0.0,0.125,0.125
main__libcxx__X__alg_uset_n_1048576_u_524288,libcxx,X,uset,1048576,524288,__hash_table,/usr/lib/llvm-18/bin/../include/c++/v1/__memory/construct_at.h,"/usr/lib/llvm-18/bin/../include/c++/v1/__memory/construct_at.h:std::__1::pair<std::__1::__hash_iterator<std::__1::__hash_node<unsigned long, void*>*>, bool> std",1.0,0.5,0.5,0.0,0.0,0.0,0.0,0.0,0.0,0.0,0.0,0.0,0.0,0.0,0.0
main__libcxx__X__alg_uset_n_1048576_u_524288,libcxx,X,uset,1048576,524288,malloc,./malloc/./malloc/morecore.c,./malloc/./malloc/morecore.c:__glibc_morecore [/usr/lib/x86_64-linux-gnu/libc.so.6],0.0033,0.0009,0.0005,0.0,0.0002,0.0001,0.0,0.0,0.0,0.0006,0.0,0.0,0.0,0.0001,0.0003
main__libcxx__X__alg_uset_n_1048576_u_524288,libcxx,X,uset,1048576,524288,rehash,/usr/lib/llvm-18/bin/../include/c++/v1/new,"/usr/lib/llvm-18/bin/../include/c++/v1/new:void std::__1::__hash_table<unsigned long, std::__1::hash<unsigned long>, std::__1::equal_to<unsigned long>, std::__1",0.0003,0.0001,0.0,0.0,0.0,0.0,0.0,0.0,0.0,0.0,0.0,0.0,0.0,0.0,0.0
main__libcxx__X__alg_uset_n_1048576_u_524288,libcxx,X,uset,1048576,524288,malloc,./malloc/./malloc/malloc.c,./malloc/./malloc/malloc.c:sysmalloc_mmap.isra.0 [/usr/lib/x86_64-linux-gnu/libc.so.6],0.0001,0.0,0.0,0.0,0.0,0.0,0.0,0.0,0.0,0.0,0.0,0.0,0.0,0.0,0.0
main__libcxx__X__alg_uset_n_1048576_u_524288,libcxx,X,uset,1048576,524288,__hash_table,=> /usr/lib/llvm-18/bin/../include/c++/v1/__hash_table,"=> /usr/lib/llvm-18/bin/../include/c++/v1/__hash_table:std::__1::pair<std::__1::__hash_iterator<std::__1::__hash_node<unsigned long, void*>*>, bool> std::__1::_",188.8697,38.8331,22.2885,0.0,2.218,0.2501,0.0,1.9677,0.25,25.3702,0.8795,1.0,0.0,2.2177,2.4681
main__libcxx__X__alg_uset_n_1048576_u_524288,libcxx,X,uset,1048576,524288,operator new,=> ???,=> ???:operator new(unsigned long) (1x),0.0003,0.0001,0.0,0.0,0.0,0.0,0.0,0.0,0.0,0.0,0.0,0.0,0.0,0.0,0.0
main__libcxx__X__alg_uset_n_1048576_u_524288,libcxx,X,uset,1048576,524288,operator delete,=> ???,"=> ???:operator delete(void*) (524,289x)",56.4999,15.5,7.0,0.0,0.0634,0.0,0.0,0.0533,0.0,10.0,0.0,0.5,0.0,0.0533,0.0634
main__libcxx__X__alg_uset_phased_n_1048576_u_1048576,libcxx,X,uset_phased,1048576,1048576,measured_call,counters.cpp,counters.cpp:measured_call [/home/user/conference-hardfest-algorithms/bench/deep/counters/build/counters_libcxx],539.1317,124.1462,71.1124,0.0002,6.8947,0.7502,0.0002,6.2881,0.7501,80.8552,2.141,4.0,0.0,7.0382,7.6448
main__libcxx__X__alg_uset_phased_n_1048576_u_1048576,libcxx,X,uset_phased,1048576,1048576,phase_insert,counters.cpp,"counters.cpp:void phase_insert<std::__1::unordered_set<unsigned long, std::__1::hash<unsigned long>, std::__1::equal_to<unsigned long>, std::__1::allocator<unsi",325.7994,65.6458,40.3288,0.0001,2.1125,0.6251,0.0001,1.947,0.6251,45.5058,1.0982,2.0,0.0,2.572,2.7377
main__libcxx__X__alg_uset_phased_n_1048576_u_1048576,libcxx,X,uset_phased,1048576,1048576,phase_insert,/usr/lib/llvm-18/bin/../include/c++/v1/__hash_table,"/usr/lib/llvm-18/bin/../include/c++/v1/__hash_table:void phase_insert<std::__1::unordered_set<unsigned long, std::__1::hash<unsigned long>, std::__1::equal_to<u",320.7986,64.6455,39.3287,0.0001,1.9875,0.6251,0.0001,1.8219,0.6251,44.5057,1.0981,2.0,0.0,2.447,2.6126
main__libcxx__X__alg_uset_phased_n_1048576_u_1048576,libcxx,X,uset_phased,1048576,1048576,__hash_table,/usr/lib/llvm-18/bin/../include/c++/v1/__hash_table,"/usr/lib/llvm-18/bin/../include/c++/v1/__hash_table:std::__1::pair<std::__1::__hash_iterator<std::__1::__hash_node<unsigned long, void*>*>, bool> std::__1::__ha",314.0479,63.6454,37.3286,0.0,1.9874,0.5001,0.0,1.8219,0.5001,44.2555,1.0981,2.0,0.0,2.3219,2.4876
main__libcxx__X__alg_uset_phased_n_1048576_u_1048576,libcxx,X,uset_phased,1048576,1048576,__hash_table,/usr/lib/llvm-18/bin/../include/c++/v1/new,"/usr/lib/llvm-18/bin/../include/c++/v1/new:std::__1::pair<std::__1::__hash_iterator<std::__1::__hash_node<unsigned long, void*>*>, bool> std::__1::__hash_table<",212.9313,43.016,23.0625,0.0,0.0006,0.5001,0.0,0.0002,0.5001,32.0271,0.0002,2.0,0.0,0.5003,0.5007
main__libcxx__X__alg_uset_phased_n_1048576_u_1048576,libcxx,X,uset_phased,1048576,1048576,operator new,???,???:operator new(unsigned long) [???],208.9325,42.0162,22.0627,0.0001,0.0006,0.5001,0.0001,0.0002,0.5001,32.0273,0.0003,1.0,0.0,0.5003,0.5007
main__libcxx__X__alg_uset_phased_n_1048576_u_1048576,libcxx,X,uset_phased,1048576,1048576,phase_dtor,counters.cpp,"counters.cpp:void phase_dtor<std::__1::unordered_set<unsigned long, std::__1::hash<unsigned long>, std::__1::equal_to<unsigned long>, std::__1::allocator<unsign",202.3317,55.5003,29.7835,0.0,2.9915,0.0,0.0,2.6178,0.0,33.3493,1.0428,2.0,0.0,2.6178,2.9915
main__libcxx__X__alg_uset_phased_n_1048576_u_1048576,libcxx,X,uset_phased,1048576,1048576,phase_dtor,/usr/lib/llvm-18/bin/../include/c++/v1/new,"/usr/lib/llvm-18/bin/../include/c++/v1/new:void phase_dtor<std::__1::unordered_set<unsigned long, std::__1::hash<unsigned long>, std::__1::equal_to<unsigned lon",199.3316,54.5002,29.7835,0.0,2.2168,0.0,0.0,1.8731,0.0,32.3493,1.0428,2.0,0.0,1.8731,2.2168
main__libcxx__X__alg_uset_phased_n_1048576_u_1048576,libcxx,X,uset_phased,1048576,1048576,operator delete,???,???:operator delete(void*) [/usr/lib/llvm-18/lib/libc++abi.so.1.0],196.3317,53.5003,28.7835,0.0,2.2168,0.0,0.0,1.8731,0.0,32.3493,1.0428,1.0,0.0,1.8731,2.2168
main__libcxx__X__alg_uset_phased_n_1048576_u_1048576,libcxx,X,uset_phased,1048576,1048576,malloc,./malloc/./malloc/malloc.c,./malloc/./malloc/malloc.c:malloc [/usr/lib/x86_64-linux-gnu/libc.so.6],189.9325,38.0162,18.0627,0.0001,0.0006,0.5001,0.0001,0.0002,0.5001,31.0273,0.0003,0.0,0.0,0.5003,0.5007
main__libcxx__X__alg_uset_phased_n_1048576_u_1048576,libcxx,X,uset_phased,1048576,1048576,malloc,./malloc/./malloc/malloc.c,./malloc/./malloc/malloc.c:free [/usr/lib/x86_64-linux-gnu/libc.so.6],189.3317,51.5003,27.7835,0.0,2.2168,0.0,0.0,1.8731,0.0,32.3493,1.0428,0.0,0.0,1.8731,2.2168
main__libcxx__X__alg_uset_phased_n_1048576_u_1048576,libcxx,X,uset_phased,1048576,1048576,malloc,./malloc/./malloc/malloc.c,./malloc/./malloc/malloc.c:_int_free [/usr/lib/x86_64-linux-gnu/libc.so.6],158.3318,41.5003,21.7835,0.0,2.2087,0.0,0.0,1.8651,0.0,28.3493,1.0428,0.0,0.0,1.8651,2.2087
main__libcxx__X__alg_uset_phased_n_1048576_u_1048576,libcxx,X,uset_phased,1048576,1048576,malloc,./malloc/./malloc/malloc.c,./malloc/./malloc/malloc.c:_int_malloc [/usr/lib/x86_64-linux-gnu/libc.so.6],142.9324,26.0162,13.0626,0.0001,0.0006,0.5001,0.0001,0.0002,0.5001,21.0273,0.0003,0.0,0.0,0.5003,0.5007
main__libcxx__X__alg_uset_phased_n_1048576_u_1048576,libcxx,X,uset_phased,1048576,1048576,malloc,./malloc/./malloc/malloc.c,./malloc/./malloc/malloc.c:_int_free_merge_chunk [/usr/lib/x86_64-linux-gnu/libc.so.6],83.3318,22.5003,14.7835,0.0,1.9836,0.0,0.0,1.6549,0.0,12.3494,1.0428,0.0,0.0,1.6549,1.9836
main__libcxx__X__alg_uset_phased_n_1048576_u_1048576,libcxx,X,uset_phased,1048576,1048576,malloc,./malloc/./malloc/malloc.c,./malloc/./malloc/malloc.c:_int_free_maybe_consolidate [/usr/lib/x86_64-linux-gnu/libc.so.6],83.3317,22.5002,14.7834,0.0,1.9836,0.0,0.0,1.6549,0.0,12.3494,1.0428,0.0,0.0,1.6549,1.9836
main__libcxx__X__alg_uset_phased_n_1048576_u_1048576,libcxx,X,uset_phased,1048576,1048576,malloc,./malloc/./malloc/malloc.c,./malloc/./malloc/malloc.c:malloc_consolidate [/usr/lib/x86_64-linux-gnu/libc.so.6],83.3316,22.5002,14.7834,0.0,1.9835,0.0,0.0,1.6549,0.0,12.3494,1.0427,0.0,0.0,1.6549,1.9835
main__libcxx__X__alg_uset_phased_n_1048576_u_1048576,libcxx,X,uset_phased,1048576,1048576,phase_dump,counters.cpp,"counters.cpp:void phase_dump<std::__1::unordered_set<unsigned long, std::__1::hash<unsigned long>, std::__1::equal_to<unsigned long>, std::__1::allocator<unsign",11.0,3.0,1.0,0.0,1.7906,0.125,0.0,1.7233,0.125,2.0,0.0,0.0,0.0,1.8483,1.9156
main__libcxx__X__alg_uset_phased_n_1048576_u_1048576,libcxx,X,uset_phased,1048576,1048576,phase_dump,/usr/lib/llvm-18/bin/../include/c++/v1/vector,"/usr/lib/llvm-18/bin/../include/c++/v1/vector:void phase_dump<std::__1::unordered_set<unsigned long, std::__1::hash<unsigned long>, std::__1::equal_to<unsigned ",7.0,2.0,1.0,0.0,1.0079,0.125,0.0,0.9682,0.125,1.0,0.0,0.0,0.0,1.0932,1.1329
main__libcxx__X__alg_uset_phased_n_1048576_u_1048576,libcxx,X,uset_phased,1048576,1048576,rehash,/usr/lib/llvm-18/bin/../include/c++/v1/__hash_table,"/usr/lib/llvm-18/bin/../include/c++/v1/__hash_table:void std::__1::__hash_table<unsigned long, std::__1::hash<unsigned long>, std::__1::equal_to<unsigned long>,",2.7507,1.0002,1.0001,0.0001,0.0,0.125,0.0001,0.0,0.125,0.2501,0.0,0.0,0.0,0.125,0.125
main__libcxx__X__alg_uset_phased_n_1048576_u_1048576,libcxx,X,uset_phased,1048576,1048576,phase_insert,/usr/lib/llvm-18/bin/../include/c++/v1/__iterator/wrap_iter.h,"/usr/lib/llvm-18/bin/../include/c++/v1/__iterator/wrap_iter.h:void phase_insert<std::__1::unordered_set<unsigned long, std::__1::hash<unsigned long>, std::__1::",2.0,0.0,0.0,0.0,0.0,0.0,0.0,0.0,0.0,0.0,0.0,0.0,0.0,0.0,0.0
main__libcxx__X__alg_uset_phased_n_1048576_u_1048576,libcxx,X,uset_phased,1048576,1048576,__hash_table,/usr/lib/llvm-18/bin/../include/c++/v1/__memory/construct_at.h,"/usr/lib/llvm-18/bin/../include/c++/v1/__memory/construct_at.h:std::__1::pair<std::__1::__hash_iterator<std::__1::__hash_node<unsigned long, void*>*>, bool> std",2.0,1.0,1.0,0.0,0.0,0.0,0.0,0.0,0.0,0.0,0.0,0.0,0.0,0.0,0.0
main__libcxx__X__alg_uset_phased_n_1048576_u_1048576,libcxx,X,uset_phased,1048576,1048576,malloc,./malloc/./malloc/morecore.c,./malloc/./malloc/morecore.c:__glibc_morecore [/usr/lib/x86_64-linux-gnu/libc.so.6],0.0041,0.0011,0.0007,0.0,0.0003,0.0001,0.0,0.0001,0.0,0.0007,0.0,0.0,0.0,0.0001,0.0004
main__libcxx__X__alg_uset_phased_n_1048576_u_1048576,libcxx,X,uset_phased,1048576,1048576,malloc,./malloc/./malloc/malloc.c,./malloc/./malloc/malloc.c:sysmalloc_mmap_fallback.constprop.0 [/usr/lib/x86_64-linux-gnu/libc.so.6],0.0024,0.0005,0.0004,0.0,0.0,0.0,0.0,0.0,0.0,0.0003,0.0,0.0,0.0,0.0,0.0
main__libcxx__X__alg_uset_phased_n_1048576_u_1048576,libcxx,X,uset_phased,1048576,1048576,phase_insert,/usr/lib/llvm-18/bin/../include/c++/v1/__math/rounding_functions.h,"/usr/lib/llvm-18/bin/../include/c++/v1/__math/rounding_functions.h:void phase_insert<std::__1::unordered_set<unsigned long, std::__1::hash<unsigned long>, std::",0.0008,0.0003,0.0001,0.0001,0.0001,0.0,0.0001,0.0001,0.0,0.0001,0.0,0.0,0.0,0.0001,0.0001
main__libcxx__X__alg_uset_phased_n_1048576_u_1048576,libcxx,X,uset_phased,1048576,1048576,rehash,/usr/lib/llvm-18/bin/../include/c++/v1/new,"/usr/lib/llvm-18/bin/../include/c++/v1/new:void std::__1::__hash_table<unsigned long, std::__1::hash<unsigned long>, std::__1::equal_to<unsigned long>, std::__1",0.0007,0.0002,0.0001,0.0,0.0,0.0,0.0,0.0,0.0,0.0001,0.0,0.0,0.0,0.0,0.0
main__libcxx__X__alg_uset_phased_n_1048576_u_1048576,libcxx,X,uset_phased,1048576,1048576,unique,/usr/lib/llvm-18/bin/../include/c++/v1/__memory/unique_ptr.h,"/usr/lib/llvm-18/bin/../include/c++/v1/__memory/unique_ptr.h:alg_uset_phased(std::__1::vector<unsigned long, std::__1::allocator<unsigned long> >&, Ctx const&)",0.0005,0.0001,0.0,0.0,0.0,0.0,0.0,0.0,0.0,0.0001,0.0,0.0,0.0,0.0,0.0
main__libcxx__X__alg_uset_phased_n_1048576_u_1048576,libcxx,X,uset_phased,1048576,1048576,phase_dump,,"__attribute__((noinline)) static void phase_dump(Set& s, Vec& v) {",0.0,0.0,0.0,0.0,0.0,0.0,0.0,0.0,0.0,0.0,0.0,0.0,0.0,0.0,0.0
main__libcxx__X__alg_uset_phased_n_1048576_u_1048576,libcxx,X,uset_phased,1048576,1048576,phase_insert,=> counters.cpp,"=> counters.cpp:void phase_insert<std::__1::unordered_set<unsigned long, std::__1::hash<unsigned long>, std::__1::equal_to<unsigned long>, std::__1::allocator<u",325.7994,65.6458,40.3288,0.0001,2.1125,0.6251,0.0001,1.947,0.6251,45.5058,1.0982,2.0,0.0,2.572,2.7377
main__libcxx__X__alg_uset_phased_n_1048576_u_1048576,libcxx,X,uset_phased,1048576,1048576,phase_dump,,"phase_dump(*p, v);",0.0,0.0,0.0,0.0,0.0,0.0,0.0,0.0,0.0,0.0,0.0,0.0,0.0,0.0,0.0
main__libcxx__X__alg_uset_phased_n_1048576_u_1048576,libcxx,X,uset_phased,1048576,1048576,phase_dump,=> counters.cpp,"=> counters.cpp:void phase_dump<std::__1::unordered_set<unsigned long, std::__1::hash<unsigned long>, std::__1::equal_to<unsigned long>, std::__1::allocator<uns",11.0,3.0,1.0,0.0,1.7906,0.125,0.0,1.7233,0.125,2.0,0.0,0.0,0.0,1.8483,1.9156
main__libcxx__X__alg_uset_phased_n_1048576_u_1048576,libcxx,X,uset_phased,1048576,1048576,phase_dtor,=> counters.cpp,"=> counters.cpp:void phase_dtor<std::__1::unordered_set<unsigned long, std::__1::hash<unsigned long>, std::__1::equal_to<unsigned long>, std::__1::allocator<uns",202.3317,55.5003,29.7835,0.0,2.9915,0.0,0.0,2.6178,0.0,33.3493,1.0428,2.0,0.0,2.6178,2.9915
main__libcxx__X__alg_uset_phased_n_1048576_u_1048576,libcxx,X,uset_phased,1048576,1048576,operator new,=> ???,"=> ???:operator new(unsigned long) (1,048,576x)",208.9313,42.016,22.0625,0.0,0.0006,0.5001,0.0,0.0002,0.5001,32.0271,0.0002,1.0,0.0,0.5003,0.5007
main__libcxx__X__alg_uset_phased_n_1048576_u_1048576,libcxx,X,uset_phased,1048576,1048576,operator delete,=> ???,"=> ???:operator delete(void*) (1,048,577x)",196.3316,53.5002,28.7835,0.0,2.2168,0.0,0.0,1.8731,0.0,32.3493,1.0428,1.0,0.0,1.8731,2.2168
main__libcxx__X__alg_uset_phased_n_1048576_u_1048576,libcxx,X,uset_phased,1048576,1048576,__hash_table,=> /usr/lib/llvm-18/bin/../include/c++/v1/__hash_table,"=> /usr/lib/llvm-18/bin/../include/c++/v1/__hash_table:std::__1::pair<std::__1::__hash_iterator<std::__1::__hash_node<unsigned long, void*>*>, bool> std::__1::_",314.0479,63.6454,37.3286,0.0,1.9874,0.5001,0.0,1.8219,0.5001,44.2555,1.0981,2.0,0.0,2.3219,2.4876
main__libcxx__X__alg_uset_phased_n_1048576_u_1048576,libcxx,X,uset_phased,1048576,1048576,operator new,=> ???,=> ???:operator new(unsigned long) (1x),0.0005,0.0001,0.0,0.0,0.0,0.0,0.0,0.0,0.0,0.0001,0.0,0.0,0.0,0.0,0.0
main__libcxx__X__alg_uset_phased_n_1048576_u_524288,libcxx,X,uset_phased,1048576,524288,measured_call,counters.cpp,counters.cpp:measured_call [/home/user/conference-hardfest-algorithms/bench/deep/counters/build/counters_libcxx],265.6212,58.8336,33.2888,0.0002,3.4577,0.4376,0.0002,3.1366,0.4376,38.1204,0.8796,2.0,0.0,3.5741,3.8953
main__libcxx__X__alg_uset_phased_n_1048576_u_524288,libcxx,X,uset_phased,1048576,524288,phase_insert,counters.cpp,"counters.cpp:void phase_insert<std::__1::unordered_set<unsigned long, std::__1::hash<unsigned long>, std::__1::equal_to<unsigned long>, std::__1::allocator<unsi",200.6209,40.8335,25.2887,0.0001,2.3227,0.3751,0.0001,2.0746,0.375,26.6204,0.8796,1.0,0.0,2.4497,2.6978
main__libcxx__X__alg_uset_phased_n_1048576_u_524288,libcxx,X,uset_phased,1048576,524288,phase_insert,/usr/lib/llvm-18/bin/../include/c++/v1/__hash_table,"/usr/lib/llvm-18/bin/../include/c++/v1/__hash_table:void phase_insert<std::__1::unordered_set<unsigned long, std::__1::hash<unsigned long>, std::__1::equal_to<u",195.6201,39.8332,24.2886,0.0001,2.1976,0.3751,0.0001,1.9496,0.375,25.6203,0.8796,1.0,0.0,2.3246,2.5727
main__libcxx__X__alg_uset_phased_n_1048576_u_524288,libcxx,X,uset_phased,1048576,524288,__hash_table,/usr/lib/llvm-18/bin/../include/c++/v1/__hash_table,"/usr/lib/llvm-18/bin/../include/c++/v1/__hash_table:std::__1::pair<std::__1::__hash_iterator<std::__1::__hash_node<unsigned long, void*>*>, bool> std::__1::__ha",188.8697,38.8331,22.2885,0.0,2.1976,0.2501,0.0,1.9496,0.25,25.3702,0.8795,1.0,0.0,2.1996,2.4477
main__libcxx__X__alg_uset_phased_n_1048576_u_524288,libcxx,X,uset_phased,1048576,524288,__hash_table,/usr/lib/llvm-18/bin/../include/c++/v1/new,"/usr/lib/llvm-18/bin/../include/c++/v1/new:std::__1::pair<std::__1::__hash_iterator<std::__1::__hash_node<unsigned long, void*>*>, bool> std::__1::__hash_table<",106.511,21.503,11.5017,0.0,0.0004,0.2501,0.0,0.0001,0.25,16.002,0.0001,1.0,0.0,0.2501,0.2505
main__libcxx__X__alg_uset_phased_n_1048576_u_524288,libcxx,X,uset_phased,1048576,524288,operator new,???,???:operator new(unsigned long) [???],104.5115,21.0031,11.0017,0.0001,0.0004,0.2501,0.0001,0.0001,0.25,16.0021,0.0002,0.5,0.0,0.2501,0.2505
main__libcxx__X__alg_uset_phased_n_1048576_u_524288,libcxx,X,uset_phased,1048576,524288,malloc,./malloc/./malloc/malloc.c,./malloc/./malloc/malloc.c:malloc [/usr/lib/x86_64-linux-gnu/libc.so.6],95.0115,19.0031,9.0017,0.0001,0.0004,0.2501,0.0001,0.0001,0.25,15.5021,0.0002,0.0,0.0,0.2501,0.2505
main__libcxx__X__alg_uset_phased_n_1048576_u_524288,libcxx,X,uset_phased,1048576,524288,malloc,./malloc/./malloc/malloc.c,./malloc/./malloc/malloc.c:_int_malloc [/usr/lib/x86_64-linux-gnu/libc.so.6],71.5114,13.003,6.5017,0.0001,0.0004,0.2501,0.0001,0.0001,0.25,10.5021,0.0001,0.0,0.0,0.2501,0.2505
main__libcxx__X__alg_uset_phased_n_1048576_u_524288,libcxx,X,uset_phased,1048576,524288,phase_dtor,counters.cpp,"counters.cpp:void phase_dtor<std::__1::unordered_set<unsigned long, std::__1::hash<unsigned long>, std::__1::equal_to<unsigned long>, std::__1::allocator<unsign",59.5,16.5,7.5,0.0,0.4048,0.0,0.0,0.3739,0.0,10.5,0.0,1.0,0.0,0.3739,0.4048
main__libcxx__X__alg_uset_phased_n_1048576_u_524288,libcxx,X,uset_phased,1048576,524288,phase_dtor,/usr/lib/llvm-18/bin/../include/c++/v1/new,"/usr/lib/llvm-18/bin/../include/c++/v1/new:void phase_dtor<std::__1::unordered_set<unsigned long, std::__1::hash<unsigned long>, std::__1::equal_to<unsigned lon",57.9999,16.0,7.5,0.0,0.172,0.0,0.0,0.1619,0.0,10.0,0.0,1.0,0.0,0.1619,0.172
main__libcxx__X__alg_uset_phased_n_1048576_u_524288,libcxx,X,uset_phased,1048576,524288,operator delete,???,???:operator delete(void*) [/usr/lib/llvm-18/lib/libc++abi.so.1.0],56.5,15.5,7.0,0.0,0.172,0.0,0.0,0.1619,0.0,10.0,0.0,0.5,0.0,0.1619,0.172
main__libcxx__X__alg_uset_phased_n_1048576_u_524288,libcxx,X,uset_phased,1048576,524288,malloc,./malloc/./malloc/malloc.c,./malloc/./malloc/malloc.c:free [/usr/lib/x86_64-linux-gnu/libc.so.6],53.0,14.5,6.5,0.0,0.172,0.0,0.0,0.1619,0.0,10.0,0.0,0.0,0.0,0.1619,0.172
main__libcxx__X__alg_uset_phased_n_1048576_u_524288,libcxx,X,uset_phased,1048576,524288,malloc,./malloc/./malloc/malloc.c,./malloc/./malloc/malloc.c:_int_free [/usr/lib/x86_64-linux-gnu/libc.so.6],37.4999,9.5,3.5,0.0,0.0472,0.0,0.0,0.041,0.0,8.0,0.0,0.0,0.0,0.0411,0.0472
main__libcxx__X__alg_uset_phased_n_1048576_u_524288,libcxx,X,uset_phased,1048576,524288,phase_dump,counters.cpp,"counters.cpp:void phase_dump<std::__1::unordered_set<unsigned long, std::__1::hash<unsigned long>, std::__1::equal_to<unsigned long>, std::__1::allocator<unsign",5.5,1.5,0.5,0.0,0.7302,0.0625,0.0,0.688,0.0625,1.0,0.0,0.0,0.0,0.7505,0.7927
main__libcxx__X__alg_uset_phased_n_1048576_u_524288,libcxx,X,uset_phased,1048576,524288,phase_dump,/usr/lib/llvm-18/bin/../include/c++/v1/vector,"/usr/lib/llvm-18/bin/../include/c++/v1/vector:void phase_dump<std::__1::unordered_set<unsigned long, std::__1::hash<unsigned long>, std::__1::equal_to<unsigned ",3.5,1.0,0.5,0.0,0.3887,0.0625,0.0,0.3661,0.0625,0.5,0.0,0.0,0.0,0.4286,0.4512
main__libcxx__X__alg_uset_phased_n_1048576_u_524288,libcxx,X,uset_phased,1048576,524288,rehash,/usr/lib/llvm-18/bin/../include/c++/v1/__hash_table,"/usr/lib/llvm-18/bin/../include/c++/v1/__hash_table:void std::__1::__hash_table<unsigned long, std::__1::hash<unsigned long>, std::__1::equal_to<unsigned long>,",2.7503,1.0001,1.0,0.0,0.0,0.125,0.0,0.0,0.125,0.2501,0.0,0.0,0.0,0.125,0.125
main__libcxx__X__alg_uset_phased_n_1048576_u_524288,libcxx,X,uset_phased,1048576,524288,phase_insert,/usr/lib/llvm-18/bin/../include/c++/v1/__iterator/wrap_iter.h,"/usr/lib/llvm-18/bin/../include/c++/v1/__iterator/wrap_iter.h:void phase_insert<std::__1::unordered_set<unsigned long, std::__1::hash<unsigned long>, std::__1::",2.0,0.0,0.0,0.0,0.0,0.0,0.0,0.0,0.0,0.0,0.0,0.0,0.0,0.0,0.0
main__libcxx__X__alg_uset_phased_n_1048576_u_524288,libcxx,X,uset_phased,1048576,524288,__hash_table,/usr/lib/llvm-18/bin/../include/c++/v1/__memory/construct_at.h,"/usr/lib/llvm-18/bin/../include/c++/v1/__memory/construct_at.h:std::__1::pair<std::__1::__hash_iterator<std::__1::__hash_node<unsigned long, void*>*>, bool> std",1.0,0.5,0.5,0.0,0.0,0.0,0.0,0.0,0.0,0.0,0.0,0.0,0.0,0.0,0.0
main__libcxx__X__alg_uset_phased_n_1048576_u_524288,libcxx,X,uset_phased,1048576,524288,malloc,./malloc/./malloc/morecore.c,./malloc/./malloc/morecore.c:__glibc_morecore [/usr/lib/x86_64-linux-gnu/libc.so.6],0.0033,0.0009,0.0005,0.0,0.0002,0.0001,0.0,0.0,0.0,0.0006,0.0,0.0,0.0,0.0001,0.0003
main__libcxx__X__alg_uset_phased_n_1048576_u_524288,libcxx,X,uset_phased,1048576,524288,phase_insert,/usr/lib/llvm-18/bin/../include/c++/v1/__math/rounding_functions.h,"/usr/lib/llvm-18/bin/../include/c++/v1/__math/rounding_functions.h:void phase_insert<std::__1::unordered_set<unsigned long, std::__1::hash<unsigned long>, std::",0.0008,0.0003,0.0001,0.0001,0.0001,0.0,0.0001,0.0001,0.0,0.0001,0.0,0.0,0.0,0.0001,0.0001
main__libcxx__X__alg_uset_phased_n_1048576_u_524288,libcxx,X,uset_phased,1048576,524288,rehash,/usr/lib/llvm-18/bin/../include/c++/v1/new,"/usr/lib/llvm-18/bin/../include/c++/v1/new:void std::__1::__hash_table<unsigned long, std::__1::hash<unsigned long>, std::__1::equal_to<unsigned long>, std::__1",0.0003,0.0001,0.0,0.0,0.0,0.0,0.0,0.0,0.0,0.0,0.0,0.0,0.0,0.0,0.0
main__libcxx__X__alg_uset_phased_n_1048576_u_524288,libcxx,X,uset_phased,1048576,524288,unique,/usr/lib/llvm-18/bin/../include/c++/v1/__memory/unique_ptr.h,"/usr/lib/llvm-18/bin/../include/c++/v1/__memory/unique_ptr.h:alg_uset_phased(std::__1::vector<unsigned long, std::__1::allocator<unsigned long> >&, Ctx const&)",0.0002,0.0,0.0,0.0,0.0,0.0,0.0,0.0,0.0,0.0,0.0,0.0,0.0,0.0,0.0
main__libcxx__X__alg_uset_phased_n_1048576_u_524288,libcxx,X,uset_phased,1048576,524288,malloc,./malloc/./malloc/malloc.c,./malloc/./malloc/malloc.c:sysmalloc_mmap.isra.0 [/usr/lib/x86_64-linux-gnu/libc.so.6],0.0001,0.0,0.0,0.0,0.0,0.0,0.0,0.0,0.0,0.0,0.0,0.0,0.0,0.0,0.0
main__libcxx__X__alg_uset_phased_n_1048576_u_524288,libcxx,X,uset_phased,1048576,524288,operator new,=> ???,"=> ???:operator new(unsigned long) (524,288x)",104.511,21.003,11.0017,0.0,0.0004,0.2501,0.0,0.0001,0.25,16.002,0.0001,0.5,0.0,0.2501,0.2505
main__libcxx__X__alg_uset_phased_n_1048576_u_524288,libcxx,X,uset_phased,1048576,524288,operator delete,=> ???,"=> ???:operator delete(void*) (524,289x)",56.4999,15.5,7.0,0.0,0.172,0.0,0.0,0.1619,0.0,10.0,0.0,0.5,0.0,0.1619,0.172
main__libcxx__X__alg_uset_phased_n_1048576_u_524288,libcxx,X,uset_phased,1048576,524288,__hash_table,=> /usr/lib/llvm-18/bin/../include/c++/v1/__hash_table,"=> /usr/lib/llvm-18/bin/../include/c++/v1/__hash_table:std::__1::pair<std::__1::__hash_iterator<std::__1::__hash_node<unsigned long, void*>*>, bool> std::__1::_",188.8697,38.8331,22.2885,0.0,2.1976,0.2501,0.0,1.9496,0.25,25.3702,0.8795,1.0,0.0,2.1996,2.4477
main__libcxx__X__alg_uset_phased_n_1048576_u_524288,libcxx,X,uset_phased,1048576,524288,phase_dump,,"__attribute__((noinline)) static void phase_dump(Set& s, Vec& v) {",0.0,0.0,0.0,0.0,0.0,0.0,0.0,0.0,0.0,0.0,0.0,0.0,0.0,0.0,0.0
main__libcxx__X__alg_uset_phased_n_1048576_u_524288,libcxx,X,uset_phased,1048576,524288,phase_insert,=> counters.cpp,"=> counters.cpp:void phase_insert<std::__1::unordered_set<unsigned long, std::__1::hash<unsigned long>, std::__1::equal_to<unsigned long>, std::__1::allocator<u",200.6209,40.8335,25.2887,0.0001,2.3227,0.3751,0.0001,2.0746,0.375,26.6204,0.8796,1.0,0.0,2.4497,2.6978
main__libcxx__X__alg_uset_phased_n_1048576_u_524288,libcxx,X,uset_phased,1048576,524288,phase_dump,,"phase_dump(*p, v);",0.0,0.0,0.0,0.0,0.0,0.0,0.0,0.0,0.0,0.0,0.0,0.0,0.0,0.0,0.0
main__libcxx__X__alg_uset_phased_n_1048576_u_524288,libcxx,X,uset_phased,1048576,524288,phase_dump,=> counters.cpp,"=> counters.cpp:void phase_dump<std::__1::unordered_set<unsigned long, std::__1::hash<unsigned long>, std::__1::equal_to<unsigned long>, std::__1::allocator<uns",5.5,1.5,0.5,0.0,0.7302,0.0625,0.0,0.688,0.0625,1.0,0.0,0.0,0.0,0.7505,0.7927
main__libcxx__X__alg_uset_phased_n_1048576_u_524288,libcxx,X,uset_phased,1048576,524288,phase_dtor,=> counters.cpp,"=> counters.cpp:void phase_dtor<std::__1::unordered_set<unsigned long, std::__1::hash<unsigned long>, std::__1::equal_to<unsigned long>, std::__1::allocator<uns",59.5,16.5,7.5,0.0,0.4048,0.0,0.0,0.3739,0.0,10.5,0.0,1.0,0.0,0.3739,0.4048
main__libcxx__X__alg_uset_phased_n_1048576_u_524288,libcxx,X,uset_phased,1048576,524288,operator new,=> ???,=> ???:operator new(unsigned long) (1x),0.0002,0.0,0.0,0.0,0.0,0.0,0.0,0.0,0.0,0.0,0.0,0.0,0.0,0.0,0.0
merge__gcc__P__alg_flat_keys_e8_nlocal_1048576_n_1114112,gcc,P,flat,1114112,1064960,measured_call,counters.cpp,counters.cpp:measured_call [/home/user/conference-hardfest-algorithms/bench/deep/counters/build/counters_gcc],124.3994,20.4411,10.5822,0.0001,1.2543,1.0105,0.0001,0.1594,0.3364,14.5436,1.7434,0.0,0.0,0.4958,2.2648
merge__gcc__P__alg_flat_keys_e8_nlocal_1048576_n_1114112,gcc,P,flat,1114112,1064960,raw_hash_set,../../build/abseil-cpp/absl/container/internal/raw_hash_set.h,"../../build/abseil-cpp/absl/container/internal/raw_hash_set.h:alg_flat(std::vector<unsigned long, std::allocator<unsigned long> >&, Ctx const&)",66.8481,11.8078,7.6704,0.0001,0.0733,0.0148,0.0001,0.0073,0.0147,5.9553,0.0587,0.0,0.0,0.022,0.0881
merge__gcc__P__alg_flat_keys_e8_nlocal_1048576_n_1114112,gcc,P,flat,1114112,1064960,raw_hash_set,/usr/include/c++/13/bits/vector.tcc,"/usr/include/c++/13/bits/vector.tcc:void std::vector<unsigned long, std::allocator<unsigned long> >::_M_assign_aux<absl::lts_20260817::container_internal::raw_h",34.7378,4.7206,0.9559,0.0,0.147,0.0597,0.0,0.0896,0.0597,7.5882,1.6847,0.0,0.0,0.1493,0.2068
merge__gcc__P__alg_flat_keys_e8_nlocal_1048576_n_1114112,gcc,P,flat,1114112,1064960,raw_hash_set,/usr/include/c++/13/bits/stl_algobase.h,/usr/include/c++/13/bits/stl_algobase.h:unsigned long* std::copy<absl::lts_20260817::container_internal::raw_hash_set<absl::lts_20260817::container_internal::Fl,18.3247,2.8382,0.9559,0.0,0.1323,0.0597,0.0,0.0896,0.0597,3.7941,0.8423,0.0,0.0,0.1493,0.1921
merge__gcc__P__alg_flat_keys_e8_nlocal_1048576_n_1114112,gcc,P,flat,1114112,1064960,operator new,???,???:operator new(unsigned long) [/usr/lib/x86_64-linux-gnu/libstdc++.so.6.0.33],0.0003,0.0001,0.0,0.0,0.0,0.0,0.0,0.0,0.0,0.0,0.0,0.0,0.0,0.0,0.0
merge__gcc__P__alg_flat_keys_e8_nlocal_1048576_n_1114112,gcc,P,flat,1114112,1064960,malloc,./malloc/./malloc/malloc.c,./malloc/./malloc/malloc.c:malloc [/usr/lib/x86_64-linux-gnu/libc.so.6],0.0003,0.0001,0.0,0.0,0.0,0.0,0.0,0.0,0.0,0.0,0.0,0.0,0.0,0.0,0.0
merge__gcc__P__alg_flat_keys_e8_nlocal_1048576_n_1114112,gcc,P,flat,1114112,1064960,malloc,./malloc/./malloc/malloc.c,./malloc/./malloc/malloc.c:_int_malloc [/usr/lib/x86_64-linux-gnu/libc.so.6],0.0002,0.0,0.0,0.0,0.0,0.0,0.0,0.0,0.0,0.0,0.0,0.0,0.0,0.0,0.0
merge__gcc__P__alg_flat_keys_e8_nlocal_1048576_n_1114112,gcc,P,flat,1114112,1064960,malloc,./malloc/./malloc/malloc.c,./malloc/./malloc/malloc.c:sysmalloc_mmap.isra.0 [/usr/lib/x86_64-linux-gnu/libc.so.6],0.0001,0.0,0.0,0.0,0.0,0.0,0.0,0.0,0.0,0.0,0.0,0.0,0.0,0.0,0.0
merge__gcc__P__alg_flat_keys_e8_nlocal_1048576_n_1114112,gcc,P,flat,1114112,1064960,raw_hash_set,=> /usr/include/c++/13/bits/vector.tcc,"=> /usr/include/c++/13/bits/vector.tcc:void std::vector<unsigned long, std::allocator<unsigned long> >::_M_assign_aux<absl::lts_20260817::container_internal::ra",34.7378,4.7206,0.9559,0.0,0.147,0.0597,0.0,0.0896,0.0597,7.5882,1.6847,0.0,0.0,0.1493,0.2068
merge__gcc__P__alg_flat_keys_e8_nlocal_1048576_n_1114112,gcc,P,flat,1114112,1064960,raw_hash_set,=> /usr/include/c++/13/bits/stl_algobase.h,=> /usr/include/c++/13/bits/stl_algobase.h:unsigned long* std::copy<absl::lts_20260817::container_internal::raw_hash_set<absl::lts_20260817::container_internal:,18.3247,2.8382,0.9559,0.0,0.1323,0.0597,0.0,0.0896,0.0597,3.7941,0.8423,0.0,0.0,0.1493,0.1921
merge__gcc__P__alg_merge_inplace_keys_e8_nlocal_1048576_n_1114112,gcc,P,merge_inplace,1114112,1064960,measured_call,counters.cpp,counters.cpp:measured_call [/home/user/conference-hardfest-algorithms/bench/deep/counters/build/counters_gcc],26.9932,4.5824,2.7764,0.0001,0.1408,0.0777,0.0001,0.0052,0.0019,5.6043,0.4849,0.0,0.0,0.0071,0.2184
merge__gcc__P__alg_merge_inplace_keys_e8_nlocal_1048576_n_1114112,gcc,P,merge_inplace,1114112,1064960,__sort,/usr/include/c++/13/bits/stl_algo.h,"/usr/include/c++/13/bits/stl_algo.h:void std::__sort<__gnu_cxx::__normal_iterator<unsigned long*, std::vector<unsigned long, std::allocator<unsigned long> > >, ",6.8599,1.3762,0.5851,0.0,0.0148,0.0,0.0,0.0,0.0,1.3689,0.4147,0.0,0.0,0.0,0.0148
merge__gcc__P__alg_merge_inplace_keys_e8_nlocal_1048576_n_1114112,gcc,P,merge_inplace,1114112,1064960,unique,/usr/include/c++/13/bits/stl_iterator.h,"/usr/include/c++/13/bits/stl_iterator.h:__gnu_cxx::__normal_iterator<unsigned long*, std::vector<unsigned long, std::allocator<unsigned long> > > std::__unique<",1.9706,0.0,0.0,0.0,0.0,0.0,0.0,0.0,0.0,0.0,0.0,0.0,0.0,0.0,0.0
merge__gcc__P__alg_merge_inplace_keys_e8_nlocal_1048576_n_1114112,gcc,P,merge_inplace,1114112,1064960,__sort,/usr/include/c++/13/bits/predefined_ops.h,"/usr/include/c++/13/bits/predefined_ops.h:void std::__sort<__gnu_cxx::__normal_iterator<unsigned long*, std::vector<unsigned long, std::allocator<unsigned long>",0.1977,0.1977,0.0,0.0,0.0,0.0,0.0,0.0,0.0,0.0,0.0,0.0,0.0,0.0,0.0
merge__gcc__P__alg_merge_inplace_keys_e8_nlocal_1048576_n_1114112,gcc,P,merge_inplace,1114112,1064960,__introsort_loop,/usr/include/c++/13/bits/stl_heap.h,"/usr/include/c++/13/bits/stl_heap.h:void std::__introsort_loop<__gnu_cxx::__normal_iterator<unsigned long*, std::vector<unsigned long, std::allocator<unsigned l",0.0032,0.0032,0.0,0.0,0.0,0.0,0.0,0.0,0.0,0.0,0.0,0.0,0.0,0.0,0.0
merge__gcc__P__alg_merge_inplace_keys_e8_nlocal_1048576_n_1114112,gcc,P,merge_inplace,1114112,1064960,operator new,???,"???:operator new(unsigned long, std::nothrow_t const&) [/usr/lib/x86_64-linux-gnu/libstdc++.so.6.0.33]",0.0009,0.0003,0.0002,0.0001,0.0,0.0,0.0001,0.0,0.0,0.0001,0.0,0.0,0.0,0.0,0.0001
merge__gcc__P__alg_merge_inplace_keys_e8_nlocal_1048576_n_1114112,gcc,P,merge_inplace,1114112,1064960,operator new,???,???:operator new(unsigned long) [/usr/lib/x86_64-linux-gnu/libstdc++.so.6.0.33],0.0003,0.0001,0.0,0.0,0.0,0.0,0.0,0.0,0.0,0.0001,0.0,0.0,0.0,0.0,0.0
merge__gcc__P__alg_merge_inplace_keys_e8_nlocal_1048576_n_1114112,gcc,P,merge_inplace,1114112,1064960,malloc,./malloc/./malloc/malloc.c,./malloc/./malloc/malloc.c:malloc [/usr/lib/x86_64-linux-gnu/libc.so.6],0.0003,0.0001,0.0,0.0,0.0,0.0,0.0,0.0,0.0,0.0001,0.0,0.0,0.0,0.0,0.0
merge__gcc__P__alg_merge_inplace_keys_e8_nlocal_1048576_n_1114112,gcc,P,merge_inplace,1114112,1064960,malloc,./malloc/./malloc/malloc.c,./malloc/./malloc/malloc.c:_int_malloc [/usr/lib/x86_64-linux-gnu/libc.so.6],0.0003,0.0001,0.0,0.0,0.0,0.0,0.0,0.0,0.0,0.0,0.0,0.0,0.0,0.0,0.0
merge__gcc__P__alg_merge_inplace_keys_e8_nlocal_1048576_n_1114112,gcc,P,merge_inplace,1114112,1064960,unique,,"__unique(_ForwardIterator __first, _ForwardIterator __last,",1.0294,0.0,0.0,0.0,0.0,0.0,0.0,0.0,0.0,0.0,0.0,0.0,0.0,0.0,0.0
merge__gcc__P__alg_merge_inplace_keys_e8_nlocal_1048576_n_1114112,gcc,P,merge_inplace,1114112,1064960,__sort,=> /usr/include/c++/13/bits/stl_algo.h,"=> /usr/include/c++/13/bits/stl_algo.h:void std::__sort<__gnu_cxx::__normal_iterator<unsigned long*, std::vector<unsigned long, std::allocator<unsigned long> > ",6.8599,1.3762,0.5851,0.0,0.0148,0.0,0.0,0.0,0.0,1.3689,0.4147,0.0,0.0,0.0,0.0148
merge__gcc__P__alg_merge_union_keys_e8_nlocal_1048576_n_1114112,gcc,P,merge_union,1114112,1064960,measured_call,counters.cpp,counters.cpp:measured_call [/home/user/conference-hardfest-algorithms/bench/deep/counters/build/counters_gcc],20.8308,4.3027,2.5264,0.0001,0.0791,0.0609,0.0001,0.0579,0.0598,5.3395,0.4865,0.0,0.0,0.1176,0.1401
merge__gcc__P__alg_merge_union_keys_e8_nlocal_1048576_n_1114112,gcc,P,merge_union,1114112,1064960,__sort,/usr/include/c++/13/bits/stl_algo.h,"/usr/include/c++/13/bits/stl_algo.h:void std::__sort<__gnu_cxx::__normal_iterator<unsigned long*, std::vector<unsigned long, std::allocator<unsigned long> > >, ",6.8599,1.3762,0.5851,0.0,0.0148,0.0,0.0,0.0,0.0,1.3689,0.4147,0.0,0.0,0.0,0.0148
merge__gcc__P__alg_merge_union_keys_e8_nlocal_1048576_n_1114112,gcc,P,merge_union,1114112,1064960,__sort,/usr/include/c++/13/bits/predefined_ops.h,"/usr/include/c++/13/bits/predefined_ops.h:void std::__sort<__gnu_cxx::__normal_iterator<unsigned long*, std::vector<unsigned long, std::allocator<unsigned long>",0.1977,0.1977,0.0,0.0,0.0,0.0,0.0,0.0,0.0,0.0,0.0,0.0,0.0,0.0,0.0
merge__gcc__P__alg_merge_union_keys_e8_nlocal_1048576_n_1114112,gcc,P,merge_union,1114112,1064960,unique,/usr/include/c++/13/bits/stl_iterator.h,"/usr/include/c++/13/bits/stl_iterator.h:__gnu_cxx::__normal_iterator<unsigned long*, std::vector<unsigned long, std::allocator<unsigned long> > > std::__unique<",0.0588,0.0,0.0,0.0,0.0,0.0,0.0,0.0,0.0,0.0,0.0,0.0,0.0,0.0,0.0
merge__gcc__P__alg_merge_union_keys_e8_nlocal_1048576_n_1114112,gcc,P,merge_union,1114112,1064960,__introsort_loop,/usr/include/c++/13/bits/stl_heap.h,"/usr/include/c++/13/bits/stl_heap.h:void std::__introsort_loop<__gnu_cxx::__normal_iterator<unsigned long*, std::vector<unsigned long, std::allocator<unsigned l",0.0032,0.0032,0.0,0.0,0.0,0.0,0.0,0.0,0.0,0.0,0.0,0.0,0.0,0.0,0.0
merge__gcc__P__alg_merge_union_keys_e8_nlocal_1048576_n_1114112,gcc,P,merge_union,1114112,1064960,operator new,???,???:operator new(unsigned long) [/usr/lib/x86_64-linux-gnu/libstdc++.so.6.0.33],0.0003,0.0001,0.0,0.0,0.0,0.0,0.0,0.0,0.0,0.0,0.0,0.0,0.0,0.0,0.0
merge__gcc__P__alg_merge_union_keys_e8_nlocal_1048576_n_1114112,gcc,P,merge_union,1114112,1064960,malloc,./malloc/./malloc/malloc.c,./malloc/./malloc/malloc.c:malloc [/usr/lib/x86_64-linux-gnu/libc.so.6],0.0003,0.0001,0.0,0.0,0.0,0.0,0.0,0.0,0.0,0.0,0.0,0.0,0.0,0.0,0.0
merge__gcc__P__alg_merge_union_keys_e8_nlocal_1048576_n_1114112,gcc,P,merge_union,1114112,1064960,malloc,./malloc/./malloc/malloc.c,./malloc/./malloc/malloc.c:_int_malloc [/usr/lib/x86_64-linux-gnu/libc.so.6],0.0002,0.0,0.0,0.0,0.0,0.0,0.0,0.0,0.0,0.0,0.0,0.0,0.0,0.0,0.0
merge__gcc__P__alg_merge_union_keys_e8_nlocal_1048576_n_1114112,gcc,P,merge_union,1114112,1064960,unique,,"__unique(_ForwardIterator __first, _ForwardIterator __last,",0.0588,0.0,0.0,0.0,0.0,0.0,0.0,0.0,0.0,0.0,0.0,0.0,0.0,0.0,0.0
merge__gcc__P__alg_merge_union_keys_e8_nlocal_1048576_n_1114112,gcc,P,merge_union,1114112,1064960,__sort,=> /usr/include/c++/13/bits/stl_algo.h,"=> /usr/include/c++/13/bits/stl_algo.h:void std::__sort<__gnu_cxx::__normal_iterator<unsigned long*, std::vector<unsigned long, std::allocator<unsigned long> > ",6.8599,1.3762,0.5851,0.0,0.0148,0.0,0.0,0.0,0.0,1.3689,0.4147,0.0,0.0,0.0,0.0148
merge__gcc__P__alg_radix_keys_e8_nlocal_1048576_n_1114112,gcc,P,radix,1114112,1064960,measured_call,counters.cpp,counters.cpp:measured_call [/home/user/conference-hardfest-algorithms/bench/deep/counters/build/counters_gcc],127.8807,18.0022,24.9588,0.0001,0.6251,0.5545,0.0001,0.1364,0.181,11.0029,0.0444,0.0,0.0,0.3174,1.1796
merge__gcc__P__alg_radix_keys_e8_nlocal_1048576_n_1114112,gcc,P,radix,1114112,1064960,unique,/usr/include/c++/13/bits/stl_iterator.h,"/usr/include/c++/13/bits/stl_iterator.h:__gnu_cxx::__normal_iterator<unsigned long*, std::vector<unsigned long, std::allocator<unsigned long> > > std::__unique<",1.9118,0.0,0.0,0.0,0.0,0.0,0.0,0.0,0.0,0.0,0.0,0.0,0.0,0.0,0.0
merge__gcc__P__alg_radix_keys_e8_nlocal_1048576_n_1114112,gcc,P,radix,1114112,1064960,operator new,???,???:operator new[](unsigned long) [/usr/lib/x86_64-linux-gnu/libstdc++.so.6.0.33],0.0008,0.0003,0.0002,0.0001,0.0,0.0,0.0001,0.0,0.0,0.0001,0.0,0.0,0.0,0.0001,0.0001
merge__gcc__P__alg_radix_keys_e8_nlocal_1048576_n_1114112,gcc,P,radix,1114112,1064960,operator new,???,???:operator new(unsigned long) [/usr/lib/x86_64-linux-gnu/libstdc++.so.6.0.33],0.0003,0.0001,0.0,0.0,0.0,0.0,0.0,0.0,0.0,0.0,0.0,0.0,0.0,0.0,0.0
merge__gcc__P__alg_radix_keys_e8_nlocal_1048576_n_1114112,gcc,P,radix,1114112,1064960,malloc,./malloc/./malloc/malloc.c,./malloc/./malloc/malloc.c:malloc [/usr/lib/x86_64-linux-gnu/libc.so.6],0.0003,0.0001,0.0,0.0,0.0,0.0,0.0,0.0,0.0,0.0,0.0,0.0,0.0,0.0,0.0
merge__gcc__P__alg_radix_keys_e8_nlocal_1048576_n_1114112,gcc,P,radix,1114112,1064960,malloc,./malloc/./malloc/malloc.c,./malloc/./malloc/malloc.c:_int_malloc [/usr/lib/x86_64-linux-gnu/libc.so.6],0.0002,0.0,0.0,0.0,0.0,0.0,0.0,0.0,0.0,0.0,0.0,0.0,0.0,0.0,0.0
merge__gcc__P__alg_radix_keys_e8_nlocal_1048576_n_1114112,gcc,P,radix,1114112,1064960,malloc,./malloc/./malloc/malloc.c,./malloc/./malloc/malloc.c:sysmalloc_mmap.isra.0 [/usr/lib/x86_64-linux-gnu/libc.so.6],0.0001,0.0,0.0,0.0,0.0,0.0,0.0,0.0,0.0,0.0,0.0,0.0,0.0,0.0,0.0
merge__gcc__P__alg_radix_keys_e8_nlocal_1048576_n_1114112,gcc,P,radix,1114112,1064960,unique,,"__unique(_ForwardIterator __first, _ForwardIterator __last,",1.0,0.0,0.0,0.0,0.0,0.0,0.0,0.0,0.0,0.0,0.0,0.0,0.0,0.0,0.0
merge__gcc__P__alg_sort_keys_e8_nlocal_1048576_n_1114112,gcc,P,sort,1114112,1064960,measured_call,counters.cpp,counters.cpp:measured_call [/home/user/conference-hardfest-algorithms/bench/deep/counters/build/counters_gcc],173.1142,33.6478,9.788,0.0,0.7869,0.0504,0.0,0.0038,0.0,34.793,2.4482,0.0,0.0,0.0038,0.8373
merge__gcc__P__alg_sort_keys_e8_nlocal_1048576_n_1114112,gcc,P,sort,1114112,1064960,__sort,/usr/include/c++/13/bits/stl_algo.h,"/usr/include/c++/13/bits/stl_algo.h:void std::__sort<__gnu_cxx::__normal_iterator<unsigned long*, std::vector<unsigned long, std::allocator<unsigned long> > >, ",163.2466,32.6478,8.8321,0.0,0.7244,0.001,0.0,0.0038,0.0,32.793,2.4038,0.0,0.0,0.0038,0.7254
merge__gcc__P__alg_sort_keys_e8_nlocal_1048576_n_1114112,gcc,P,sort,1114112,1064960,__introsort_loop,/usr/include/c++/13/bits/stl_iterator.h,"/usr/include/c++/13/bits/stl_iterator.h:void std::__introsort_loop<__gnu_cxx::__normal_iterator<unsigned long*, std::vector<unsigned long, std::allocator<unsign",142.1666,28.8011,5.9854,0.0,0.6628,0.001,0.0,0.0038,0.0,28.9464,1.8129,0.0,0.0,0.0038,0.6638
merge__gcc__P__alg_sort_keys_e8_nlocal_1048576_n_1114112,gcc,P,sort,1114112,1064960,__sort,/usr/include/c++/13/bits/predefined_ops.h,"/usr/include/c++/13/bits/predefined_ops.h:void std::__sort<__gnu_cxx::__normal_iterator<unsigned long*, std::vector<unsigned long, std::allocator<unsigned long>",2.8467,2.8467,0.0,0.0,0.0,0.0,0.0,0.0,0.0,0.0,0.0,0.0,0.0,0.0,0.0
merge__gcc__P__alg_sort_keys_e8_nlocal_1048576_n_1114112,gcc,P,sort,1114112,1064960,__introsort_loop,=> /usr/include/c++/13/bits/stl_iterator.h,"=> /usr/include/c++/13/bits/stl_iterator.h:void std::__introsort_loop<__gnu_cxx::__normal_iterator<unsigned long*, std::vector<unsigned long, std::allocator<uns",142.1666,28.8011,5.9854,0.0,0.6628,0.001,0.0,0.0038,0.0,28.9464,1.8129,0.0,0.0,0.0038,0.6638
merge__gcc__P__alg_sort_keys_e8_nlocal_1048576_n_1114112,gcc,P,sort,1114112,1064960,__sort,=> /usr/include/c++/13/bits/stl_algo.h,"=> /usr/include/c++/13/bits/stl_algo.h:void std::__sort<__gnu_cxx::__normal_iterator<unsigned long*, std::vector<unsigned long, std::allocator<unsigned long> > ",163.2466,32.6478,8.8321,0.0,0.7244,0.001,0.0,0.0038,0.0,32.793,2.4038,0.0,0.0,0.0038,0.7254
merge__gcc__P__alg_sort_keys_e8_nlocal_1048576_n_1114112,gcc,P,sort,1114112,1064960,memmove,,"__builtin_memmove(__result - _Num, __first, sizeof(_Tp) * _Num);",0.0,0.0,0.0,0.0,0.0,0.0,0.0,0.0,0.0,0.0,0.0,0.0,0.0,0.0,0.0
merge__gcc__P__alg_uset_keys_e8_nlocal_1048576_n_1114112,gcc,P,uset,1114112,1064960,measured_call,counters.cpp,counters.cpp:measured_call [/home/user/conference-hardfest-algorithms/bench/deep/counters/build/counters_gcc],441.9855,104.3296,68.6733,0.0001,3.6389,0.427,0.0001,1.7051,0.4269,77.9438,1.2476,5.7353,0.0,2.132,4.0659
merge__gcc__P__alg_uset_keys_e8_nlocal_1048576_n_1114112,gcc,P,uset,1114112,1064960,rehash,/usr/include/c++/13/bits/hashtable.h,"/usr/include/c++/13/bits/hashtable.h:std::pair<std::__detail::_Node_iterator<unsigned long, true, false>, bool> std::_Hashtable<unsigned long, unsigned long, st",291.3962,68.9177,35.9227,0.0,1.8021,0.239,0.0,0.6146,0.239,38.5462,0.9963,2.8676,0.0,0.8536,2.0411
merge__gcc__P__alg_uset_keys_e8_nlocal_1048576_n_1114112,gcc,P,uset,1114112,1064960,rehash,/usr/include/c++/13/bits/new_allocator.h,"/usr/include/c++/13/bits/new_allocator.h:std::pair<std::__detail::_Node_iterator<unsigned long, true, false>, bool> std::_Hashtable<unsigned long, unsigned long",203.6172,41.1067,21.0316,0.0,0.0004,0.239,0.0,0.0,0.239,30.5908,0.1418,1.9118,0.0,0.239,0.2394
merge__gcc__P__alg_uset_keys_e8_nlocal_1048576_n_1114112,gcc,P,uset,1114112,1064960,operator new,???,???:operator new(unsigned long) [/usr/lib/x86_64-linux-gnu/libstdc++.so.6.0.33],198.8381,40.1508,20.0758,0.0,0.0004,0.239,0.0,0.0,0.239,30.5908,0.1418,0.9559,0.0,0.239,0.2394
merge__gcc__P__alg_uset_keys_e8_nlocal_1048576_n_1114112,gcc,P,uset,1114112,1064960,malloc,./malloc/./malloc/malloc.c,./malloc/./malloc/malloc.c:malloc [/usr/lib/x86_64-linux-gnu/libc.so.6],181.6322,36.3273,17.2082,0.0,0.0004,0.239,0.0,0.0,0.239,29.6349,0.1418,0.0,0.0,0.239,0.2394
merge__gcc__P__alg_uset_keys_e8_nlocal_1048576_n_1114112,gcc,P,uset,1114112,1064960,malloc,./malloc/./malloc/malloc.c,./malloc/./malloc/malloc.c:_int_malloc [/usr/lib/x86_64-linux-gnu/libc.so.6],136.7057,24.8567,12.4287,0.0,0.0004,0.239,0.0,0.0,0.239,20.0761,0.0001,0.0,0.0,0.239,0.2394
merge__gcc__P__alg_uset_keys_e8_nlocal_1048576_n_1114112,gcc,P,uset,1114112,1064960,operator delete,???,"???:operator delete(void*, unsigned long) [/usr/lib/x86_64-linux-gnu/libstdc++.so.6.0.33]",108.9705,29.6323,12.4265,0.0,0.1393,0.0,0.0,0.0834,0.0,19.1176,0.0,1.9118,0.0,0.0834,0.1393
merge__gcc__P__alg_uset_keys_e8_nlocal_1048576_n_1114112,gcc,P,uset,1114112,1064960,operator delete,???,???:operator delete(void*) [/usr/lib/x86_64-linux-gnu/libstdc++.so.6.0.33],105.147,28.6765,12.4265,0.0,0.1393,0.0,0.0,0.0834,0.0,19.1176,0.0,0.9559,0.0,0.0834,0.1393
merge__gcc__P__alg_uset_keys_e8_nlocal_1048576_n_1114112,gcc,P,uset,1114112,1064960,malloc,./malloc/./malloc/malloc.c,./malloc/./malloc/malloc.c:free [/usr/lib/x86_64-linux-gnu/libc.so.6],101.3235,27.7206,12.4265,0.0,0.1393,0.0,0.0,0.0834,0.0,19.1176,0.0,0.0,0.0,0.0834,0.1393
merge__gcc__P__alg_uset_keys_e8_nlocal_1048576_n_1114112,gcc,P,uset,1114112,1064960,malloc,./malloc/./malloc/malloc.c,./malloc/./malloc/malloc.c:_int_free [/usr/lib/x86_64-linux-gnu/libc.so.6],71.691,18.1617,6.6912,0.0,0.0811,0.0,0.0,0.0304,0.0,15.2941,0.0,0.0,0.0,0.0304,0.0811
merge__gcc__P__alg_uset_keys_e8_nlocal_1048576_n_1114112,gcc,P,uset,1114112,1064960,_M_rehash,/usr/include/c++/13/bits/hashtable.h,"/usr/include/c++/13/bits/hashtable.h:std::_Hashtable<unsigned long, unsigned long, std::allocator<unsigned long>, std::__detail::_Identity, std::equal_to<unsign",8.2065,0.0001,8.2062,0.0,0.0,0.0641,0.0,0.0,0.0641,8.2062,0.0,0.0,0.0,0.0641,0.0641
merge__gcc__P__alg_uset_keys_e8_nlocal_1048576_n_1114112,gcc,P,uset,1114112,1064960,_M_rehash,/usr/include/c++/13/bits/hashtable_policy.h,"/usr/include/c++/13/bits/hashtable_policy.h:std::_Hashtable<unsigned long, unsigned long, std::allocator<unsigned long>, std::__detail::_Identity, std::equal_to",8.2062,0.0,8.2061,0.0,0.0,0.0641,0.0,0.0,0.0641,8.2062,0.0,0.0,0.0,0.0641,0.0641
merge__gcc__P__alg_uset_keys_e8_nlocal_1048576_n_1114112,gcc,P,uset,1114112,1064960,rehash,/usr/include/c++/13/bits/stl_construct.h,"/usr/include/c++/13/bits/stl_construct.h:std::pair<std::__detail::_Node_iterator<unsigned long, true, false>, bool> std::_Hashtable<unsigned long, unsigned long",1.9118,0.9559,0.9559,0.0,0.0,0.0,0.0,0.0,0.0,0.0,0.0,0.0,0.0,0.0,0.0
merge__gcc__P__alg_uset_keys_e8_nlocal_1048576_n_1114112,gcc,P,uset,1114112,1064960,malloc,./malloc/./malloc/morecore.c,./malloc/./malloc/morecore.c:__glibc_morecore [/usr/lib/x86_64-linux-gnu/libc.so.6],0.0039,0.001,0.0006,0.0,0.0002,0.0,0.0,0.0,0.0,0.0007,0.0,0.0,0.0,0.0,0.0003
merge__gcc__P__alg_uset_keys_e8_nlocal_1048576_n_1114112,gcc,P,uset,1114112,1064960,_M_rehash,/usr/include/c++/13/bits/new_allocator.h,"/usr/include/c++/13/bits/new_allocator.h:std::_Hashtable<unsigned long, unsigned long, std::allocator<unsigned long>, std::__detail::_Identity, std::equal_to<un",0.0003,0.0001,0.0,0.0,0.0,0.0,0.0,0.0,0.0,0.0,0.0,0.0,0.0,0.0,0.0
merge__gcc__P__alg_uset_keys_e8_nlocal_1048576_n_1114112,gcc,P,uset,1114112,1064960,malloc,./malloc/./malloc/malloc.c,./malloc/./malloc/malloc.c:sysmalloc_mmap.isra.0 [/usr/lib/x86_64-linux-gnu/libc.so.6],0.0001,0.0,0.0,0.0,0.0,0.0,0.0,0.0,0.0,0.0,0.0,0.0,0.0,0.0,0.0
merge__gcc__P__alg_uset_keys_e8_nlocal_1048576_n_1114112,gcc,P,uset,1114112,1064960,rehash,=> /usr/include/c++/13/bits/hashtable.h,"=> /usr/include/c++/13/bits/hashtable.h:std::pair<std::__detail::_Node_iterator<unsigned long, true, false>, bool> std::_Hashtable<unsigned long, unsigned long,",291.3962,68.9177,35.9227,0.0,1.8021,0.239,0.0,0.6146,0.239,38.5462,0.9963,2.8676,0.0,0.8536,2.0411
merge__gcc__P__alg_uset_keys_e8_nlocal_1048576_n_1114112,gcc,P,uset,1114112,1064960,_M_rehash,,const __rehash_state& __saved_state = _M_rehash_policy._M_state();,1.9118,0.9559,0.9559,0.0,0.0,0.0,0.0,0.0,0.0,0.0,0.0,0.0,0.0,0.0,0.0
merge__gcc__P__alg_uset_keys_e8_nlocal_1048576_n_1114112,gcc,P,uset,1114112,1064960,_M_rehash,,"= _M_rehash_policy._M_need_rehash(_M_bucket_count, _M_element_count,",5.7353,1.9118,0.9559,0.0,0.0,0.0,0.0,0.0,0.0,0.0,0.0,0.0,0.0,0.0,0.0
merge__gcc__P__alg_uset_keys_e8_nlocal_1048576_n_1114112,gcc,P,uset,1114112,1064960,_M_rehash,=> /usr/include/c++/13/bits/hashtable.h,"=> /usr/include/c++/13/bits/hashtable.h:std::_Hashtable<unsigned long, unsigned long, std::allocator<unsigned long>, std::__detail::_Identity, std::equal_to<uns",8.2065,0.0001,8.2062,0.0,0.0,0.0641,0.0,0.0,0.0641,8.2062,0.0,0.0,0.0,0.0641,0.0641
merge__gcc__X__alg_flat_keys_e8_nlocal_1048576_n_1114112,gcc,X,flat,1114112,1064960,measured_call,counters.cpp,counters.cpp:measured_call [/home/user/conference-hardfest-algorithms/bench/deep/counters/build/counters_gcc],124.3994,20.4411,10.5822,0.0001,1.48,1.0949,0.0001,1.0396,1.0402,14.5436,1.7434,0.0,0.0,2.0798,2.5748
merge__gcc__X__alg_flat_keys_e8_nlocal_1048576_n_1114112,gcc,X,flat,1114112,1064960,raw_hash_set,../../build/abseil-cpp/absl/container/internal/raw_hash_set.h,"../../build/abseil-cpp/absl/container/internal/raw_hash_set.h:alg_flat(std::vector<unsigned long, std::allocator<unsigned long> >&, Ctx const&)",66.8481,11.8078,7.6704,0.0001,0.074,0.0295,0.0001,0.052,0.0294,5.9553,0.0587,0.0,0.0,0.0814,0.1035
merge__gcc__X__alg_flat_keys_e8_nlocal_1048576_n_1114112,gcc,X,flat,1114112,1064960,raw_hash_set,/usr/include/c++/13/bits/vector.tcc,"/usr/include/c++/13/bits/vector.tcc:void std::vector<unsigned long, std::allocator<unsigned long> >::_M_assign_aux<absl::lts_20260817::container_internal::raw_h",34.7378,4.7206,0.9559,0.0,0.2909,0.1195,0.0,0.2822,0.1195,7.5882,1.6847,0.0,0.0,0.4016,0.4104
merge__gcc__X__alg_flat_keys_e8_nlocal_1048576_n_1114112,gcc,X,flat,1114112,1064960,raw_hash_set,/usr/include/c++/13/bits/stl_algobase.h,/usr/include/c++/13/bits/stl_algobase.h:unsigned long* std::copy<absl::lts_20260817::container_internal::raw_hash_set<absl::lts_20260817::container_internal::Fl,18.3247,2.8382,0.9559,0.0,0.2615,0.1195,0.0,0.2615,0.1195,3.7941,0.8423,0.0,0.0,0.381,0.381
merge__gcc__X__alg_flat_keys_e8_nlocal_1048576_n_1114112,gcc,X,flat,1114112,1064960,operator new,???,???:operator new(unsigned long) [/usr/lib/x86_64-linux-gnu/libstdc++.so.6.0.33],0.0003,0.0001,0.0,0.0,0.0,0.0,0.0,0.0,0.0,0.0,0.0,0.0,0.0,0.0,0.0
merge__gcc__X__alg_flat_keys_e8_nlocal_1048576_n_1114112,gcc,X,flat,1114112,1064960,malloc,./malloc/./malloc/malloc.c,./malloc/./malloc/malloc.c:malloc [/usr/lib/x86_64-linux-gnu/libc.so.6],0.0003,0.0001,0.0,0.0,0.0,0.0,0.0,0.0,0.0,0.0,0.0,0.0,0.0,0.0,0.0
merge__gcc__X__alg_flat_keys_e8_nlocal_1048576_n_1114112,gcc,X,flat,1114112,1064960,malloc,./malloc/./malloc/malloc.c,./malloc/./malloc/malloc.c:_int_malloc [/usr/lib/x86_64-linux-gnu/libc.so.6],0.0002,0.0,0.0,0.0,0.0,0.0,0.0,0.0,0.0,0.0,0.0,0.0,0.0,0.0,0.0
merge__gcc__X__alg_flat_keys_e8_nlocal_1048576_n_1114112,gcc,X,flat,1114112,1064960,malloc,./malloc/./malloc/malloc.c,./malloc/./malloc/malloc.c:sysmalloc_mmap.isra.0 [/usr/lib/x86_64-linux-gnu/libc.so.6],0.0001,0.0,0.0,0.0,0.0,0.0,0.0,0.0,0.0,0.0,0.0,0.0,0.0,0.0,0.0
merge__gcc__X__alg_flat_keys_e8_nlocal_1048576_n_1114112,gcc,X,flat,1114112,1064960,operator delete,???,"???:operator delete(void*, unsigned long) [/usr/lib/x86_64-linux-gnu/libstdc++.so.6.0.33]",0.0001,0.0,0.0,0.0,0.0,0.0,0.0,0.0,0.0,0.0,0.0,0.0,0.0,0.0,0.0
merge__gcc__X__alg_flat_keys_e8_nlocal_1048576_n_1114112,gcc,X,flat,1114112,1064960,operator delete,???,???:operator delete(void*) [/usr/lib/x86_64-linux-gnu/libstdc++.so.6.0.33],0.0001,0.0,0.0,0.0,0.0,0.0,0.0,0.0,0.0,0.0,0.0,0.0,0.0,0.0,0.0
merge__gcc__X__alg_flat_keys_e8_nlocal_1048576_n_1114112,gcc,X,flat,1114112,1064960,malloc,./malloc/./malloc/malloc.c,./malloc/./malloc/malloc.c:free [/usr/lib/x86_64-linux-gnu/libc.so.6],0.0001,0.0,0.0,0.0,0.0,0.0,0.0,0.0,0.0,0.0,0.0,0.0,0.0,0.0,0.0
merge__gcc__X__alg_flat_keys_e8_nlocal_1048576_n_1114112,gcc,X,flat,1114112,1064960,raw_hash_set,/usr/include/c++/13/bits/stl_vector.h,"/usr/include/c++/13/bits/stl_vector.h:void std::vector<unsigned long, std::allocator<unsigned long> >::_M_assign_aux<absl::lts_20260817::container_internal::raw",0.0,0.0,0.0,0.0,0.0,0.0,0.0,0.0,0.0,0.0,0.0,0.0,0.0,0.0,0.0
merge__gcc__X__alg_flat_keys_e8_nlocal_1048576_n_1114112,gcc,X,flat,1114112,1064960,raw_hash_set,=> /usr/include/c++/13/bits/vector.tcc,"=> /usr/include/c++/13/bits/vector.tcc:void std::vector<unsigned long, std::allocator<unsigned long> >::_M_assign_aux<absl::lts_20260817::container_internal::ra",34.7378,4.7206,0.9559,0.0,0.2909,0.1195,0.0,0.2822,0.1195,7.5882,1.6847,0.0,0.0,0.4016,0.4104
merge__gcc__X__alg_flat_keys_e8_nlocal_1048576_n_1114112,gcc,X,flat,1114112,1064960,raw_hash_set,=> /usr/include/c++/13/bits/stl_algobase.h,=> /usr/include/c++/13/bits/stl_algobase.h:unsigned long* std::copy<absl::lts_20260817::container_internal::raw_hash_set<absl::lts_20260817::container_internal:,18.3247,2.8382,0.9559,0.0,0.2615,0.1195,0.0,0.2615,0.1195,3.7941,0.8423,0.0,0.0,0.381,0.381
merge__gcc__X__alg_merge_inplace_keys_e8_nlocal_1048576_n_1114112,gcc,X,merge_inplace,1114112,1064960,measured_call,counters.cpp,counters.cpp:measured_call [/home/user/conference-hardfest-algorithms/bench/deep/counters/build/counters_gcc],26.9932,4.5824,2.7764,0.0001,0.2982,0.2137,0.0001,0.2079,0.0037,5.6043,0.4849,0.0,0.0,0.2116,0.512
merge__gcc__X__alg_merge_inplace_keys_e8_nlocal_1048576_n_1114112,gcc,X,merge_inplace,1114112,1064960,__sort,/usr/include/c++/13/bits/stl_algo.h,"/usr/include/c++/13/bits/stl_algo.h:void std::__sort<__gnu_cxx::__normal_iterator<unsigned long*, std::vector<unsigned long, std::allocator<unsigned long> > >, ",6.8599,1.3762,0.5851,0.0,0.0451,0.0002,0.0,0.0,0.0,1.3689,0.4147,0.0,0.0,0.0,0.0453
merge__gcc__X__alg_merge_inplace_keys_e8_nlocal_1048576_n_1114112,gcc,X,merge_inplace,1114112,1064960,unique,/usr/include/c++/13/bits/stl_iterator.h,"/usr/include/c++/13/bits/stl_iterator.h:__gnu_cxx::__normal_iterator<unsigned long*, std::vector<unsigned long, std::allocator<unsigned long> > > std::__unique<",1.9706,0.0,0.0,0.0,0.0,0.0,0.0,0.0,0.0,0.0,0.0,0.0,0.0,0.0,0.0
merge__gcc__X__alg_merge_inplace_keys_e8_nlocal_1048576_n_1114112,gcc,X,merge_inplace,1114112,1064960,memcpy,./string/../sysdeps/x86_64/multiarch/memmove-vec-unaligned-erms.S,./string/../sysdeps/x86_64/multiarch/memmove-vec-unaligned-erms.S:__memcpy_avx_unaligned_erms [/usr/lib/x86_64-linux-gnu/libc.so.6],0.2353,0.2353,0.2353,0.0,0.0037,0.0037,0.0,0.0,0.0037,0.2353,0.0,0.0,0.0,0.0037,0.0074
merge__gcc__X__alg_merge_inplace_keys_e8_nlocal_1048576_n_1114112,gcc,X,merge_inplace,1114112,1064960,__introsort_loop,/usr/include/c++/13/bits/stl_heap.h,"/usr/include/c++/13/bits/stl_heap.h:void std::__introsort_loop<__gnu_cxx::__normal_iterator<unsigned long*, std::vector<unsigned long, std::allocator<unsigned l",0.0032,0.0032,0.0,0.0,0.0,0.0,0.0,0.0,0.0,0.0,0.0,0.0,0.0,0.0,0.0
merge__gcc__X__alg_merge_inplace_keys_e8_nlocal_1048576_n_1114112,gcc,X,merge_inplace,1114112,1064960,operator new,???,"???:operator new(unsigned long, std::nothrow_t const&) [/usr/lib/x86_64-linux-gnu/libstdc++.so.6.0.33]",0.0009,0.0003,0.0002,0.0001,0.0001,0.0,0.0001,0.0001,0.0,0.0001,0.0,0.0,0.0,0.0001,0.0001
merge__gcc__X__alg_merge_inplace_keys_e8_nlocal_1048576_n_1114112,gcc,X,merge_inplace,1114112,1064960,operator new,???,???:operator new(unsigned long) [/usr/lib/x86_64-linux-gnu/libstdc++.so.6.0.33],0.0003,0.0001,0.0,0.0,0.0,0.0,0.0,0.0,0.0,0.0001,0.0,0.0,0.0,0.0,0.0
merge__gcc__X__alg_merge_inplace_keys_e8_nlocal_1048576_n_1114112,gcc,X,merge_inplace,1114112,1064960,malloc,./malloc/./malloc/malloc.c,./malloc/./malloc/malloc.c:malloc [/usr/lib/x86_64-linux-gnu/libc.so.6],0.0003,0.0001,0.0,0.0,0.0,0.0,0.0,0.0,0.0,0.0001,0.0,0.0,0.0,0.0,0.0
merge__gcc__X__alg_merge_inplace_keys_e8_nlocal_1048576_n_1114112,gcc,X,merge_inplace,1114112,1064960,malloc,./malloc/./malloc/malloc.c,./malloc/./malloc/malloc.c:_int_malloc [/usr/lib/x86_64-linux-gnu/libc.so.6],0.0003,0.0001,0.0,0.0,0.0,0.0,0.0,0.0,0.0,0.0,0.0,0.0,0.0,0.0,0.0
merge__gcc__X__alg_merge_inplace_keys_e8_nlocal_1048576_n_1114112,gcc,X,merge_inplace,1114112,1064960,operator delete,???,"???:operator delete(void*, unsigned long) [/usr/lib/x86_64-linux-gnu/libstdc++.so.6.0.33]",0.0002,0.0,0.0,0.0,0.0,0.0,0.0,0.0,0.0,0.0,0.0,0.0,0.0,0.0,0.0
merge__gcc__X__alg_merge_inplace_keys_e8_nlocal_1048576_n_1114112,gcc,X,merge_inplace,1114112,1064960,operator delete,???,???:operator delete(void*) [/usr/lib/x86_64-linux-gnu/libstdc++.so.6.0.33],0.0002,0.0,0.0,0.0,0.0,0.0,0.0,0.0,0.0,0.0,0.0,0.0,0.0,0.0,0.0
merge__gcc__X__alg_merge_inplace_keys_e8_nlocal_1048576_n_1114112,gcc,X,merge_inplace,1114112,1064960,malloc,./malloc/./malloc/malloc.c,./malloc/./malloc/malloc.c:free [/usr/lib/x86_64-linux-gnu/libc.so.6],0.0001,0.0,0.0,0.0,0.0,0.0,0.0,0.0,0.0,0.0,0.0,0.0,0.0,0.0,0.0
merge__gcc__X__alg_merge_inplace_keys_e8_nlocal_1048576_n_1114112,gcc,X,merge_inplace,1114112,1064960,malloc,./malloc/./malloc/malloc.c,./malloc/./malloc/malloc.c:_int_free [/usr/lib/x86_64-linux-gnu/libc.so.6],0.0001,0.0,0.0,0.0,0.0,0.0,0.0,0.0,0.0,0.0,0.0,0.0,0.0,0.0,0.0
merge__gcc__X__alg_merge_inplace_keys_e8_nlocal_1048576_n_1114112,gcc,X,merge_inplace,1114112,1064960,unique,,"__unique(_ForwardIterator __first, _ForwardIterator __last,",1.0294,0.0,0.0,0.0,0.0,0.0,0.0,0.0,0.0,0.0,0.0,0.0,0.0,0.0,0.0
merge__gcc__X__alg_merge_inplace_keys_e8_nlocal_1048576_n_1114112,gcc,X,merge_inplace,1114112,1064960,__sort,=> /usr/include/c++/13/bits/stl_algo.h,"=> /usr/include/c++/13/bits/stl_algo.h:void std::__sort<__gnu_cxx::__normal_iterator<unsigned long*, std::vector<unsigned long, std::allocator<unsigned long> > ",6.8599,1.3762,0.5851,0.0,0.0451,0.0002,0.0,0.0,0.0,1.3689,0.4147,0.0,0.0,0.0,0.0453
merge__gcc__X__alg_merge_union_keys_e8_nlocal_1048576_n_1114112,gcc,X,merge_union,1114112,1064960,measured_call,counters.cpp,counters.cpp:measured_call [/home/user/conference-hardfest-algorithms/bench/deep/counters/build/counters_gcc],20.8308,4.3027,2.5264,0.0001,0.1739,0.1229,0.0001,0.121,0.1195,5.3395,0.4865,0.0,0.0,0.2405,0.2967
merge__gcc__X__alg_merge_union_keys_e8_nlocal_1048576_n_1114112,gcc,X,merge_union,1114112,1064960,__sort,/usr/include/c++/13/bits/stl_algo.h,"/usr/include/c++/13/bits/stl_algo.h:void std::__sort<__gnu_cxx::__normal_iterator<unsigned long*, std::vector<unsigned long, std::allocator<unsigned long> > >, ",6.8599,1.3762,0.5851,0.0,0.0451,0.0002,0.0,0.0,0.0,1.3689,0.4147,0.0,0.0,0.0,0.0453
merge__gcc__X__alg_merge_union_keys_e8_nlocal_1048576_n_1114112,gcc,X,merge_union,1114112,1064960,unique,/usr/include/c++/13/bits/stl_iterator.h,"/usr/include/c++/13/bits/stl_iterator.h:__gnu_cxx::__normal_iterator<unsigned long*, std::vector<unsigned long, std::allocator<unsigned long> > > std::__unique<",0.0588,0.0,0.0,0.0,0.0,0.0,0.0,0.0,0.0,0.0,0.0,0.0,0.0,0.0,0.0
merge__gcc__X__alg_merge_union_keys_e8_nlocal_1048576_n_1114112,gcc,X,merge_union,1114112,1064960,__introsort_loop,/usr/include/c++/13/bits/stl_heap.h,"/usr/include/c++/13/bits/stl_heap.h:void std::__introsort_loop<__gnu_cxx::__normal_iterator<unsigned long*, std::vector<unsigned long, std::allocator<unsigned l",0.0032,0.0032,0.0,0.0,0.0,0.0,0.0,0.0,0.0,0.0,0.0,0.0,0.0,0.0,0.0
merge__gcc__X__alg_merge_union_keys_e8_nlocal_1048576_n_1114112,gcc,X,merge_union,1114112,1064960,operator new,???,???:operator new(unsigned long) [/usr/lib/x86_64-linux-gnu/libstdc++.so.6.0.33],0.0003,0.0001,0.0,0.0,0.0,0.0,0.0,0.0,0.0,0.0,0.0,0.0,0.0,0.0,0.0
merge__gcc__X__alg_merge_union_keys_e8_nlocal_1048576_n_1114112,gcc,X,merge_union,1114112,1064960,malloc,./malloc/./malloc/malloc.c,./malloc/./malloc/malloc.c:malloc [/usr/lib/x86_64-linux-gnu/libc.so.6],0.0003,0.0001,0.0,0.0,0.0,0.0,0.0,0.0,0.0,0.0,0.0,0.0,0.0,0.0,0.0
merge__gcc__X__alg_merge_union_keys_e8_nlocal_1048576_n_1114112,gcc,X,merge_union,1114112,1064960,malloc,./malloc/./malloc/malloc.c,./malloc/./malloc/malloc.c:_int_malloc [/usr/lib/x86_64-linux-gnu/libc.so.6],0.0002,0.0,0.0,0.0,0.0,0.0,0.0,0.0,0.0,0.0,0.0,0.0,0.0,0.0,0.0
merge__gcc__X__alg_merge_union_keys_e8_nlocal_1048576_n_1114112,gcc,X,merge_union,1114112,1064960,malloc,./malloc/./malloc/malloc.c,./malloc/./malloc/malloc.c:sysmalloc_mmap.isra.0 [/usr/lib/x86_64-linux-gnu/libc.so.6],0.0001,0.0,0.0,0.0,0.0,0.0,0.0,0.0,0.0,0.0,0.0,0.0,0.0,0.0,0.0
merge__gcc__X__alg_merge_union_keys_e8_nlocal_1048576_n_1114112,gcc,X,merge_union,1114112,1064960,unique,,"__unique(_ForwardIterator __first, _ForwardIterator __last,",0.0588,0.0,0.0,0.0,0.0,0.0,0.0,0.0,0.0,0.0,0.0,0.0,0.0,0.0,0.0
merge__gcc__X__alg_merge_union_keys_e8_nlocal_1048576_n_1114112,gcc,X,merge_union,1114112,1064960,__sort,=> /usr/include/c++/13/bits/stl_algo.h,"=> /usr/include/c++/13/bits/stl_algo.h:void std::__sort<__gnu_cxx::__normal_iterator<unsigned long*, std::vector<unsigned long, std::allocator<unsigned long> > ",6.8599,1.3762,0.5851,0.0,0.0451,0.0002,0.0,0.0,0.0,1.3689,0.4147,0.0,0.0,0.0,0.0453
merge__gcc__X__alg_radix_keys_e8_nlocal_1048576_n_1114112,gcc,X,radix,1114112,1064960,measured_call,counters.cpp,counters.cpp:measured_call [/home/user/conference-hardfest-algorithms/bench/deep/counters/build/counters_gcc],127.8807,18.0022,24.9588,0.0001,1.2502,1.157,0.0001,1.2419,0.9954,11.0029,0.0444,0.0,0.0,2.2374,2.4072
merge__gcc__X__alg_radix_keys_e8_nlocal_1048576_n_1114112,gcc,X,radix,1114112,1064960,unique,/usr/include/c++/13/bits/stl_iterator.h,"/usr/include/c++/13/bits/stl_iterator.h:__gnu_cxx::__normal_iterator<unsigned long*, std::vector<unsigned long, std::allocator<unsigned long> > > std::__unique<",1.9118,0.0,0.0,0.0,0.0,0.0,0.0,0.0,0.0,0.0,0.0,0.0,0.0,0.0,0.0
merge__gcc__X__alg_radix_keys_e8_nlocal_1048576_n_1114112,gcc,X,radix,1114112,1064960,operator new,???,???:operator new[](unsigned long) [/usr/lib/x86_64-linux-gnu/libstdc++.so.6.0.33],0.0008,0.0003,0.0002,0.0001,0.0,0.0,0.0001,0.0,0.0,0.0001,0.0,0.0,0.0,0.0001,0.0001
merge__gcc__X__alg_radix_keys_e8_nlocal_1048576_n_1114112,gcc,X,radix,1114112,1064960,operator new,???,???:operator new(unsigned long) [/usr/lib/x86_64-linux-gnu/libstdc++.so.6.0.33],0.0003,0.0001,0.0,0.0,0.0,0.0,0.0,0.0,0.0,0.0,0.0,0.0,0.0,0.0,0.0
merge__gcc__X__alg_radix_keys_e8_nlocal_1048576_n_1114112,gcc,X,radix,1114112,1064960,malloc,./malloc/./malloc/malloc.c,./malloc/./malloc/malloc.c:malloc [/usr/lib/x86_64-linux-gnu/libc.so.6],0.0003,0.0001,0.0,0.0,0.0,0.0,0.0,0.0,0.0,0.0,0.0,0.0,0.0,0.0,0.0
merge__gcc__X__alg_radix_keys_e8_nlocal_1048576_n_1114112,gcc,X,radix,1114112,1064960,malloc,./malloc/./malloc/malloc.c,./malloc/./malloc/malloc.c:_int_malloc [/usr/lib/x86_64-linux-gnu/libc.so.6],0.0002,0.0,0.0,0.0,0.0,0.0,0.0,0.0,0.0,0.0,0.0,0.0,0.0,0.0,0.0
merge__gcc__X__alg_radix_keys_e8_nlocal_1048576_n_1114112,gcc,X,radix,1114112,1064960,malloc,./malloc/./malloc/malloc.c,./malloc/./malloc/malloc.c:sysmalloc_mmap.isra.0 [/usr/lib/x86_64-linux-gnu/libc.so.6],0.0001,0.0,0.0,0.0,0.0,0.0,0.0,0.0,0.0,0.0,0.0,0.0,0.0,0.0,0.0
merge__gcc__X__alg_radix_keys_e8_nlocal_1048576_n_1114112,gcc,X,radix,1114112,1064960,unique,,"__unique(_ForwardIterator __first, _ForwardIterator __last,",1.0,0.0,0.0,0.0,0.0,0.0,0.0,0.0,0.0,0.0,0.0,0.0,0.0,0.0,0.0
merge__gcc__X__alg_sort_keys_e8_nlocal_1048576_n_1114112,gcc,X,sort,1114112,1064960,__introsort_loop,/usr/include/c++/13/bits/stl_iterator.h,"/usr/include/c++/13/bits/stl_iterator.h:void std::__introsort_loop<__gnu_cxx::__normal_iterator<unsigned long*, std::vector<unsigned long, std::allocator<unsign",799.4691,158.905,37.3151,0.0003,4.6887,0.0424,0.0003,0.1931,0.0021,159.7673,13.5456,0.0,0.0,0.1952,4.731
merge__gcc__X__alg_sort_keys_e8_nlocal_1048576_n_1114112,gcc,X,sort,1114112,1064960,__introsort_loop,/usr/include/c++/13/bits/stl_algo.h,"/usr/include/c++/13/bits/stl_algo.h:void std::__introsort_loop<__gnu_cxx::__normal_iterator<unsigned long*, std::vector<unsigned long, std::allocator<unsigned l",734.015,132.2708,31.9034,0.0003,3.3315,0.0424,0.0003,0.0421,0.0021,158.1654,13.2757,0.0,0.0,0.0442,3.3739
merge__gcc__X__alg_sort_keys_e8_nlocal_1048576_n_1114112,gcc,X,sort,1114112,1064960,measured_call,counters.cpp,counters.cpp:measured_call [/home/user/conference-hardfest-algorithms/bench/deep/counters/build/counters_gcc],173.1142,33.6478,9.788,0.0,1.8333,0.1152,0.0,0.5983,0.0001,34.793,2.4482,0.0,0.0,0.5985,1.9485
merge__gcc__X__alg_sort_keys_e8_nlocal_1048576_n_1114112,gcc,X,sort,1114112,1064960,__sort,/usr/include/c++/13/bits/stl_algo.h,"/usr/include/c++/13/bits/stl_algo.h:void std::__sort<__gnu_cxx::__normal_iterator<unsigned long*, std::vector<unsigned long, std::allocator<unsigned long> > >, ",163.2466,32.6478,8.8321,0.0,1.7083,0.0034,0.0,0.4733,0.0001,32.793,2.4038,0.0,0.0,0.4735,1.7118
merge__gcc__X__alg_sort_keys_e8_nlocal_1048576_n_1114112,gcc,X,sort,1114112,1064960,__introsort_loop,/usr/include/c++/13/bits/stl_iterator.h,"/usr/include/c++/13/bits/stl_iterator.h:void std::__introsort_loop<__gnu_cxx::__normal_iterator<unsigned long*, std::vector<unsigned long, std::allocator<unsign",142.1666,28.8011,5.9854,0.0,1.584,0.0034,0.0,0.3777,0.0001,28.9464,1.8129,0.0,0.0,0.3778,1.5874
merge__gcc__X__alg_sort_keys_e8_nlocal_1048576_n_1114112,gcc,X,sort,1114112,1064960,__introsort_loop,/usr/include/c++/13/bits/stl_algo.h,"/usr/include/c++/13/bits/stl_algo.h:void std::__introsort_loop<__gnu_cxx::__normal_iterator<unsigned long*, std::vector<unsigned long, std::allocator<unsigned l",138.3954,26.9395,5.8895,0.0,1.3573,0.0034,0.0,0.151,0.0001,28.9464,1.8129,0.0,0.0,0.1511,1.3607
merge__gcc__X__alg_sort_keys_e8_nlocal_1048576_n_1114112,gcc,X,sort,1114112,1064960,memmove,,"__builtin_memmove(__result - _Num, __first, sizeof(_Tp) * _Num);",0.0,0.0,0.0,0.0,0.0,0.0,0.0,0.0,0.0,0.0,0.0,0.0,0.0,0.0,0.0
merge__gcc__X__alg_sort_keys_e8_nlocal_1048576_n_1114112,gcc,X,sort,1114112,1064960,__introsort_loop,=> /usr/include/c++/13/bits/stl_iterator.h,"=> /usr/include/c++/13/bits/stl_iterator.h:void std::__introsort_loop<__gnu_cxx::__normal_iterator<unsigned long*, std::vector<unsigned long, std::allocator<uns",133.8105,26.9395,5.8895,0.0,1.3573,0.0034,0.0,0.151,0.0001,27.0848,1.7681,0.0,0.0,0.1511,1.3607
merge__gcc__X__alg_sort_keys_e8_nlocal_1048576_n_1114112,gcc,X,sort,1114112,1064960,__introsort_loop,=> /usr/include/c++/13/bits/stl_iterator.h,"=> /usr/include/c++/13/bits/stl_iterator.h:void std::__introsort_loop<__gnu_cxx::__normal_iterator<unsigned long*, std::vector<unsigned long, std::allocator<uns",142.1666,28.8011,5.9854,0.0,1.584,0.0034,0.0,0.3777,0.0001,28.9464,1.8129,0.0,0.0,0.3778,1.5874
merge__gcc__X__alg_sort_keys_e8_nlocal_1048576_n_1114112,gcc,X,sort,1114112,1064960,__sort,=> /usr/include/c++/13/bits/stl_algo.h,"=> /usr/include/c++/13/bits/stl_algo.h:void std::__sort<__gnu_cxx::__normal_iterator<unsigned long*, std::vector<unsigned long, std::allocator<unsigned long> > ",163.2466,32.6478,8.8321,0.0,1.7083,0.0034,0.0,0.4733,0.0001,32.793,2.4038,0.0,0.0,0.4735,1.7118
merge__gcc__X__alg_uset_keys_e8_nlocal_1048576_n_1114112,gcc,X,uset,1114112,1064960,measured_call,counters.cpp,counters.cpp:measured_call [/home/user/conference-hardfest-algorithms/bench/deep/counters/build/counters_gcc],441.9855,104.3296,68.6733,0.0001,4.5244,0.854,0.0001,4.2452,0.8539,77.9438,1.2476,5.7353,0.0,5.0991,5.3783
merge__gcc__X__alg_uset_keys_e8_nlocal_1048576_n_1114112,gcc,X,uset,1114112,1064960,rehash,/usr/include/c++/13/bits/hashtable.h,"/usr/include/c++/13/bits/hashtable.h:std::pair<std::__detail::_Node_iterator<unsigned long, true, false>, bool> std::_Hashtable<unsigned long, unsigned long, st",291.3962,68.9177,35.9227,0.0,1.9787,0.4781,0.0,1.7864,0.478,38.5462,0.9963,2.8676,0.0,2.2644,2.4568
merge__gcc__X__alg_uset_keys_e8_nlocal_1048576_n_1114112,gcc,X,uset,1114112,1064960,rehash,/usr/include/c++/13/bits/new_allocator.h,"/usr/include/c++/13/bits/new_allocator.h:std::pair<std::__detail::_Node_iterator<unsigned long, true, false>, bool> std::_Hashtable<unsigned long, unsigned long",203.6172,41.1067,21.0316,0.0,0.0005,0.4781,0.0,0.0002,0.478,30.5908,0.1418,1.9118,0.0,0.4782,0.4786
merge__gcc__X__alg_uset_keys_e8_nlocal_1048576_n_1114112,gcc,X,uset,1114112,1064960,operator new,???,???:operator new(unsigned long) [/usr/lib/x86_64-linux-gnu/libstdc++.so.6.0.33],198.8381,40.1508,20.0758,0.0001,0.0005,0.4781,0.0001,0.0002,0.478,30.5908,0.1418,0.9559,0.0,0.4782,0.4786
merge__gcc__X__alg_uset_keys_e8_nlocal_1048576_n_1114112,gcc,X,uset,1114112,1064960,malloc,./malloc/./malloc/malloc.c,./malloc/./malloc/malloc.c:malloc [/usr/lib/x86_64-linux-gnu/libc.so.6],181.6322,36.3273,17.2082,0.0001,0.0005,0.4781,0.0001,0.0002,0.478,29.6349,0.1418,0.0,0.0,0.4782,0.4786
merge__gcc__X__alg_uset_keys_e8_nlocal_1048576_n_1114112,gcc,X,uset,1114112,1064960,malloc,./malloc/./malloc/malloc.c,./malloc/./malloc/malloc.c:_int_malloc [/usr/lib/x86_64-linux-gnu/libc.so.6],136.7057,24.8567,12.4287,0.0001,0.0005,0.4781,0.0001,0.0002,0.478,20.0761,0.0001,0.0,0.0,0.4782,0.4786
merge__gcc__X__alg_uset_keys_e8_nlocal_1048576_n_1114112,gcc,X,uset,1114112,1064960,operator delete,???,"???:operator delete(void*, unsigned long) [/usr/lib/x86_64-linux-gnu/libstdc++.so.6.0.33]",108.9705,29.6323,12.4265,0.0,0.3077,0.0,0.0,0.2939,0.0,19.1176,0.0,1.9118,0.0,0.2939,0.3077
merge__gcc__X__alg_uset_keys_e8_nlocal_1048576_n_1114112,gcc,X,uset,1114112,1064960,operator delete,???,???:operator delete(void*) [/usr/lib/x86_64-linux-gnu/libstdc++.so.6.0.33],105.147,28.6765,12.4265,0.0,0.3077,0.0,0.0,0.2939,0.0,19.1176,0.0,0.9559,0.0,0.2939,0.3077
merge__gcc__X__alg_uset_keys_e8_nlocal_1048576_n_1114112,gcc,X,uset,1114112,1064960,malloc,./malloc/./malloc/malloc.c,./malloc/./malloc/malloc.c:free [/usr/lib/x86_64-linux-gnu/libc.so.6],101.3235,27.7206,12.4265,0.0,0.3077,0.0,0.0,0.2939,0.0,19.1176,0.0,0.0,0.0,0.2939,0.3077
merge__gcc__X__alg_uset_keys_e8_nlocal_1048576_n_1114112,gcc,X,uset,1114112,1064960,malloc,./malloc/./malloc/malloc.c,./malloc/./malloc/malloc.c:_int_free [/usr/lib/x86_64-linux-gnu/libc.so.6],71.691,18.1617,6.6912,0.0,0.1912,0.0,0.0,0.1796,0.0,15.2941,0.0,0.0,0.0,0.1796,0.1912
merge__gcc__X__alg_uset_keys_e8_nlocal_1048576_n_1114112,gcc,X,uset,1114112,1064960,_M_rehash,/usr/include/c++/13/bits/hashtable.h,"/usr/include/c++/13/bits/hashtable.h:std::_Hashtable<unsigned long, unsigned long, std::allocator<unsigned long>, std::__detail::_Identity, std::equal_to<unsign",8.2065,0.0001,8.2062,0.0,0.0,0.1282,0.0,0.0,0.1282,8.2062,0.0,0.0,0.0,0.1282,0.1282
merge__gcc__X__alg_uset_keys_e8_nlocal_1048576_n_1114112,gcc,X,uset,1114112,1064960,_M_rehash,/usr/include/c++/13/bits/hashtable_policy.h,"/usr/include/c++/13/bits/hashtable_policy.h:std::_Hashtable<unsigned long, unsigned long, std::allocator<unsigned long>, std::__detail::_Identity, std::equal_to",8.2062,0.0,8.2061,0.0,0.0,0.1282,0.0,0.0,0.1282,8.2062,0.0,0.0,0.0,0.1282,0.1282
merge__gcc__X__alg_uset_keys_e8_nlocal_1048576_n_1114112,gcc,X,uset,1114112,1064960,rehash,/usr/include/c++/13/bits/stl_construct.h,"/usr/include/c++/13/bits/stl_construct.h:std::pair<std::__detail::_Node_iterator<unsigned long, true, false>, bool> std::_Hashtable<unsigned long, unsigned long",1.9118,0.9559,0.9559,0.0,0.0,0.0,0.0,0.0,0.0,0.0,0.0,0.0,0.0,0.0,0.0
merge__gcc__X__alg_uset_keys_e8_nlocal_1048576_n_1114112,gcc,X,uset,1114112,1064960,malloc,./malloc/./malloc/morecore.c,./malloc/./malloc/morecore.c:__glibc_morecore [/usr/lib/x86_64-linux-gnu/libc.so.6],0.0039,0.001,0.0006,0.0,0.0003,0.0001,0.0,0.0001,0.0,0.0007,0.0,0.0,0.0,0.0001,0.0004
merge__gcc__X__alg_uset_keys_e8_nlocal_1048576_n_1114112,gcc,X,uset,1114112,1064960,_M_rehash,/usr/include/c++/13/bits/new_allocator.h,"/usr/include/c++/13/bits/new_allocator.h:std::_Hashtable<unsigned long, unsigned long, std::allocator<unsigned long>, std::__detail::_Identity, std::equal_to<un",0.0003,0.0001,0.0,0.0,0.0,0.0,0.0,0.0,0.0,0.0,0.0,0.0,0.0,0.0,0.0
merge__gcc__X__alg_uset_keys_e8_nlocal_1048576_n_1114112,gcc,X,uset,1114112,1064960,malloc,./malloc/./malloc/malloc.c,./malloc/./malloc/malloc.c:sysmalloc_mmap.isra.0 [/usr/lib/x86_64-linux-gnu/libc.so.6],0.0001,0.0,0.0,0.0,0.0,0.0,0.0,0.0,0.0,0.0,0.0,0.0,0.0,0.0,0.0
merge__gcc__X__alg_uset_keys_e8_nlocal_1048576_n_1114112,gcc,X,uset,1114112,1064960,rehash,=> /usr/include/c++/13/bits/hashtable.h,"=> /usr/include/c++/13/bits/hashtable.h:std::pair<std::__detail::_Node_iterator<unsigned long, true, false>, bool> std::_Hashtable<unsigned long, unsigned long,",291.3962,68.9177,35.9227,0.0,1.9787,0.4781,0.0,1.7864,0.478,38.5462,0.9963,2.8676,0.0,2.2644,2.4568
merge__gcc__X__alg_uset_keys_e8_nlocal_1048576_n_1114112,gcc,X,uset,1114112,1064960,_M_rehash,,const __rehash_state& __saved_state = _M_rehash_policy._M_state();,1.9118,0.9559,0.9559,0.0,0.0,0.0,0.0,0.0,0.0,0.0,0.0,0.0,0.0,0.0,0.0
merge__gcc__X__alg_uset_keys_e8_nlocal_1048576_n_1114112,gcc,X,uset,1114112,1064960,_M_rehash,,"= _M_rehash_policy._M_need_rehash(_M_bucket_count, _M_element_count,",5.7353,1.9118,0.9559,0.0,0.0,0.0,0.0,0.0,0.0,0.0,0.0,0.0,0.0,0.0,0.0
merge__gcc__X__alg_uset_keys_e8_nlocal_1048576_n_1114112,gcc,X,uset,1114112,1064960,_M_rehash,=> /usr/include/c++/13/bits/hashtable.h,"=> /usr/include/c++/13/bits/hashtable.h:std::_Hashtable<unsigned long, unsigned long, std::allocator<unsigned long>, std::__detail::_Identity, std::equal_to<uns",8.2065,0.0001,8.2062,0.0,0.0,0.1282,0.0,0.0,0.1282,8.2062,0.0,0.0,0.0,0.1282,0.1282
merge__libcxx__P__alg_flat_keys_e8_nlocal_1048576_n_1114112,libcxx,P,flat,1114112,1064960,measured_call,counters.cpp,counters.cpp:measured_call [/home/user/conference-hardfest-algorithms/bench/deep/counters/build/counters_libcxx],113.418,18.4774,9.6414,0.0001,1.254,1.0104,0.0001,0.1595,0.3365,13.5721,1.7439,0.0,0.0,0.496,2.2643
merge__libcxx__P__alg_flat_keys_e8_nlocal_1048576_n_1114112,libcxx,P,flat,1114112,1064960,raw_hash_set,../../build/abseil-cpp/absl/container/internal/raw_hash_set.h,"../../build/abseil-cpp/absl/container/internal/raw_hash_set.h:alg_flat(std::__1::vector<unsigned long, std::__1::allocator<unsigned long> >&, Ctx const&)",75.1587,11.6519,6.7296,0.0001,0.0147,0.0147,0.0001,0.0,0.0147,8.778,0.9013,0.0,0.0,0.0147,0.0294
merge__libcxx__P__alg_flat_keys_e8_nlocal_1048576_n_1114112,libcxx,P,flat,1114112,1064960,raw_hash_set,/usr/lib/llvm-18/bin/../include/c++/v1/vector,"/usr/lib/llvm-18/bin/../include/c++/v1/vector:void std::__1::vector<unsigned long, std::__1::allocator<unsigned long> >::__assign_with_size[abi:ne180100]<absl::",17.4275,2.8382,0.9559,0.0,0.1323,0.0597,0.0,0.0896,0.0597,3.7941,0.8425,0.0,0.0,0.1494,0.1921
merge__libcxx__P__alg_flat_keys_e8_nlocal_1048576_n_1114112,libcxx,P,flat,1114112,1064960,raw_hash_set,../../build/abseil-cpp/absl/container/internal/hashtable_control_bytes.h,"../../build/abseil-cpp/absl/container/internal/hashtable_control_bytes.h:void std::__1::vector<unsigned long, std::__1::allocator<unsigned long> >::__assign_wit",1.8823,0.0,0.0,0.0,0.0,0.0,0.0,0.0,0.0,0.0,0.0,0.0,0.0,0.0,0.0
merge__libcxx__P__alg_flat_keys_e8_nlocal_1048576_n_1114112,libcxx,P,flat,1114112,1064960,operator new,???,???:operator new(unsigned long) [???],0.0003,0.0001,0.0,0.0,0.0,0.0,0.0,0.0,0.0,0.0,0.0,0.0,0.0,0.0,0.0
merge__libcxx__P__alg_flat_keys_e8_nlocal_1048576_n_1114112,libcxx,P,flat,1114112,1064960,malloc,./malloc/./malloc/malloc.c,./malloc/./malloc/malloc.c:malloc [/usr/lib/x86_64-linux-gnu/libc.so.6],0.0003,0.0001,0.0,0.0,0.0,0.0,0.0,0.0,0.0,0.0,0.0,0.0,0.0,0.0,0.0
merge__libcxx__P__alg_flat_keys_e8_nlocal_1048576_n_1114112,libcxx,P,flat,1114112,1064960,malloc,./malloc/./malloc/malloc.c,./malloc/./malloc/malloc.c:_int_malloc [/usr/lib/x86_64-linux-gnu/libc.so.6],0.0002,0.0,0.0,0.0,0.0,0.0,0.0,0.0,0.0,0.0,0.0,0.0,0.0,0.0,0.0
merge__libcxx__P__alg_flat_keys_e8_nlocal_1048576_n_1114112,libcxx,P,flat,1114112,1064960,malloc,./malloc/./malloc/malloc.c,./malloc/./malloc/malloc.c:sysmalloc_mmap.isra.0 [/usr/lib/x86_64-linux-gnu/libc.so.6],0.0001,0.0,0.0,0.0,0.0,0.0,0.0,0.0,0.0,0.0,0.0,0.0,0.0,0.0,0.0
merge__libcxx__P__alg_flat_keys_e8_nlocal_1048576_n_1114112,libcxx,P,flat,1114112,1064960,raw_hash_set,=> /usr/lib/llvm-18/bin/../include/c++/v1/vector,"=> /usr/lib/llvm-18/bin/../include/c++/v1/vector:void std::__1::vector<unsigned long, std::__1::allocator<unsigned long> >::__assign_with_size[abi:ne180100]<abs",17.4275,2.8382,0.9559,0.0,0.1323,0.0597,0.0,0.0896,0.0597,3.7941,0.8425,0.0,0.0,0.1494,0.1921
merge__libcxx__P__alg_merge_inplace_keys_e8_nlocal_1048576_n_1114112,libcxx,P,merge_inplace,1114112,1064960,measured_call,counters.cpp,counters.cpp:measured_call [/home/user/conference-hardfest-algorithms/bench/deep/counters/build/counters_libcxx],30.8985,4.1482,2.5933,0.0001,0.1371,0.0776,0.0001,0.0042,0.0019,5.3271,0.4456,0.0004,0.0003,0.0061,0.2147
merge__libcxx__P__alg_merge_inplace_keys_e8_nlocal_1048576_n_1114112,libcxx,P,merge_inplace,1114112,1064960,inplace_merge,/usr/lib/llvm-18/bin/../include/c++/v1/__algorithm/inplace_merge.h,"/usr/lib/llvm-18/bin/../include/c++/v1/__algorithm/inplace_merge.h:alg_merge_inplace(std::__1::vector<unsigned long, std::__1::allocator<unsigned long> >&, Ctx ",14.6101,1.9559,0.9853,0.0,0.0625,0.0471,0.0,0.0042,0.0018,1.9485,0.0,0.0,0.0,0.006,0.1095
merge__libcxx__P__alg_merge_inplace_keys_e8_nlocal_1048576_n_1114112,libcxx,P,merge_inplace,1114112,1064960,inplace_merge,/usr/lib/llvm-18/bin/../include/c++/v1/__algorithm/inplace_merge.h,"/usr/lib/llvm-18/bin/../include/c++/v1/__algorithm/inplace_merge.h:void std::__1::__inplace_merge<std::__1::_ClassicAlgPolicy, std::__1::__less<void, void>&, st",14.6101,1.9559,0.9853,0.0,0.0625,0.0471,0.0,0.0042,0.0018,1.9485,0.0,0.0,0.0,0.006,0.1095
merge__libcxx__P__alg_merge_inplace_keys_e8_nlocal_1048576_n_1114112,libcxx,P,merge_inplace,1114112,1064960,__sort,???,"???:void std::__1::__sort<std::__1::__less<unsigned long, unsigned long>&, unsigned long*>(unsigned long*, unsigned long*, std::__1::__less<unsigned long, unsig",6.1254,1.1625,0.6226,0.0,0.0111,0.0,0.0,0.0,0.0,1.3196,0.4057,0.0004,0.0003,0.0,0.0111
merge__libcxx__P__alg_merge_inplace_keys_e8_nlocal_1048576_n_1114112,libcxx,P,merge_inplace,1114112,1064960,inplace_merge,/usr/lib/llvm-18/bin/../include/c++/v1/__iterator/wrap_iter.h,"/usr/lib/llvm-18/bin/../include/c++/v1/__iterator/wrap_iter.h:void std::__1::__inplace_merge<std::__1::_ClassicAlgPolicy, std::__1::__less<void, void>&, std::__",2.9117,0.0,0.0,0.0,0.0,0.0,0.0,0.0,0.0,0.0,0.0,0.0,0.0,0.0,0.0
merge__libcxx__P__alg_merge_inplace_keys_e8_nlocal_1048576_n_1114112,libcxx,P,merge_inplace,1114112,1064960,inplace_merge,/usr/lib/llvm-18/bin/../include/c++/v1/__iterator/reverse_iterator.h,"/usr/lib/llvm-18/bin/../include/c++/v1/__iterator/reverse_iterator.h:void std::__1::__inplace_merge<std::__1::_ClassicAlgPolicy, std::__1::__less<void, void>&, ",1.9411,0.0,0.0,0.0,0.0,0.0,0.0,0.0,0.0,0.0,0.0,0.0,0.0,0.0,0.0
merge__libcxx__P__alg_merge_inplace_keys_e8_nlocal_1048576_n_1114112,libcxx,P,merge_inplace,1114112,1064960,operator new,???,"???:operator new(unsigned long, std::nothrow_t const&) [/usr/lib/llvm-18/lib/libc++abi.so.1.0]",0.0003,0.0001,0.0,0.0,0.0,0.0,0.0,0.0,0.0,0.0001,0.0,0.0,0.0,0.0,0.0
merge__libcxx__P__alg_merge_inplace_keys_e8_nlocal_1048576_n_1114112,libcxx,P,merge_inplace,1114112,1064960,operator new,???,???:operator new(unsigned long) [???],0.0003,0.0001,0.0,0.0,0.0,0.0,0.0,0.0,0.0,0.0001,0.0,0.0,0.0,0.0,0.0
merge__libcxx__P__alg_merge_inplace_keys_e8_nlocal_1048576_n_1114112,libcxx,P,merge_inplace,1114112,1064960,malloc,./malloc/./malloc/malloc.c,./malloc/./malloc/malloc.c:malloc [/usr/lib/x86_64-linux-gnu/libc.so.6],0.0003,0.0001,0.0,0.0,0.0,0.0,0.0,0.0,0.0,0.0001,0.0,0.0,0.0,0.0,0.0
merge__libcxx__P__alg_merge_inplace_keys_e8_nlocal_1048576_n_1114112,libcxx,P,merge_inplace,1114112,1064960,malloc,./malloc/./malloc/malloc.c,./malloc/./malloc/malloc.c:_int_malloc [/usr/lib/x86_64-linux-gnu/libc.so.6],0.0003,0.0001,0.0,0.0,0.0,0.0,0.0,0.0,0.0,0.0,0.0,0.0,0.0,0.0,0.0
merge__libcxx__P__alg_merge_inplace_keys_e8_nlocal_1048576_n_1114112,libcxx,P,merge_inplace,1114112,1064960,inplace_merge,=> /usr/lib/llvm-18/bin/../include/c++/v1/__algorithm/inplace_merge.h,"=> /usr/lib/llvm-18/bin/../include/c++/v1/__algorithm/inplace_merge.h:void std::__1::__inplace_merge<std::__1::_ClassicAlgPolicy, std::__1::__less<void, void>&,",14.6101,1.9559,0.9853,0.0,0.0625,0.0471,0.0,0.0042,0.0018,1.9485,0.0,0.0,0.0,0.006,0.1095
merge__libcxx__P__alg_merge_inplace_keys_e8_nlocal_1048576_n_1114112,libcxx,P,merge_inplace,1114112,1064960,__sort,=> ???,"=> ???:void std::__1::__sort<std::__1::__less<unsigned long, unsigned long>&, unsigned long*>(unsigned long*, unsigned long*, std::__1::__less<unsigned long, un",6.1254,1.1625,0.6226,0.0,0.0111,0.0,0.0,0.0,0.0,1.3196,0.4057,0.0004,0.0003,0.0,0.0111
merge__libcxx__P__alg_merge_inplace_keys_e8_nlocal_1048576_n_1114112,libcxx,P,merge_inplace,1114112,1064960,operator new,=> ???,"=> ???:operator new(unsigned long, std::nothrow_t const&) (1x)",0.0003,0.0001,0.0,0.0,0.0,0.0,0.0,0.0,0.0,0.0001,0.0,0.0,0.0,0.0,0.0
merge__libcxx__P__alg_merge_inplace_keys_e8_nlocal_1048576_n_1114112,libcxx,P,merge_inplace,1114112,1064960,unique,,<counts for unidentified lines in /usr/lib/llvm-18/bin/../include/c++/v1/__algorithm/unique.h>,0.0,0.0,0.0,0.0,0.0,0.0,0.0,0.0,0.0,0.0,0.0,0.0,0.0,0.0,0.0
merge__libcxx__P__alg_merge_union_keys_e8_nlocal_1048576_n_1114112,libcxx,P,merge_union,1114112,1064960,measured_call,counters.cpp,counters.cpp:measured_call [/home/user/conference-hardfest-algorithms/bench/deep/counters/build/counters_libcxx],49.5814,14.6037,9.255,0.0001,0.0754,0.0609,0.0001,0.0578,0.0598,5.2608,0.4458,0.0004,0.0003,0.1175,0.1364
merge__libcxx__P__alg_merge_union_keys_e8_nlocal_1048576_n_1114112,libcxx,P,merge_union,1114112,1064960,__sort,???,"???:void std::__1::__sort<std::__1::__less<unsigned long, unsigned long>&, unsigned long*>(unsigned long*, unsigned long*, std::__1::__less<unsigned long, unsig",6.1254,1.1625,0.6226,0.0,0.0111,0.0,0.0,0.0,0.0,1.3196,0.4057,0.0004,0.0003,0.0,0.0111
merge__libcxx__P__alg_merge_union_keys_e8_nlocal_1048576_n_1114112,libcxx,P,merge_union,1114112,1064960,operator new,???,???:operator new(unsigned long) [???],0.0003,0.0001,0.0,0.0,0.0,0.0,0.0,0.0,0.0,0.0,0.0,0.0,0.0,0.0,0.0
merge__libcxx__P__alg_merge_union_keys_e8_nlocal_1048576_n_1114112,libcxx,P,merge_union,1114112,1064960,malloc,./malloc/./malloc/malloc.c,./malloc/./malloc/malloc.c:malloc [/usr/lib/x86_64-linux-gnu/libc.so.6],0.0003,0.0001,0.0,0.0,0.0,0.0,0.0,0.0,0.0,0.0,0.0,0.0,0.0,0.0,0.0
merge__libcxx__P__alg_merge_union_keys_e8_nlocal_1048576_n_1114112,libcxx,P,merge_union,1114112,1064960,malloc,./malloc/./malloc/malloc.c,./malloc/./malloc/malloc.c:_int_malloc [/usr/lib/x86_64-linux-gnu/libc.so.6],0.0002,0.0,0.0,0.0,0.0,0.0,0.0,0.0,0.0,0.0,0.0,0.0,0.0,0.0,0.0
merge__libcxx__P__alg_merge_union_keys_e8_nlocal_1048576_n_1114112,libcxx,P,merge_union,1114112,1064960,malloc,./malloc/./malloc/malloc.c,./malloc/./malloc/malloc.c:sysmalloc_mmap.isra.0 [/usr/lib/x86_64-linux-gnu/libc.so.6],0.0001,0.0,0.0,0.0,0.0,0.0,0.0,0.0,0.0,0.0,0.0,0.0,0.0,0.0,0.0
merge__libcxx__P__alg_merge_union_keys_e8_nlocal_1048576_n_1114112,libcxx,P,merge_union,1114112,1064960,operator new,=> ???,=> ???:operator new(unsigned long) (1x),0.0003,0.0001,0.0,0.0,0.0,0.0,0.0,0.0,0.0,0.0,0.0,0.0,0.0,0.0,0.0
merge__libcxx__P__alg_merge_union_keys_e8_nlocal_1048576_n_1114112,libcxx,P,merge_union,1114112,1064960,set_union,,<counts for unidentified lines in /usr/lib/llvm-18/bin/../include/c++/v1/__algorithm/set_union.h>,0.9559,0.9559,0.0,0.0,0.0,0.0,0.0,0.0,0.0,0.0,0.0,0.0,0.0,0.0,0.0
merge__libcxx__P__alg_merge_union_keys_e8_nlocal_1048576_n_1114112,libcxx,P,merge_union,1114112,1064960,unique,,<counts for unidentified lines in /usr/lib/llvm-18/bin/../include/c++/v1/__algorithm/unique.h>,0.0,0.0,0.0,0.0,0.0,0.0,0.0,0.0,0.0,0.0,0.0,0.0,0.0,0.0,0.0
merge__libcxx__P__alg_merge_union_keys_e8_nlocal_1048576_n_1114112,libcxx,P,merge_union,1114112,1064960,__sort,=> ???,"=> ???:void std::__1::__sort<std::__1::__less<unsigned long, unsigned long>&, unsigned long*>(unsigned long*, unsigned long*, std::__1::__less<unsigned long, un",6.1254,1.1625,0.6226,0.0,0.0111,0.0,0.0,0.0,0.0,1.3196,0.4057,0.0004,0.0003,0.0,0.0111
merge__libcxx__P__alg_radix_keys_e8_nlocal_1048576_n_1114112,libcxx,P,radix,1114112,1064960,measured_call,counters.cpp,counters.cpp:measured_call [/home/user/conference-hardfest-algorithms/bench/deep/counters/build/counters_libcxx],108.8836,18.0024,24.9654,0.0001,0.6252,0.5541,0.0001,0.1364,0.181,7.008,0.0445,0.0,0.0,0.3174,1.1793
merge__libcxx__P__alg_radix_keys_e8_nlocal_1048576_n_1114112,libcxx,P,radix,1114112,1064960,unique,/usr/lib/llvm-18/bin/../include/c++/v1/__memory/unique_ptr.h,"/usr/lib/llvm-18/bin/../include/c++/v1/__memory/unique_ptr.h:alg_radix(std::__1::vector<unsigned long, std::__1::allocator<unsigned long> >&, Ctx const&)",0.0007,0.0002,0.0001,0.0,0.0,0.0,0.0,0.0,0.0,0.0001,0.0,0.0,0.0,0.0001,0.0001
merge__libcxx__P__alg_radix_keys_e8_nlocal_1048576_n_1114112,libcxx,P,radix,1114112,1064960,operator new,???,???:operator new[](unsigned long) [???],0.0003,0.0001,0.0,0.0,0.0,0.0,0.0,0.0,0.0,0.0,0.0,0.0,0.0,0.0,0.0
merge__libcxx__P__alg_radix_keys_e8_nlocal_1048576_n_1114112,libcxx,P,radix,1114112,1064960,operator new,???,???:operator new(unsigned long) [???],0.0003,0.0001,0.0,0.0,0.0,0.0,0.0,0.0,0.0,0.0,0.0,0.0,0.0,0.0,0.0
merge__libcxx__P__alg_radix_keys_e8_nlocal_1048576_n_1114112,libcxx,P,radix,1114112,1064960,malloc,./malloc/./malloc/malloc.c,./malloc/./malloc/malloc.c:malloc [/usr/lib/x86_64-linux-gnu/libc.so.6],0.0003,0.0001,0.0,0.0,0.0,0.0,0.0,0.0,0.0,0.0,0.0,0.0,0.0,0.0,0.0
merge__libcxx__P__alg_radix_keys_e8_nlocal_1048576_n_1114112,libcxx,P,radix,1114112,1064960,malloc,./malloc/./malloc/malloc.c,./malloc/./malloc/malloc.c:_int_malloc [/usr/lib/x86_64-linux-gnu/libc.so.6],0.0002,0.0,0.0,0.0,0.0,0.0,0.0,0.0,0.0,0.0,0.0,0.0,0.0,0.0,0.0
merge__libcxx__P__alg_radix_keys_e8_nlocal_1048576_n_1114112,libcxx,P,radix,1114112,1064960,malloc,./malloc/./malloc/malloc.c,./malloc/./malloc/malloc.c:sysmalloc_mmap.isra.0 [/usr/lib/x86_64-linux-gnu/libc.so.6],0.0001,0.0,0.0,0.0,0.0,0.0,0.0,0.0,0.0,0.0,0.0,0.0,0.0,0.0,0.0
merge__libcxx__P__alg_radix_keys_e8_nlocal_1048576_n_1114112,libcxx,P,radix,1114112,1064960,operator new,=> ???,=> ???:operator new[](unsigned long) (1x),0.0003,0.0001,0.0,0.0,0.0,0.0,0.0,0.0,0.0,0.0,0.0,0.0,0.0,0.0,0.0
merge__libcxx__P__alg_sort_keys_e8_nlocal_1048576_n_1114112,libcxx,P,sort,1114112,1064960,measured_call,counters.cpp,counters.cpp:measured_call [/home/user/conference-hardfest-algorithms/bench/deep/counters/build/counters_libcxx],135.4637,26.327,10.1627,0.0,0.5514,0.0506,0.0,0.0038,0.0,29.5636,2.2325,0.0203,0.0107,0.0038,0.6019
merge__libcxx__P__alg_sort_keys_e8_nlocal_1048576_n_1114112,libcxx,P,sort,1114112,1064960,__sort,???,"???:void std::__1::__sort<std::__1::__less<unsigned long, unsigned long>&, unsigned long*>(unsigned long*, unsigned long*, std::__1::__less<unsigned long, unsig",125.5961,25.3269,9.2068,0.0,0.4889,0.0012,0.0,0.0038,0.0,27.5636,2.1882,0.0203,0.0107,0.0038,0.49
merge__libcxx__P__alg_sort_keys_e8_nlocal_1048576_n_1114112,libcxx,P,sort,1114112,1064960,__sort,=> ???,"=> ???:void std::__1::__sort<std::__1::__less<unsigned long, unsigned long>&, unsigned long*>(unsigned long*, unsigned long*, std::__1::__less<unsigned long, un",125.5961,25.3269,9.2068,0.0,0.4889,0.0012,0.0,0.0038,0.0,27.5636,2.1882,0.0203,0.0107,0.0038,0.49
merge__libcxx__P__alg_uset_keys_e8_nlocal_1048576_n_1114112,libcxx,P,uset,1114112,1064960,measured_call,counters.cpp,counters.cpp:measured_call [/home/user/conference-hardfest-algorithms/bench/deep/counters/build/counters_libcxx],458.9768,97.857,54.2481,0.0001,3.7727,0.3613,0.0001,1.7428,0.3612,70.6454,0.8717,3.8235,0.0,2.104,4.134
merge__libcxx__P__alg_uset_keys_e8_nlocal_1048576_n_1114112,libcxx,P,uset,1114112,1064960,__hash_table,/usr/lib/llvm-18/bin/../include/c++/v1/__hash_table,"/usr/lib/llvm-18/bin/../include/c++/v1/__hash_table:alg_uset(std::__1::vector<unsigned long, std::__1::allocator<unsigned long> >&, Ctx const&)",334.4915,64.357,37.954,0.0001,2.9637,0.3016,0.0001,1.2652,0.3015,48.616,0.8717,1.9118,0.0,1.5667,3.2652
merge__libcxx__P__alg_uset_keys_e8_nlocal_1048576_n_1114112,libcxx,P,uset,1114112,1064960,__hash_table,/usr/lib/llvm-18/bin/../include/c++/v1/__hash_table,"/usr/lib/llvm-18/bin/../include/c++/v1/__hash_table:std::__1::pair<std::__1::__hash_iterator<std::__1::__hash_node<unsigned long, void*>*>, bool> std::__1::__ha",322.958,61.4449,35.9538,0.0,1.8271,0.2391,0.0,0.616,0.239,47.4093,0.8715,1.9118,0.0,0.855,2.0662
merge__libcxx__P__alg_uset_keys_e8_nlocal_1048576_n_1114112,libcxx,P,uset,1114112,1064960,__hash_table,/usr/lib/llvm-18/bin/../include/c++/v1/new,"/usr/lib/llvm-18/bin/../include/c++/v1/new:std::__1::pair<std::__1::__hash_iterator<std::__1::__hash_node<unsigned long, void*>*>, bool> std::__1::__hash_table<",203.6172,41.1067,21.9875,0.0,0.0004,0.2391,0.0,0.0,0.239,30.5908,0.0002,1.9118,0.0,0.239,0.2395
merge__libcxx__P__alg_uset_keys_e8_nlocal_1048576_n_1114112,libcxx,P,uset,1114112,1064960,operator new,???,???:operator new(unsigned long) [???],199.794,40.1508,21.0317,0.0,0.0004,0.2391,0.0,0.0,0.239,30.5908,0.0002,0.9559,0.0,0.239,0.2395
merge__libcxx__P__alg_uset_keys_e8_nlocal_1048576_n_1114112,libcxx,P,uset,1114112,1064960,malloc,./malloc/./malloc/malloc.c,./malloc/./malloc/malloc.c:malloc [/usr/lib/x86_64-linux-gnu/libc.so.6],181.6322,36.3273,17.2082,0.0,0.0004,0.2391,0.0,0.0,0.239,29.6349,0.0002,0.0,0.0,0.239,0.2395
merge__libcxx__P__alg_uset_keys_e8_nlocal_1048576_n_1114112,libcxx,P,uset,1114112,1064960,malloc,./malloc/./malloc/malloc.c,./malloc/./malloc/malloc.c:_int_malloc [/usr/lib/x86_64-linux-gnu/libc.so.6],136.7057,24.8567,12.4287,0.0,0.0004,0.2391,0.0,0.0,0.239,20.0761,0.0002,0.0,0.0,0.239,0.2395
merge__libcxx__P__alg_uset_keys_e8_nlocal_1048576_n_1114112,libcxx,P,uset,1114112,1064960,operator delete,???,???:operator delete(void*) [/usr/lib/llvm-18/lib/libc++abi.so.1.0],108.0146,29.6323,13.3824,0.0,0.089,0.0,0.0,0.0323,0.0,19.1176,0.0,0.9559,0.0,0.0323,0.089
merge__libcxx__P__alg_uset_keys_e8_nlocal_1048576_n_1114112,libcxx,P,uset,1114112,1064960,malloc,./malloc/./malloc/malloc.c,./malloc/./malloc/malloc.c:free [/usr/lib/x86_64-linux-gnu/libc.so.6],101.3235,27.7206,12.4265,0.0,0.089,0.0,0.0,0.0323,0.0,19.1176,0.0,0.0,0.0,0.0323,0.089
merge__libcxx__P__alg_uset_keys_e8_nlocal_1048576_n_1114112,libcxx,P,uset,1114112,1064960,malloc,./malloc/./malloc/malloc.c,./malloc/./malloc/malloc.c:_int_free [/usr/lib/x86_64-linux-gnu/libc.so.6],71.691,18.1617,6.6912,0.0,0.089,0.0,0.0,0.0323,0.0,15.2941,0.0,0.0,0.0,0.0323,0.089
merge__libcxx__P__alg_uset_keys_e8_nlocal_1048576_n_1114112,libcxx,P,uset,1114112,1064960,__hash_table,/usr/lib/llvm-18/bin/../include/c++/v1/__memory/unique_ptr.h,"/usr/lib/llvm-18/bin/../include/c++/v1/__memory/unique_ptr.h:std::__1::pair<std::__1::__hash_iterator<std::__1::__hash_node<unsigned long, void*>*>, bool> std::",3.1869,2.5714,0.0,0.0,0.0,0.0,0.0,0.0,0.0,0.0,0.0,0.0,0.0,0.0,0.0
merge__libcxx__P__alg_uset_keys_e8_nlocal_1048576_n_1114112,libcxx,P,uset,1114112,1064960,rehash,/usr/lib/llvm-18/bin/../include/c++/v1/__hash_table,"/usr/lib/llvm-18/bin/../include/c++/v1/__hash_table:void std::__1::__hash_table<unsigned long, std::__1::hash<unsigned long>, std::__1::equal_to<unsigned long>,",2.7503,1.0001,1.0,0.0,0.0,0.0625,0.0,0.0,0.0625,0.2501,0.0,0.0,0.0,0.0625,0.0625
merge__libcxx__P__alg_uset_keys_e8_nlocal_1048576_n_1114112,libcxx,P,uset,1114112,1064960,__hash_table,/usr/lib/llvm-18/bin/../include/c++/v1/__memory/construct_at.h,"/usr/lib/llvm-18/bin/../include/c++/v1/__memory/construct_at.h:std::__1::pair<std::__1::__hash_iterator<std::__1::__hash_node<unsigned long, void*>*>, bool> std",1.9118,0.9559,0.9559,0.0,0.0,0.0,0.0,0.0,0.0,0.0,0.0,0.0,0.0,0.0,0.0
merge__libcxx__P__alg_uset_keys_e8_nlocal_1048576_n_1114112,libcxx,P,uset,1114112,1064960,malloc,./malloc/./malloc/morecore.c,./malloc/./malloc/morecore.c:__glibc_morecore [/usr/lib/x86_64-linux-gnu/libc.so.6],0.0039,0.001,0.0006,0.0,0.0002,0.0001,0.0,0.0,0.0,0.0007,0.0,0.0,0.0,0.0,0.0003
merge__libcxx__P__alg_uset_keys_e8_nlocal_1048576_n_1114112,libcxx,P,uset,1114112,1064960,rehash,/usr/lib/llvm-18/bin/../include/c++/v1/new,"/usr/lib/llvm-18/bin/../include/c++/v1/new:void std::__1::__hash_table<unsigned long, std::__1::hash<unsigned long>, std::__1::equal_to<unsigned long>, std::__1",0.0003,0.0001,0.0,0.0,0.0,0.0,0.0,0.0,0.0,0.0,0.0,0.0,0.0,0.0,0.0
merge__libcxx__P__alg_uset_keys_e8_nlocal_1048576_n_1114112,libcxx,P,uset,1114112,1064960,malloc,./malloc/./malloc/malloc.c,./malloc/./malloc/malloc.c:sysmalloc_mmap.isra.0 [/usr/lib/x86_64-linux-gnu/libc.so.6],0.0001,0.0,0.0,0.0,0.0,0.0,0.0,0.0,0.0,0.0,0.0,0.0,0.0,0.0,0.0
merge__libcxx__P__alg_uset_keys_e8_nlocal_1048576_n_1114112,libcxx,P,uset,1114112,1064960,__hash_table,=> /usr/lib/llvm-18/bin/../include/c++/v1/__hash_table,"=> /usr/lib/llvm-18/bin/../include/c++/v1/__hash_table:std::__1::pair<std::__1::__hash_iterator<std::__1::__hash_node<unsigned long, void*>*>, bool> std::__1::_",322.958,61.4449,35.9538,0.0,1.8271,0.2391,0.0,0.616,0.239,47.4093,0.8715,1.9118,0.0,0.855,2.0662
merge__libcxx__P__alg_uset_keys_e8_nlocal_1048576_n_1114112,libcxx,P,uset,1114112,1064960,operator new,=> ???,"=> ???:operator new(unsigned long) (1,064,960x)",199.7937,40.1508,21.0316,0.0,0.0004,0.2391,0.0,0.0,0.239,30.5908,0.0002,0.9559,0.0,0.239,0.2395
merge__libcxx__P__alg_uset_keys_e8_nlocal_1048576_n_1114112,libcxx,P,uset,1114112,1064960,operator delete,=> ???,"=> ???:operator delete(void*) (1,064,961x)",108.0146,29.6323,13.3824,0.0,0.089,0.0,0.0,0.0323,0.0,19.1176,0.0,0.9559,0.0,0.0323,0.089
merge__libcxx__X__alg_flat_keys_e8_nlocal_1048576_n_1114112,libcxx,X,flat,1114112,1064960,measured_call,counters.cpp,counters.cpp:measured_call [/home/user/conference-hardfest-algorithms/bench/deep/counters/build/counters_libcxx],113.418,18.4774,9.6414,0.0001,1.4797,1.0948,0.0001,1.0393,1.0401,13.5721,1.7439,0.0,0.0,2.0794,2.5745
merge__libcxx__X__alg_flat_keys_e8_nlocal_1048576_n_1114112,libcxx,X,flat,1114112,1064960,raw_hash_set,../../build/abseil-cpp/absl/container/internal/raw_hash_set.h,"../../build/abseil-cpp/absl/container/internal/raw_hash_set.h:alg_flat(std::__1::vector<unsigned long, std::__1::allocator<unsigned long> >&, Ctx const&)",75.1587,11.6519,6.7296,0.0001,0.0294,0.0295,0.0001,0.0206,0.0294,8.778,0.9013,0.0,0.0,0.0501,0.059
merge__libcxx__X__alg_flat_keys_e8_nlocal_1048576_n_1114112,libcxx,X,flat,1114112,1064960,raw_hash_set,/usr/lib/llvm-18/bin/../include/c++/v1/vector,"/usr/lib/llvm-18/bin/../include/c++/v1/vector:void std::__1::vector<unsigned long, std::__1::allocator<unsigned long> >::__assign_with_size[abi:ne180100]<absl::",17.4275,2.8382,0.9559,0.0,0.2614,0.1195,0.0,0.2614,0.1195,3.7941,0.8425,0.0,0.0,0.3809,0.3809
merge__libcxx__X__alg_flat_keys_e8_nlocal_1048576_n_1114112,libcxx,X,flat,1114112,1064960,raw_hash_set,../../build/abseil-cpp/absl/container/internal/hashtable_control_bytes.h,"../../build/abseil-cpp/absl/container/internal/hashtable_control_bytes.h:void std::__1::vector<unsigned long, std::__1::allocator<unsigned long> >::__assign_wit",1.8823,0.0,0.0,0.0,0.0,0.0,0.0,0.0,0.0,0.0,0.0,0.0,0.0,0.0,0.0
merge__libcxx__X__alg_flat_keys_e8_nlocal_1048576_n_1114112,libcxx,X,flat,1114112,1064960,operator new,???,???:operator new(unsigned long) [???],0.0003,0.0001,0.0,0.0,0.0,0.0,0.0,0.0,0.0,0.0,0.0,0.0,0.0,0.0,0.0
merge__libcxx__X__alg_flat_keys_e8_nlocal_1048576_n_1114112,libcxx,X,flat,1114112,1064960,malloc,./malloc/./malloc/malloc.c,./malloc/./malloc/malloc.c:malloc [/usr/lib/x86_64-linux-gnu/libc.so.6],0.0003,0.0001,0.0,0.0,0.0,0.0,0.0,0.0,0.0,0.0,0.0,0.0,0.0,0.0,0.0
merge__libcxx__X__alg_flat_keys_e8_nlocal_1048576_n_1114112,libcxx,X,flat,1114112,1064960,malloc,./malloc/./malloc/malloc.c,./malloc/./malloc/malloc.c:_int_malloc [/usr/lib/x86_64-linux-gnu/libc.so.6],0.0002,0.0,0.0,0.0,0.0,0.0,0.0,0.0,0.0,0.0,0.0,0.0,0.0,0.0,0.0
merge__libcxx__X__alg_flat_keys_e8_nlocal_1048576_n_1114112,libcxx,X,flat,1114112,1064960,malloc,./malloc/./malloc/malloc.c,./malloc/./malloc/malloc.c:sysmalloc_mmap.isra.0 [/usr/lib/x86_64-linux-gnu/libc.so.6],0.0001,0.0,0.0,0.0,0.0,0.0,0.0,0.0,0.0,0.0,0.0,0.0,0.0,0.0,0.0
merge__libcxx__X__alg_flat_keys_e8_nlocal_1048576_n_1114112,libcxx,X,flat,1114112,1064960,operator delete,???,???:operator delete(void*) [/usr/lib/llvm-18/lib/libc++abi.so.1.0],0.0001,0.0,0.0,0.0,0.0,0.0,0.0,0.0,0.0,0.0,0.0,0.0,0.0,0.0,0.0
merge__libcxx__X__alg_flat_keys_e8_nlocal_1048576_n_1114112,libcxx,X,flat,1114112,1064960,malloc,./malloc/./malloc/malloc.c,./malloc/./malloc/malloc.c:free [/usr/lib/x86_64-linux-gnu/libc.so.6],0.0001,0.0,0.0,0.0,0.0,0.0,0.0,0.0,0.0,0.0,0.0,0.0,0.0,0.0,0.0
merge__libcxx__X__alg_flat_keys_e8_nlocal_1048576_n_1114112,libcxx,X,flat,1114112,1064960,raw_hash_set,=> /usr/lib/llvm-18/bin/../include/c++/v1/vector,"=> /usr/lib/llvm-18/bin/../include/c++/v1/vector:void std::__1::vector<unsigned long, std::__1::allocator<unsigned long> >::__assign_with_size[abi:ne180100]<abs",17.4275,2.8382,0.9559,0.0,0.2614,0.1195,0.0,0.2614,0.1195,3.7941,0.8425,0.0,0.0,0.3809,0.3809
merge__libcxx__X__alg_merge_inplace_keys_e8_nlocal_1048576_n_1114112,libcxx,X,merge_inplace,1114112,1064960,measured_call,counters.cpp,counters.cpp:measured_call [/home/user/conference-hardfest-algorithms/bench/deep/counters/build/counters_libcxx],30.8985,4.1482,2.5933,0.0002,0.2869,0.2137,0.0002,0.2079,0.0037,5.3271,0.4456,0.0004,0.0003,0.2116,0.5006
merge__libcxx__X__alg_merge_inplace_keys_e8_nlocal_1048576_n_1114112,libcxx,X,merge_inplace,1114112,1064960,inplace_merge,/usr/lib/llvm-18/bin/../include/c++/v1/__algorithm/inplace_merge.h,"/usr/lib/llvm-18/bin/../include/c++/v1/__algorithm/inplace_merge.h:alg_merge_inplace(std::__1::vector<unsigned long, std::__1::allocator<unsigned long> >&, Ctx ",14.6101,1.9559,0.9853,0.0,0.125,0.1136,0.0,0.115,0.0037,1.9485,0.0,0.0,0.0,0.1187,0.2386
merge__libcxx__X__alg_merge_inplace_keys_e8_nlocal_1048576_n_1114112,libcxx,X,merge_inplace,1114112,1064960,inplace_merge,/usr/lib/llvm-18/bin/../include/c++/v1/__algorithm/inplace_merge.h,"/usr/lib/llvm-18/bin/../include/c++/v1/__algorithm/inplace_merge.h:void std::__1::__inplace_merge<std::__1::_ClassicAlgPolicy, std::__1::__less<void, void>&, st",14.6101,1.9559,0.9853,0.0,0.125,0.1136,0.0,0.115,0.0037,1.9485,0.0,0.0,0.0,0.1187,0.2386
merge__libcxx__X__alg_merge_inplace_keys_e8_nlocal_1048576_n_1114112,libcxx,X,merge_inplace,1114112,1064960,__sort,???,"???:void std::__1::__sort<std::__1::__less<unsigned long, unsigned long>&, unsigned long*>(unsigned long*, unsigned long*, std::__1::__less<unsigned long, unsig",6.1254,1.1625,0.6226,0.0,0.0338,0.0001,0.0,0.0,0.0,1.3196,0.4057,0.0004,0.0003,0.0,0.0339
merge__libcxx__X__alg_merge_inplace_keys_e8_nlocal_1048576_n_1114112,libcxx,X,merge_inplace,1114112,1064960,inplace_merge,/usr/lib/llvm-18/bin/../include/c++/v1/__iterator/wrap_iter.h,"/usr/lib/llvm-18/bin/../include/c++/v1/__iterator/wrap_iter.h:void std::__1::__inplace_merge<std::__1::_ClassicAlgPolicy, std::__1::__less<void, void>&, std::__",2.9117,0.0,0.0,0.0,0.0,0.0,0.0,0.0,0.0,0.0,0.0,0.0,0.0,0.0,0.0
merge__libcxx__X__alg_merge_inplace_keys_e8_nlocal_1048576_n_1114112,libcxx,X,merge_inplace,1114112,1064960,inplace_merge,/usr/lib/llvm-18/bin/../include/c++/v1/__iterator/reverse_iterator.h,"/usr/lib/llvm-18/bin/../include/c++/v1/__iterator/reverse_iterator.h:void std::__1::__inplace_merge<std::__1::_ClassicAlgPolicy, std::__1::__less<void, void>&, ",1.9411,0.0,0.0,0.0,0.0,0.0,0.0,0.0,0.0,0.0,0.0,0.0,0.0,0.0,0.0
merge__libcxx__X__alg_merge_inplace_keys_e8_nlocal_1048576_n_1114112,libcxx,X,merge_inplace,1114112,1064960,operator new,???,"???:operator new(unsigned long, std::nothrow_t const&) [/usr/lib/llvm-18/lib/libc++abi.so.1.0]",0.0003,0.0001,0.0,0.0,0.0,0.0,0.0,0.0,0.0,0.0001,0.0,0.0,0.0,0.0,0.0
merge__libcxx__X__alg_merge_inplace_keys_e8_nlocal_1048576_n_1114112,libcxx,X,merge_inplace,1114112,1064960,operator new,???,???:operator new(unsigned long) [???],0.0003,0.0001,0.0,0.0,0.0,0.0,0.0,0.0,0.0,0.0001,0.0,0.0,0.0,0.0,0.0
merge__libcxx__X__alg_merge_inplace_keys_e8_nlocal_1048576_n_1114112,libcxx,X,merge_inplace,1114112,1064960,malloc,./malloc/./malloc/malloc.c,./malloc/./malloc/malloc.c:malloc [/usr/lib/x86_64-linux-gnu/libc.so.6],0.0003,0.0001,0.0,0.0,0.0,0.0,0.0,0.0,0.0,0.0001,0.0,0.0,0.0,0.0,0.0
merge__libcxx__X__alg_merge_inplace_keys_e8_nlocal_1048576_n_1114112,libcxx,X,merge_inplace,1114112,1064960,malloc,./malloc/./malloc/malloc.c,./malloc/./malloc/malloc.c:_int_malloc [/usr/lib/x86_64-linux-gnu/libc.so.6],0.0003,0.0001,0.0,0.0,0.0,0.0,0.0,0.0,0.0,0.0,0.0,0.0,0.0,0.0,0.0
merge__libcxx__X__alg_merge_inplace_keys_e8_nlocal_1048576_n_1114112,libcxx,X,merge_inplace,1114112,1064960,operator delete,???,???:operator delete(void*) [/usr/lib/llvm-18/lib/libc++abi.so.1.0],0.0002,0.0,0.0,0.0,0.0,0.0,0.0,0.0,0.0,0.0,0.0,0.0,0.0,0.0,0.0
merge__libcxx__X__alg_merge_inplace_keys_e8_nlocal_1048576_n_1114112,libcxx,X,merge_inplace,1114112,1064960,malloc,./malloc/./malloc/malloc.c,./malloc/./malloc/malloc.c:free [/usr/lib/x86_64-linux-gnu/libc.so.6],0.0001,0.0,0.0,0.0,0.0,0.0,0.0,0.0,0.0,0.0,0.0,0.0,0.0,0.0,0.0
merge__libcxx__X__alg_merge_inplace_keys_e8_nlocal_1048576_n_1114112,libcxx,X,merge_inplace,1114112,1064960,malloc,./malloc/./malloc/malloc.c,./malloc/./malloc/malloc.c:_int_free [/usr/lib/x86_64-linux-gnu/libc.so.6],0.0001,0.0,0.0,0.0,0.0,0.0,0.0,0.0,0.0,0.0,0.0,0.0,0.0,0.0,0.0
merge__libcxx__X__alg_merge_inplace_keys_e8_nlocal_1048576_n_1114112,libcxx,X,merge_inplace,1114112,1064960,malloc,./malloc/./malloc/malloc.c,./malloc/./malloc/malloc.c:_int_free_merge_chunk [/usr/lib/x86_64-linux-gnu/libc.so.6],0.0001,0.0,0.0,0.0,0.0,0.0,0.0,0.0,0.0,0.0,0.0,0.0,0.0,0.0,0.0
merge__libcxx__X__alg_merge_inplace_keys_e8_nlocal_1048576_n_1114112,libcxx,X,merge_inplace,1114112,1064960,malloc,./malloc/./malloc/malloc.c,./malloc/./malloc/malloc.c:_int_free_maybe_consolidate [/usr/lib/x86_64-linux-gnu/libc.so.6],0.0,0.0,0.0,0.0,0.0,0.0,0.0,0.0,0.0,0.0,0.0,0.0,0.0,0.0,0.0
merge__libcxx__X__alg_merge_inplace_keys_e8_nlocal_1048576_n_1114112,libcxx,X,merge_inplace,1114112,1064960,__sort,=> ???,"=> ???:void std::__1::__sort<std::__1::__less<unsigned long, unsigned long>&, unsigned long*>(unsigned long*, unsigned long*, std::__1::__less<unsigned long, un",6.1254,1.1625,0.6226,0.0,0.0338,0.0001,0.0,0.0,0.0,1.3196,0.4057,0.0004,0.0003,0.0,0.0339
merge__libcxx__X__alg_merge_inplace_keys_e8_nlocal_1048576_n_1114112,libcxx,X,merge_inplace,1114112,1064960,operator delete,=> ???,=> ???:operator delete(void*) (1x),0.0002,0.0,0.0,0.0,0.0,0.0,0.0,0.0,0.0,0.0,0.0,0.0,0.0,0.0,0.0
merge__libcxx__X__alg_merge_inplace_keys_e8_nlocal_1048576_n_1114112,libcxx,X,merge_inplace,1114112,1064960,unique,,<counts for unidentified lines in /usr/lib/llvm-18/bin/../include/c++/v1/__algorithm/unique.h>,0.0,0.0,0.0,0.0,0.0,0.0,0.0,0.0,0.0,0.0,0.0,0.0,0.0,0.0,0.0
merge__libcxx__X__alg_merge_inplace_keys_e8_nlocal_1048576_n_1114112,libcxx,X,merge_inplace,1114112,1064960,operator new,=> ???,"=> ???:operator new(unsigned long, std::nothrow_t const&) (1x)",0.0003,0.0001,0.0,0.0,0.0,0.0,0.0,0.0,0.0,0.0001,0.0,0.0,0.0,0.0,0.0
merge__libcxx__X__alg_merge_inplace_keys_e8_nlocal_1048576_n_1114112,libcxx,X,merge_inplace,1114112,1064960,inplace_merge,=> /usr/lib/llvm-18/bin/../include/c++/v1/__algorithm/inplace_merge.h,"=> /usr/lib/llvm-18/bin/../include/c++/v1/__algorithm/inplace_merge.h:void std::__1::__inplace_merge<std::__1::_ClassicAlgPolicy, std::__1::__less<void, void>&,",14.6101,1.9559,0.9853,0.0,0.125,0.1136,0.0,0.115,0.0037,1.9485,0.0,0.0,0.0,0.1187,0.2386
merge__libcxx__X__alg_merge_union_keys_e8_nlocal_1048576_n_1114112,libcxx,X,merge_union,1114112,1064960,measured_call,counters.cpp,counters.cpp:measured_call [/home/user/conference-hardfest-algorithms/bench/deep/counters/build/counters_libcxx],49.5814,14.6037,9.255,0.0001,0.1625,0.1229,0.0001,0.121,0.1195,5.2608,0.4458,0.0004,0.0003,0.2405,0.2853
merge__libcxx__X__alg_merge_union_keys_e8_nlocal_1048576_n_1114112,libcxx,X,merge_union,1114112,1064960,__sort,???,"???:void std::__1::__sort<std::__1::__less<unsigned long, unsigned long>&, unsigned long*>(unsigned long*, unsigned long*, std::__1::__less<unsigned long, unsig",6.1254,1.1625,0.6226,0.0,0.0338,0.0001,0.0,0.0,0.0,1.3196,0.4057,0.0004,0.0003,0.0,0.0339
merge__libcxx__X__alg_merge_union_keys_e8_nlocal_1048576_n_1114112,libcxx,X,merge_union,1114112,1064960,operator new,???,???:operator new(unsigned long) [???],0.0003,0.0001,0.0,0.0,0.0,0.0,0.0,0.0,0.0,0.0,0.0,0.0,0.0,0.0,0.0
merge__libcxx__X__alg_merge_union_keys_e8_nlocal_1048576_n_1114112,libcxx,X,merge_union,1114112,1064960,malloc,./malloc/./malloc/malloc.c,./malloc/./malloc/malloc.c:malloc [/usr/lib/x86_64-linux-gnu/libc.so.6],0.0003,0.0001,0.0,0.0,0.0,0.0,0.0,0.0,0.0,0.0,0.0,0.0,0.0,0.0,0.0
merge__libcxx__X__alg_merge_union_keys_e8_nlocal_1048576_n_1114112,libcxx,X,merge_union,1114112,1064960,malloc,./malloc/./malloc/malloc.c,./malloc/./malloc/malloc.c:_int_malloc [/usr/lib/x86_64-linux-gnu/libc.so.6],0.0002,0.0,0.0,0.0,0.0,0.0,0.0,0.0,0.0,0.0,0.0,0.0,0.0,0.0,0.0
merge__libcxx__X__alg_merge_union_keys_e8_nlocal_1048576_n_1114112,libcxx,X,merge_union,1114112,1064960,malloc,./malloc/./malloc/malloc.c,./malloc/./malloc/malloc.c:sysmalloc_mmap.isra.0 [/usr/lib/x86_64-linux-gnu/libc.so.6],0.0001,0.0,0.0,0.0,0.0,0.0,0.0,0.0,0.0,0.0,0.0,0.0,0.0,0.0,0.0
merge__libcxx__X__alg_merge_union_keys_e8_nlocal_1048576_n_1114112,libcxx,X,merge_union,1114112,1064960,set_union,,<counts for unidentified lines in /usr/lib/llvm-18/bin/../include/c++/v1/__algorithm/set_union.h>,0.9559,0.9559,0.0,0.0,0.0,0.0,0.0,0.0,0.0,0.0,0.0,0.0,0.0,0.0,0.0
merge__libcxx__X__alg_merge_union_keys_e8_nlocal_1048576_n_1114112,libcxx,X,merge_union,1114112,1064960,__sort,=> ???,"=> ???:void std::__1::__sort<std::__1::__less<unsigned long, unsigned long>&, unsigned long*>(unsigned long*, unsigned long*, std::__1::__less<unsigned long, un",6.1254,1.1625,0.6226,0.0,0.0338,0.0001,0.0,0.0,0.0,1.3196,0.4057,0.0004,0.0003,0.0,0.0339
merge__libcxx__X__alg_merge_union_keys_e8_nlocal_1048576_n_1114112,libcxx,X,merge_union,1114112,1064960,unique,,<counts for unidentified lines in /usr/lib/llvm-18/bin/../include/c++/v1/__algorithm/unique.h>,0.0,0.0,0.0,0.0,0.0,0.0,0.0,0.0,0.0,0.0,0.0,0.0,0.0,0.0,0.0
merge__libcxx__X__alg_merge_union_keys_e8_nlocal_1048576_n_1114112,libcxx,X,merge_union,1114112,1064960,operator new,=> ???,=> ???:operator new(unsigned long) (1x),0.0003,0.0001,0.0,0.0,0.0,0.0,0.0,0.0,0.0,0.0,0.0,0.0,0.0,0.0,0.0
merge__libcxx__X__alg_radix_keys_e8_nlocal_1048576_n_1114112,libcxx,X,radix,1114112,1064960,measured_call,counters.cpp,counters.cpp:measured_call [/home/user/conference-hardfest-algorithms/bench/deep/counters/build/counters_libcxx],108.8836,18.0024,24.9654,0.0001,1.2503,1.157,0.0001,1.242,0.9955,7.008,0.0445,0.0,0.0,2.2375,2.4073
merge__libcxx__X__alg_radix_keys_e8_nlocal_1048576_n_1114112,libcxx,X,radix,1114112,1064960,unique,/usr/lib/llvm-18/bin/../include/c++/v1/__memory/unique_ptr.h,"/usr/lib/llvm-18/bin/../include/c++/v1/__memory/unique_ptr.h:alg_radix(std::__1::vector<unsigned long, std::__1::allocator<unsigned long> >&, Ctx const&)",0.0007,0.0002,0.0001,0.0,0.0001,0.0,0.0,0.0001,0.0,0.0001,0.0,0.0,0.0,0.0001,0.0001
merge__libcxx__X__alg_radix_keys_e8_nlocal_1048576_n_1114112,libcxx,X,radix,1114112,1064960,operator new,???,???:operator new[](unsigned long) [???],0.0003,0.0001,0.0,0.0,0.0,0.0,0.0,0.0,0.0,0.0,0.0,0.0,0.0,0.0,0.0
merge__libcxx__X__alg_radix_keys_e8_nlocal_1048576_n_1114112,libcxx,X,radix,1114112,1064960,operator new,???,???:operator new(unsigned long) [???],0.0003,0.0001,0.0,0.0,0.0,0.0,0.0,0.0,0.0,0.0,0.0,0.0,0.0,0.0,0.0
merge__libcxx__X__alg_radix_keys_e8_nlocal_1048576_n_1114112,libcxx,X,radix,1114112,1064960,malloc,./malloc/./malloc/malloc.c,./malloc/./malloc/malloc.c:malloc [/usr/lib/x86_64-linux-gnu/libc.so.6],0.0003,0.0001,0.0,0.0,0.0,0.0,0.0,0.0,0.0,0.0,0.0,0.0,0.0,0.0,0.0
merge__libcxx__X__alg_radix_keys_e8_nlocal_1048576_n_1114112,libcxx,X,radix,1114112,1064960,malloc,./malloc/./malloc/malloc.c,./malloc/./malloc/malloc.c:_int_malloc [/usr/lib/x86_64-linux-gnu/libc.so.6],0.0002,0.0,0.0,0.0,0.0,0.0,0.0,0.0,0.0,0.0,0.0,0.0,0.0,0.0,0.0
merge__libcxx__X__alg_radix_keys_e8_nlocal_1048576_n_1114112,libcxx,X,radix,1114112,1064960,malloc,./malloc/./malloc/malloc.c,./malloc/./malloc/malloc.c:sysmalloc_mmap.isra.0 [/usr/lib/x86_64-linux-gnu/libc.so.6],0.0001,0.0,0.0,0.0,0.0,0.0,0.0,0.0,0.0,0.0,0.0,0.0,0.0,0.0,0.0
merge__libcxx__X__alg_radix_keys_e8_nlocal_1048576_n_1114112,libcxx,X,radix,1114112,1064960,operator new,=> ???,=> ???:operator new[](unsigned long) (1x),0.0003,0.0001,0.0,0.0,0.0,0.0,0.0,0.0,0.0,0.0,0.0,0.0,0.0,0.0,0.0
merge__libcxx__X__alg_sort_keys_e8_nlocal_1048576_n_1114112,libcxx,X,sort,1114112,1064960,measured_call,counters.cpp,counters.cpp:measured_call [/home/user/conference-hardfest-algorithms/bench/deep/counters/build/counters_libcxx],135.4637,26.327,10.1627,0.0,1.3043,0.1165,0.0,0.5538,0.0002,29.5636,2.2325,0.0203,0.0107,0.554,1.4208
merge__libcxx__X__alg_sort_keys_e8_nlocal_1048576_n_1114112,libcxx,X,sort,1114112,1064960,__sort,???,"???:void std::__1::__sort<std::__1::__less<unsigned long, unsigned long>&, unsigned long*>(unsigned long*, unsigned long*, std::__1::__less<unsigned long, unsig",125.5961,25.3269,9.2068,0.0,1.1792,0.0048,0.0,0.4288,0.0002,27.5636,2.1882,0.0203,0.0107,0.429,1.1841
merge__libcxx__X__alg_sort_keys_e8_nlocal_1048576_n_1114112,libcxx,X,sort,1114112,1064960,__sort,=> ???,"=> ???:void std::__1::__sort<std::__1::__less<unsigned long, unsigned long>&, unsigned long*>(unsigned long*, unsigned long*, std::__1::__less<unsigned long, un",125.5961,25.3269,9.2068,0.0,1.1792,0.0048,0.0,0.4288,0.0002,27.5636,2.1882,0.0203,0.0107,0.429,1.1841
merge__libcxx__X__alg_uset_keys_e8_nlocal_1048576_n_1114112,libcxx,X,uset,1114112,1064960,measured_call,counters.cpp,counters.cpp:measured_call [/home/user/conference-hardfest-algorithms/bench/deep/counters/build/counters_libcxx],458.9768,97.857,54.2481,0.0002,4.7826,0.7226,0.0002,4.4792,0.7225,70.6454,0.8717,3.8235,0.0,5.2018,5.5052
merge__libcxx__X__alg_uset_keys_e8_nlocal_1048576_n_1114112,libcxx,X,uset,1114112,1064960,__hash_table,/usr/lib/llvm-18/bin/../include/c++/v1/__hash_table,"/usr/lib/llvm-18/bin/../include/c++/v1/__hash_table:alg_uset(std::__1::vector<unsigned long, std::__1::allocator<unsigned long> >&, Ctx const&)",334.4915,64.357,37.954,0.0002,3.4978,0.6031,0.0002,3.2447,0.603,48.616,0.8717,1.9118,0.0,3.8477,4.1009
merge__libcxx__X__alg_uset_keys_e8_nlocal_1048576_n_1114112,libcxx,X,uset,1114112,1064960,__hash_table,/usr/lib/llvm-18/bin/../include/c++/v1/__hash_table,"/usr/lib/llvm-18/bin/../include/c++/v1/__hash_table:std::__1::pair<std::__1::__hash_iterator<std::__1::__hash_node<unsigned long, void*>*>, bool> std::__1::__ha",322.958,61.4449,35.9538,0.0,2.0133,0.4781,0.0,1.814,0.478,47.4093,0.8715,1.9118,0.0,2.292,2.4914
merge__libcxx__X__alg_uset_keys_e8_nlocal_1048576_n_1114112,libcxx,X,uset,1114112,1064960,__hash_table,/usr/lib/llvm-18/bin/../include/c++/v1/new,"/usr/lib/llvm-18/bin/../include/c++/v1/new:std::__1::pair<std::__1::__hash_iterator<std::__1::__hash_node<unsigned long, void*>*>, bool> std::__1::__hash_table<",203.6172,41.1067,21.9875,0.0,0.0005,0.4781,0.0,0.0002,0.478,30.5908,0.0002,1.9118,0.0,0.4782,0.4786
merge__libcxx__X__alg_uset_keys_e8_nlocal_1048576_n_1114112,libcxx,X,uset,1114112,1064960,operator new,???,???:operator new(unsigned long) [???],199.794,40.1508,21.0317,0.0001,0.0005,0.4781,0.0001,0.0002,0.478,30.5908,0.0002,0.9559,0.0,0.4782,0.4786
merge__libcxx__X__alg_uset_keys_e8_nlocal_1048576_n_1114112,libcxx,X,uset,1114112,1064960,malloc,./malloc/./malloc/malloc.c,./malloc/./malloc/malloc.c:malloc [/usr/lib/x86_64-linux-gnu/libc.so.6],181.6322,36.3273,17.2082,0.0001,0.0005,0.4781,0.0001,0.0002,0.478,29.6349,0.0002,0.0,0.0,0.4782,0.4786
merge__libcxx__X__alg_uset_keys_e8_nlocal_1048576_n_1114112,libcxx,X,uset,1114112,1064960,malloc,./malloc/./malloc/malloc.c,./malloc/./malloc/malloc.c:_int_malloc [/usr/lib/x86_64-linux-gnu/libc.so.6],136.7057,24.8567,12.4287,0.0001,0.0005,0.4781,0.0001,0.0002,0.478,20.0761,0.0002,0.0,0.0,0.4782,0.4786
merge__libcxx__X__alg_uset_keys_e8_nlocal_1048576_n_1114112,libcxx,X,uset,1114112,1064960,operator delete,???,???:operator delete(void*) [/usr/lib/llvm-18/lib/libc++abi.so.1.0],108.0146,29.6323,13.3824,0.0,0.2088,0.0,0.0,0.1951,0.0,19.1176,0.0,0.9559,0.0,0.1951,0.2088
merge__libcxx__X__alg_uset_keys_e8_nlocal_1048576_n_1114112,libcxx,X,uset,1114112,1064960,malloc,./malloc/./malloc/malloc.c,./malloc/./malloc/malloc.c:free [/usr/lib/x86_64-linux-gnu/libc.so.6],101.3235,27.7206,12.4265,0.0,0.2088,0.0,0.0,0.1951,0.0,19.1176,0.0,0.0,0.0,0.1951,0.2088
merge__libcxx__X__alg_uset_keys_e8_nlocal_1048576_n_1114112,libcxx,X,uset,1114112,1064960,malloc,./malloc/./malloc/malloc.c,./malloc/./malloc/malloc.c:_int_free [/usr/lib/x86_64-linux-gnu/libc.so.6],71.691,18.1617,6.6912,0.0,0.2088,0.0,0.0,0.1951,0.0,15.2941,0.0,0.0,0.0,0.1951,0.2088
merge__libcxx__X__alg_uset_keys_e8_nlocal_1048576_n_1114112,libcxx,X,uset,1114112,1064960,rehash,/usr/lib/llvm-18/bin/../include/c++/v1/__hash_table,"/usr/lib/llvm-18/bin/../include/c++/v1/__hash_table:void std::__1::__hash_table<unsigned long, std::__1::hash<unsigned long>, std::__1::equal_to<unsigned long>,",2.7503,1.0001,1.0,0.0,0.0,0.125,0.0,0.0,0.125,0.2501,0.0,0.0,0.0,0.125,0.125
merge__libcxx__X__alg_uset_keys_e8_nlocal_1048576_n_1114112,libcxx,X,uset,1114112,1064960,__hash_table,/usr/lib/llvm-18/bin/../include/c++/v1/__memory/construct_at.h,"/usr/lib/llvm-18/bin/../include/c++/v1/__memory/construct_at.h:std::__1::pair<std::__1::__hash_iterator<std::__1::__hash_node<unsigned long, void*>*>, bool> std",1.9118,0.9559,0.9559,0.0,0.0,0.0,0.0,0.0,0.0,0.0,0.0,0.0,0.0,0.0,0.0
merge__libcxx__X__alg_uset_keys_e8_nlocal_1048576_n_1114112,libcxx,X,uset,1114112,1064960,malloc,./malloc/./malloc/morecore.c,./malloc/./malloc/morecore.c:__glibc_morecore [/usr/lib/x86_64-linux-gnu/libc.so.6],0.0039,0.001,0.0006,0.0,0.0003,0.0001,0.0,0.0001,0.0,0.0007,0.0,0.0,0.0,0.0001,0.0004
merge__libcxx__X__alg_uset_keys_e8_nlocal_1048576_n_1114112,libcxx,X,uset,1114112,1064960,malloc,./malloc/./malloc/malloc.c,./malloc/./malloc/malloc.c:sysmalloc_mmap_fallback.constprop.0 [/usr/lib/x86_64-linux-gnu/libc.so.6],0.0023,0.0005,0.0004,0.0,0.0,0.0,0.0,0.0,0.0,0.0003,0.0,0.0,0.0,0.0,0.0
merge__libcxx__X__alg_uset_keys_e8_nlocal_1048576_n_1114112,libcxx,X,uset,1114112,1064960,rehash,/usr/lib/llvm-18/bin/../include/c++/v1/new,"/usr/lib/llvm-18/bin/../include/c++/v1/new:void std::__1::__hash_table<unsigned long, std::__1::hash<unsigned long>, std::__1::equal_to<unsigned long>, std::__1",0.0003,0.0001,0.0,0.0,0.0,0.0,0.0,0.0,0.0,0.0,0.0,0.0,0.0,0.0,0.0
merge__libcxx__X__alg_uset_keys_e8_nlocal_1048576_n_1114112,libcxx,X,uset,1114112,1064960,malloc,./malloc/./malloc/malloc.c,./malloc/./malloc/malloc.c:sysmalloc_mmap.isra.0 [/usr/lib/x86_64-linux-gnu/libc.so.6],0.0001,0.0,0.0,0.0,0.0,0.0,0.0,0.0,0.0,0.0,0.0,0.0,0.0,0.0,0.0
merge__libcxx__X__alg_uset_keys_e8_nlocal_1048576_n_1114112,libcxx,X,uset,1114112,1064960,operator new,=> ???,"=> ???:operator new(unsigned long) (1,064,960x)",199.7937,40.1508,21.0316,0.0,0.0005,0.4781,0.0,0.0002,0.478,30.5908,0.0002,0.9559,0.0,0.4782,0.4786
merge__libcxx__X__alg_uset_keys_e8_nlocal_1048576_n_1114112,libcxx,X,uset,1114112,1064960,operator delete,=> ???,"=> ???:operator delete(void*) (1,064,961x)",108.0146,29.6323,13.3824,0.0,0.2088,0.0,0.0,0.1951,0.0,19.1176,0.0,0.9559,0.0,0.1951,0.2088
merge__libcxx__X__alg_uset_keys_e8_nlocal_1048576_n_1114112,libcxx,X,uset,1114112,1064960,__hash_table,=> /usr/lib/llvm-18/bin/../include/c++/v1/__hash_table,"=> /usr/lib/llvm-18/bin/../include/c++/v1/__hash_table:std::__1::pair<std::__1::__hash_iterator<std::__1::__hash_node<unsigned long, void*>*>, bool> std::__1::_",322.958,61.4449,35.9538,0.0,2.0133,0.4781,0.0,1.814,0.478,47.4093,0.8715,1.9118,0.0,2.292,2.4914
